sample_id,latency_us,synthetic_bucket,overrun_100us,synthetic,evidence_eligible
1,12.141308,core_stable,False,True,False
2,12.571657,core_stable,False,True,False
3,16.313542,interrupt_delay,False,True,False
4,12.43081,core_stable,False,True,False
5,12.325905,core_stable,False,True,False
6,12.541647,core_stable,False,True,False
7,12.423474,core_stable,False,True,False
8,12.763454,core_stable,False,True,False
9,12.618606,core_stable,False,True,False
10,12.188918,core_stable,False,True,False
11,12.404001,core_stable,False,True,False
12,12.336067,core_stable,False,True,False
13,12.05001,core_stable,False,True,False
14,12.427476,core_stable,False,True,False
15,12.525108,core_stable,False,True,False
16,14.098798,branch_miss,False,True,False
17,14.026666,branch_miss,False,True,False
18,12.064653,core_stable,False,True,False
19,12.133067,core_stable,False,True,False
20,17.410147,worst_case_protection_path,False,True,False
21,12.180836,core_stable,False,True,False
22,12.223485,core_stable,False,True,False
23,12.05161,core_stable,False,True,False
24,13.937702,branch_miss,False,True,False
25,12.239008,core_stable,False,True,False
26,12.587396,core_stable,False,True,False
27,12.502701,core_stable,False,True,False
28,15.850403,interrupt_delay,False,True,False
29,13.288419,cache_memory_jitter,False,True,False
30,12.297499,core_stable,False,True,False
31,12.63061,core_stable,False,True,False
32,12.042569,core_stable,False,True,False
33,12.015043,core_stable,False,True,False
34,12.09866,core_stable,False,True,False
35,12.145789,core_stable,False,True,False
36,12.071054,core_stable,False,True,False
37,12.782794,core_stable,False,True,False
38,13.602287,branch_miss,False,True,False
39,12.060492,core_stable,False,True,False
40,12.877867,cache_memory_jitter,False,True,False
41,12.34911,core_stable,False,True,False
42,12.633411,core_stable,False,True,False
43,14.701579,interrupt_delay,False,True,False
44,12.75025,core_stable,False,True,False
45,12.436412,core_stable,False,True,False
46,12.141148,core_stable,False,True,False
47,12.39816,core_stable,False,True,False
48,12.478293,core_stable,False,True,False
49,17.942439,worst_case_protection_path,False,True,False
50,12.117063,core_stable,False,True,False
51,12.215563,core_stable,False,True,False
52,13.501302,branch_miss,False,True,False
53,12.158832,core_stable,False,True,False
54,12.235087,core_stable,False,True,False
55,12.932514,cache_memory_jitter,False,True,False
56,12.285097,core_stable,False,True,False
57,12.29894,core_stable,False,True,False
58,13.297526,cache_memory_jitter,False,True,False
59,13.2667,cache_memory_jitter,False,True,False
60,12.197319,core_stable,False,True,False
61,14.65346,interrupt_delay,False,True,False
62,13.473377,cache_memory_jitter,False,True,False
63,12.645282,core_stable,False,True,False
64,13.172119,cache_memory_jitter,False,True,False
65,12.004561,core_stable,False,True,False
66,12.069614,core_stable,False,True,False
67,12.615405,core_stable,False,True,False
68,12.347429,core_stable,False,True,False
69,12.673558,core_stable,False,True,False
70,12.707302,core_stable,False,True,False
71,12.65942,core_stable,False,True,False
72,12.70917,core_stable,False,True,False
73,12.043209,core_stable,False,True,False
74,12.161072,core_stable,False,True,False
75,13.36058,cache_memory_jitter,False,True,False
76,12.691164,core_stable,False,True,False
77,12.240368,core_stable,False,True,False
78,12.176515,core_stable,False,True,False
79,12.203161,core_stable,False,True,False
80,12.065453,core_stable,False,True,False
81,12.064253,core_stable,False,True,False
82,12.530977,core_stable,False,True,False
83,12.314463,core_stable,False,True,False
84,12.219804,core_stable,False,True,False
85,13.069831,cache_memory_jitter,False,True,False
86,12.105781,core_stable,False,True,False
87,15.808299,interrupt_delay,False,True,False
88,12.280456,core_stable,False,True,False
89,12.316303,core_stable,False,True,False
90,12.057772,core_stable,False,True,False
91,12.068894,core_stable,False,True,False
92,13.508515,branch_miss,False,True,False
93,12.231246,core_stable,False,True,False
94,12.62861,core_stable,False,True,False
95,12.235247,core_stable,False,True,False
96,12.256771,core_stable,False,True,False
97,12.142749,core_stable,False,True,False
98,12.163873,core_stable,False,True,False
99,12.521907,core_stable,False,True,False
100,12.09762,core_stable,False,True,False
101,12.93952,cache_memory_jitter,False,True,False
102,12.126905,core_stable,False,True,False
103,12.603535,core_stable,False,True,False
104,12.408803,core_stable,False,True,False
105,12.444815,core_stable,False,True,False
106,12.602734,core_stable,False,True,False
107,12.30238,core_stable,False,True,False
108,12.645815,core_stable,False,True,False
109,12.256051,core_stable,False,True,False
110,12.414005,core_stable,False,True,False
111,12.313983,core_stable,False,True,False
112,12.715438,core_stable,False,True,False
113,12.00128,core_stable,False,True,False
114,12.206521,core_stable,False,True,False
115,12.389278,core_stable,False,True,False
116,12.355511,core_stable,False,True,False
117,12.419607,core_stable,False,True,False
118,12.255731,core_stable,False,True,False
119,13.156005,cache_memory_jitter,False,True,False
120,12.177315,core_stable,False,True,False
121,13.573434,branch_miss,False,True,False
122,12.185237,core_stable,False,True,False
123,14.876008,interrupt_delay,False,True,False
124,14.008632,branch_miss,False,True,False
125,12.223965,core_stable,False,True,False
126,12.204441,core_stable,False,True,False
127,13.120274,cache_memory_jitter,False,True,False
128,12.335347,core_stable,False,True,False
129,12.14755,core_stable,False,True,False
130,12.345749,core_stable,False,True,False
131,12.180276,core_stable,False,True,False
132,12.552851,core_stable,False,True,False
133,12.346789,core_stable,False,True,False
134,16.517271,worst_case_protection_path,False,True,False
135,12.395919,core_stable,False,True,False
136,13.187532,cache_memory_jitter,False,True,False
137,12.054731,core_stable,False,True,False
138,12.930412,cache_memory_jitter,False,True,False
139,12.172595,core_stable,False,True,False
140,12.320144,core_stable,False,True,False
141,12.441214,core_stable,False,True,False
142,12.214203,core_stable,False,True,False
143,12.274935,core_stable,False,True,False
144,12.026725,core_stable,False,True,False
145,12.124825,core_stable,False,True,False
146,12.74038,core_stable,False,True,False
147,12.068654,core_stable,False,True,False
148,12.287257,core_stable,False,True,False
149,12.157952,core_stable,False,True,False
150,15.513575,interrupt_delay,False,True,False
151,12.027686,core_stable,False,True,False
152,12.368874,core_stable,False,True,False
153,12.414138,core_stable,False,True,False
154,12.243649,core_stable,False,True,False
155,12.027606,core_stable,False,True,False
156,12.695298,core_stable,False,True,False
157,13.666004,branch_miss,False,True,False
158,12.186757,core_stable,False,True,False
159,12.108022,core_stable,False,True,False
160,13.628736,branch_miss,False,True,False
161,12.732111,core_stable,False,True,False
162,12.354871,core_stable,False,True,False
163,12.075215,core_stable,False,True,False
164,12.09986,core_stable,False,True,False
165,12.263333,core_stable,False,True,False
166,12.537913,core_stable,False,True,False
167,12.570457,core_stable,False,True,False
168,12.227325,core_stable,False,True,False
169,17.71922,worst_case_protection_path,False,True,False
170,13.47618,cache_memory_jitter,False,True,False
171,12.596599,core_stable,False,True,False
172,12.648483,core_stable,False,True,False
173,14.041092,branch_miss,False,True,False
174,12.059772,core_stable,False,True,False
175,12.154271,core_stable,False,True,False
176,12.027846,core_stable,False,True,False
177,13.24358,cache_memory_jitter,False,True,False
178,12.139148,core_stable,False,True,False
179,12.366553,core_stable,False,True,False
180,12.459887,core_stable,False,True,False
181,13.18543,cache_memory_jitter,False,True,False
182,14.00743,branch_miss,False,True,False
183,12.353831,core_stable,False,True,False
184,12.209482,core_stable,False,True,False
185,13.008178,cache_memory_jitter,False,True,False
186,12.058332,core_stable,False,True,False
187,12.450283,core_stable,False,True,False
188,12.173235,core_stable,False,True,False
189,12.212042,core_stable,False,True,False
190,12.593798,core_stable,False,True,False
191,13.159508,cache_memory_jitter,False,True,False
192,12.061932,core_stable,False,True,False
193,12.58006,core_stable,False,True,False
194,12.445749,core_stable,False,True,False
195,12.242609,core_stable,False,True,False
196,12.39944,core_stable,False,True,False
197,12.442948,core_stable,False,True,False
198,12.116983,core_stable,False,True,False
199,12.095619,core_stable,False,True,False
200,12.136507,core_stable,False,True,False
201,12.356071,core_stable,False,True,False
202,12.624208,core_stable,False,True,False
203,12.735579,core_stable,False,True,False
204,13.959342,branch_miss,False,True,False
205,16.22332,interrupt_delay,False,True,False
206,12.09954,core_stable,False,True,False
207,12.48096,core_stable,False,True,False
208,13.303131,cache_memory_jitter,False,True,False
209,12.524975,core_stable,False,True,False
210,12.039848,core_stable,False,True,False
211,12.277495,core_stable,False,True,False
212,12.279656,core_stable,False,True,False
213,12.34943,core_stable,False,True,False
214,12.558586,core_stable,False,True,False
215,12.3976,core_stable,False,True,False
216,15.579738,interrupt_delay,False,True,False
217,12.140428,core_stable,False,True,False
218,12.318144,core_stable,False,True,False
219,12.346869,core_stable,False,True,False
220,12.642614,core_stable,False,True,False
221,12.146349,core_stable,False,True,False
222,12.795999,core_stable,False,True,False
223,13.851144,branch_miss,False,True,False
224,12.09914,core_stable,False,True,False
225,12.127706,core_stable,False,True,False
226,12.434011,core_stable,False,True,False
227,12.245169,core_stable,False,True,False
228,12.554051,core_stable,False,True,False
229,12.013683,core_stable,False,True,False
230,12.005761,core_stable,False,True,False
231,12.15043,core_stable,False,True,False
232,12.138348,core_stable,False,True,False
233,12.305581,core_stable,False,True,False
234,12.104821,core_stable,False,True,False
235,14.090382,branch_miss,False,True,False
236,12.072014,core_stable,False,True,False
237,12.033287,core_stable,False,True,False
238,12.631544,core_stable,False,True,False
239,12.727976,core_stable,False,True,False
240,12.609136,core_stable,False,True,False
241,12.019764,core_stable,False,True,False
242,12.420273,core_stable,False,True,False
243,12.409203,core_stable,False,True,False
244,14.66549,interrupt_delay,False,True,False
245,12.453751,core_stable,False,True,False
246,13.221862,cache_memory_jitter,False,True,False
247,13.57103,branch_miss,False,True,False
248,12.834429,cache_memory_jitter,False,True,False
249,13.107664,cache_memory_jitter,False,True,False
250,12.356551,core_stable,False,True,False
251,12.234607,core_stable,False,True,False
252,13.160909,cache_memory_jitter,False,True,False
253,12.345029,core_stable,False,True,False
254,12.276375,core_stable,False,True,False
255,12.631144,core_stable,False,True,False
256,12.113063,core_stable,False,True,False
257,12.440947,core_stable,False,True,False
258,12.357512,core_stable,False,True,False
259,12.41894,core_stable,False,True,False
260,12.032086,core_stable,False,True,False
261,12.601134,core_stable,False,True,False
262,13.042508,cache_memory_jitter,False,True,False
263,12.573658,core_stable,False,True,False
264,13.239377,cache_memory_jitter,False,True,False
265,12.372635,core_stable,False,True,False
266,12.210282,core_stable,False,True,False
267,12.55045,core_stable,False,True,False
268,12.29862,core_stable,False,True,False
269,12.124985,core_stable,False,True,False
270,13.357778,cache_memory_jitter,False,True,False
271,12.143789,core_stable,False,True,False
272,12.458286,core_stable,False,True,False
273,13.272305,cache_memory_jitter,False,True,False
274,12.211482,core_stable,False,True,False
275,17.805074,worst_case_protection_path,False,True,False
276,12.219164,core_stable,False,True,False
277,12.384637,core_stable,False,True,False
278,12.045529,core_stable,False,True,False
279,12.05057,core_stable,False,True,False
280,12.223005,core_stable,False,True,False
281,13.1497,cache_memory_jitter,False,True,False
282,12.09922,core_stable,False,True,False
283,12.276855,core_stable,False,True,False
284,12.520974,core_stable,False,True,False
285,12.713971,core_stable,False,True,False
286,12.291178,core_stable,False,True,False
287,12.581661,core_stable,False,True,False
288,12.30118,core_stable,False,True,False
289,12.134667,core_stable,False,True,False
290,12.165393,core_stable,False,True,False
291,13.495796,cache_memory_jitter,False,True,False
292,12.553251,core_stable,False,True,False
293,12.540313,core_stable,False,True,False
294,12.579793,core_stable,False,True,False
295,12.192118,core_stable,False,True,False
296,12.218604,core_stable,False,True,False
297,12.707969,core_stable,False,True,False
298,12.191638,core_stable,False,True,False
299,12.424542,core_stable,False,True,False
300,12.395839,core_stable,False,True,False
301,13.228167,cache_memory_jitter,False,True,False
302,12.074575,core_stable,False,True,False
303,13.742945,branch_miss,False,True,False
304,13.629938,branch_miss,False,True,False
305,17.307123,worst_case_protection_path,False,True,False
306,12.163313,core_stable,False,True,False
307,12.738246,core_stable,False,True,False
308,14.629401,interrupt_delay,False,True,False
309,16.427823,interrupt_delay,False,True,False
310,12.245569,core_stable,False,True,False
311,15.038407,interrupt_delay,False,True,False
312,12.217243,core_stable,False,True,False
313,12.305821,core_stable,False,True,False
314,12.445348,core_stable,False,True,False
315,12.00136,core_stable,False,True,False
316,12.624608,core_stable,False,True,False
317,14.406854,interrupt_delay,False,True,False
318,12.818316,cache_memory_jitter,False,True,False
319,12.056091,core_stable,False,True,False
320,12.318304,core_stable,False,True,False
321,12.693565,core_stable,False,True,False
322,12.108422,core_stable,False,True,False
323,14.725638,interrupt_delay,False,True,False
324,12.624875,core_stable,False,True,False
325,12.345509,core_stable,False,True,False
326,12.530844,core_stable,False,True,False
327,12.106341,core_stable,False,True,False
328,12.295579,core_stable,False,True,False
329,12.033127,core_stable,False,True,False
330,12.238528,core_stable,False,True,False
331,12.1009,core_stable,False,True,False
332,12.223565,core_stable,False,True,False
333,12.130586,core_stable,False,True,False
334,12.588329,core_stable,False,True,False
335,12.48963,core_stable,False,True,False
336,12.931813,cache_memory_jitter,False,True,False
337,13.942511,branch_miss,False,True,False
338,12.493631,core_stable,False,True,False
339,12.193079,core_stable,False,True,False
340,13.747754,branch_miss,False,True,False
341,12.419206,core_stable,False,True,False
342,12.382476,core_stable,False,True,False
343,12.183637,core_stable,False,True,False
344,12.186117,core_stable,False,True,False
345,12.094019,core_stable,False,True,False
346,12.019684,core_stable,False,True,False
347,13.198041,cache_memory_jitter,False,True,False
348,12.023445,core_stable,False,True,False
349,13.130083,cache_memory_jitter,False,True,False
350,12.444948,core_stable,False,True,False
351,12.64128,core_stable,False,True,False
352,12.467089,core_stable,False,True,False
353,12.14963,core_stable,False,True,False
354,12.705168,core_stable,False,True,False
355,12.313903,core_stable,False,True,False
356,16.048891,interrupt_delay,False,True,False
357,12.475358,core_stable,False,True,False
358,13.214155,cache_memory_jitter,False,True,False
359,12.228446,core_stable,False,True,False
360,12.892579,cache_memory_jitter,False,True,False
361,12.343749,core_stable,False,True,False
362,12.04777,core_stable,False,True,False
363,12.239968,core_stable,False,True,False
364,12.371114,core_stable,False,True,False
365,12.30182,core_stable,False,True,False
366,12.071534,core_stable,False,True,False
367,12.188998,core_stable,False,True,False
368,12.05249,core_stable,False,True,False
369,12.435879,core_stable,False,True,False
370,12.406402,core_stable,False,True,False
371,12.153871,core_stable,False,True,False
372,12.678359,core_stable,False,True,False
373,14.743682,interrupt_delay,False,True,False
374,12.022244,core_stable,False,True,False
375,12.640347,core_stable,False,True,False
376,12.258772,core_stable,False,True,False
377,12.385757,core_stable,False,True,False
378,12.373995,core_stable,False,True,False
379,12.747983,core_stable,False,True,False
380,12.687563,core_stable,False,True,False
381,12.09898,core_stable,False,True,False
382,12.334227,core_stable,False,True,False
383,15.651915,interrupt_delay,False,True,False
384,12.219244,core_stable,False,True,False
385,12.191478,core_stable,False,True,False
386,12.258052,core_stable,False,True,False
387,12.009042,core_stable,False,True,False
388,12.189398,core_stable,False,True,False
389,13.09155,cache_memory_jitter,False,True,False
390,12.743581,core_stable,False,True,False
391,12.144669,core_stable,False,True,False
392,12.735979,core_stable,False,True,False
393,12.831627,cache_memory_jitter,False,True,False
394,12.353351,core_stable,False,True,False
395,12.067774,core_stable,False,True,False
396,12.231806,core_stable,False,True,False
397,16.307527,interrupt_delay,False,True,False
398,12.582861,core_stable,False,True,False
399,12.073295,core_stable,False,True,False
400,13.864368,branch_miss,False,True,False
401,12.711571,core_stable,False,True,False
402,13.031298,cache_memory_jitter,False,True,False
403,12.376875,core_stable,False,True,False
404,12.580327,core_stable,False,True,False
405,12.253971,core_stable,False,True,False
406,12.210042,core_stable,False,True,False
407,12.602201,core_stable,False,True,False
408,12.05129,core_stable,False,True,False
409,12.426275,core_stable,False,True,False
410,15.423353,interrupt_delay,False,True,False
411,12.322625,core_stable,False,True,False
412,16.259409,interrupt_delay,False,True,False
413,15.609812,interrupt_delay,False,True,False
414,12.558319,core_stable,False,True,False
415,12.293499,core_stable,False,True,False
416,12.011442,core_stable,False,True,False
417,12.172114,core_stable,False,True,False
418,16.421808,interrupt_delay,False,True,False
419,12.240608,core_stable,False,True,False
420,14.984274,interrupt_delay,False,True,False
421,12.644481,core_stable,False,True,False
422,14.52715,interrupt_delay,False,True,False
423,12.195559,core_stable,False,True,False
424,12.340228,core_stable,False,True,False
425,12.136267,core_stable,False,True,False
426,12.285737,core_stable,False,True,False
427,12.234927,core_stable,False,True,False
428,16.5,interrupt_delay,False,True,False
429,13.943713,branch_miss,False,True,False
430,12.044809,core_stable,False,True,False
431,12.29902,core_stable,False,True,False
432,12.421207,core_stable,False,True,False
433,13.454461,cache_memory_jitter,False,True,False
434,12.324625,core_stable,False,True,False
435,12.008482,core_stable,False,True,False
436,12.497899,core_stable,False,True,False
437,12.211722,core_stable,False,True,False
438,12.495899,core_stable,False,True,False
439,13.007478,cache_memory_jitter,False,True,False
440,13.113268,cache_memory_jitter,False,True,False
441,13.456563,cache_memory_jitter,False,True,False
442,12.567256,core_stable,False,True,False
443,12.664221,core_stable,False,True,False
444,12.15139,core_stable,False,True,False
445,14.072349,branch_miss,False,True,False
446,16.826343,worst_case_protection_path,False,True,False
447,12.217323,core_stable,False,True,False
448,13.141292,cache_memory_jitter,False,True,False
449,12.05209,core_stable,False,True,False
450,13.568626,branch_miss,False,True,False
451,12.646882,core_stable,False,True,False
452,12.727442,core_stable,False,True,False
453,12.762521,core_stable,False,True,False
454,12.25141,core_stable,False,True,False
455,12.786129,core_stable,False,True,False
456,12.432811,core_stable,False,True,False
457,12.494431,core_stable,False,True,False
458,12.308702,core_stable,False,True,False
459,12.765722,core_stable,False,True,False
460,12.996969,cache_memory_jitter,False,True,False
461,12.563655,core_stable,False,True,False
462,12.133627,core_stable,False,True,False
463,12.263253,core_stable,False,True,False
464,12.710504,core_stable,False,True,False
465,12.891178,cache_memory_jitter,False,True,False
466,12.303181,core_stable,False,True,False
467,12.327746,core_stable,False,True,False
468,12.732644,core_stable,False,True,False
469,12.357431,core_stable,False,True,False
470,12.273815,core_stable,False,True,False
471,16.98088,worst_case_protection_path,False,True,False
472,12.46082,core_stable,False,True,False
473,12.04801,core_stable,False,True,False
474,15.93461,interrupt_delay,False,True,False
475,12.338708,core_stable,False,True,False
476,12.052811,core_stable,False,True,False
477,12.145309,core_stable,False,True,False
478,12.211242,core_stable,False,True,False
479,12.256691,core_stable,False,True,False
480,12.734912,core_stable,False,True,False
481,12.017203,core_stable,False,True,False
482,12.43001,core_stable,False,True,False
483,12.0004,core_stable,False,True,False
484,12.313183,core_stable,False,True,False
485,16.585954,worst_case_protection_path,False,True,False
486,12.705969,core_stable,False,True,False
487,12.059692,core_stable,False,True,False
488,12.384397,core_stable,False,True,False
489,12.289338,core_stable,False,True,False
490,12.480427,core_stable,False,True,False
491,12.293019,core_stable,False,True,False
492,12.010002,core_stable,False,True,False
493,12.243969,core_stable,False,True,False
494,12.701167,core_stable,False,True,False
495,12.688363,core_stable,False,True,False
496,12.670757,core_stable,False,True,False
497,12.032486,core_stable,False,True,False
498,12.260772,core_stable,False,True,False
499,12.121704,core_stable,False,True,False
500,12.737579,core_stable,False,True,False
501,12.232206,core_stable,False,True,False
502,12.427342,core_stable,False,True,False
503,12.68943,core_stable,False,True,False
504,12.701701,core_stable,False,True,False
505,12.220124,core_stable,False,True,False
506,14.821874,interrupt_delay,False,True,False
507,12.634878,core_stable,False,True,False
508,12.133227,core_stable,False,True,False
509,12.307902,core_stable,False,True,False
510,12.336547,core_stable,False,True,False
511,12.042969,core_stable,False,True,False
512,15.531619,interrupt_delay,False,True,False
513,12.314863,core_stable,False,True,False
514,12.075615,core_stable,False,True,False
515,14.069945,branch_miss,False,True,False
516,12.040728,core_stable,False,True,False
517,12.768256,core_stable,False,True,False
518,12.256451,core_stable,False,True,False
519,13.186832,cache_memory_jitter,False,True,False
520,12.319664,core_stable,False,True,False
521,12.507903,core_stable,False,True,False
522,15.742137,interrupt_delay,False,True,False
523,13.705677,branch_miss,False,True,False
524,12.557519,core_stable,False,True,False
525,13.401215,cache_memory_jitter,False,True,False
526,12.533378,core_stable,False,True,False
527,12.323905,core_stable,False,True,False
528,12.519507,core_stable,False,True,False
529,12.851244,cache_memory_jitter,False,True,False
530,12.205001,core_stable,False,True,False
531,12.162913,core_stable,False,True,False
532,13.31294,cache_memory_jitter,False,True,False
533,12.424942,core_stable,False,True,False
534,13.328353,cache_memory_jitter,False,True,False
535,12.10066,core_stable,False,True,False
536,12.507369,core_stable,False,True,False
537,17.547513,worst_case_protection_path,False,True,False
538,12.065213,core_stable,False,True,False
539,12.369194,core_stable,False,True,False
540,12.587129,core_stable,False,True,False
541,12.094899,core_stable,False,True,False
542,12.423208,core_stable,False,True,False
543,12.105381,core_stable,False,True,False
544,12.381516,core_stable,False,True,False
545,12.305501,core_stable,False,True,False
546,12.117383,core_stable,False,True,False
547,13.230969,cache_memory_jitter,False,True,False
548,12.236767,core_stable,False,True,False
549,13.971364,branch_miss,False,True,False
550,12.195239,core_stable,False,True,False
551,12.010082,core_stable,False,True,False
552,12.50897,core_stable,False,True,False
553,12.914998,cache_memory_jitter,False,True,False
554,12.263013,core_stable,False,True,False
555,12.177876,core_stable,False,True,False
556,12.968244,cache_memory_jitter,False,True,False
557,12.654218,core_stable,False,True,False
558,14.017048,branch_miss,False,True,False
559,12.793598,core_stable,False,True,False
560,12.622608,core_stable,False,True,False
561,12.499366,core_stable,False,True,False
562,15.892507,interrupt_delay,False,True,False
563,12.464155,core_stable,False,True,False
564,12.744115,core_stable,False,True,False
565,12.374875,core_stable,False,True,False
566,12.527643,core_stable,False,True,False
567,12.338788,core_stable,False,True,False
568,12.265253,core_stable,False,True,False
569,13.140592,cache_memory_jitter,False,True,False
570,12.758653,core_stable,False,True,False
571,14.906081,interrupt_delay,False,True,False
572,12.136827,core_stable,False,True,False
573,12.24781,core_stable,False,True,False
574,12.124025,core_stable,False,True,False
575,12.122985,core_stable,False,True,False
576,12.24893,core_stable,False,True,False
577,12.926208,cache_memory_jitter,False,True,False
578,12.644882,core_stable,False,True,False
579,12.34983,core_stable,False,True,False
580,14.647446,interrupt_delay,False,True,False
581,12.769323,core_stable,False,True,False
582,12.255571,core_stable,False,True,False
583,12.023365,core_stable,False,True,False
584,12.761721,core_stable,False,True,False
585,12.223725,core_stable,False,True,False
586,12.010242,core_stable,False,True,False
587,12.171394,core_stable,False,True,False
588,12.233807,core_stable,False,True,False
589,12.362392,core_stable,False,True,False
590,12.886974,cache_memory_jitter,False,True,False
591,12.00024,core_stable,False,True,False
592,12.2995,core_stable,False,True,False
593,12.232607,core_stable,False,True,False
594,12.073615,core_stable,False,True,False
595,12.554318,core_stable,False,True,False
596,12.476425,core_stable,False,True,False
597,12.238608,core_stable,False,True,False
598,12.34847,core_stable,False,True,False
599,12.131146,core_stable,False,True,False
600,12.719573,core_stable,False,True,False
601,12.483628,core_stable,False,True,False
602,12.322384,core_stable,False,True,False
603,12.056971,core_stable,False,True,False
604,12.243569,core_stable,False,True,False
605,12.473091,core_stable,False,True,False
606,14.857963,interrupt_delay,False,True,False
607,12.385597,core_stable,False,True,False
608,12.654752,core_stable,False,True,False
609,13.017286,cache_memory_jitter,False,True,False
610,12.203481,core_stable,False,True,False
611,12.797199,core_stable,False,True,False
612,12.808507,cache_memory_jitter,False,True,False
613,12.55912,core_stable,False,True,False
614,12.750517,core_stable,False,True,False
615,12.141628,core_stable,False,True,False
616,12.507102,core_stable,False,True,False
617,14.382795,interrupt_delay,False,True,False
618,12.504168,core_stable,False,True,False
619,12.770657,core_stable,False,True,False
620,12.338548,core_stable,False,True,False
621,12.035367,core_stable,False,True,False
622,12.380396,core_stable,False,True,False
623,12.458419,core_stable,False,True,False
624,12.333027,core_stable,False,True,False
625,14.551209,interrupt_delay,False,True,False
626,12.082817,core_stable,False,True,False
627,12.178276,core_stable,False,True,False
628,12.290298,core_stable,False,True,False
629,12.664888,core_stable,False,True,False
630,12.478826,core_stable,False,True,False
631,12.559253,core_stable,False,True,False
632,12.154191,core_stable,False,True,False
633,12.30142,core_stable,False,True,False
634,12.674892,core_stable,False,True,False
635,12.415739,core_stable,False,True,False
636,12.536312,core_stable,False,True,False
637,13.320646,cache_memory_jitter,False,True,False
638,12.403468,core_stable,False,True,False
639,12.067373,core_stable,False,True,False
640,12.388718,core_stable,False,True,False
641,12.113463,core_stable,False,True,False
642,12.309902,core_stable,False,True,False
643,12.285497,core_stable,False,True,False
644,12.382396,core_stable,False,True,False
645,14.226411,interrupt_delay,False,True,False
646,12.00232,core_stable,False,True,False
647,12.343509,core_stable,False,True,False
648,14.063934,branch_miss,False,True,False
649,12.269974,core_stable,False,True,False
650,12.062573,core_stable,False,True,False
651,12.244369,core_stable,False,True,False
652,12.910094,cache_memory_jitter,False,True,False
653,12.130186,core_stable,False,True,False
654,12.080416,core_stable,False,True,False
655,12.037528,core_stable,False,True,False
656,12.357111,core_stable,False,True,False
657,12.569657,core_stable,False,True,False
658,12.247169,core_stable,False,True,False
659,12.14979,core_stable,False,True,False
660,12.135227,core_stable,False,True,False
661,12.565122,core_stable,False,True,False
662,12.096259,core_stable,False,True,False
663,13.389305,cache_memory_jitter,False,True,False
664,12.681961,core_stable,False,True,False
665,12.282857,core_stable,False,True,False
666,13.346568,cache_memory_jitter,False,True,False
667,12.035847,core_stable,False,True,False
668,12.242448,core_stable,False,True,False
669,12.545649,core_stable,False,True,False
670,12.582461,core_stable,False,True,False
671,12.1017,core_stable,False,True,False
672,12.026085,core_stable,False,True,False
673,12.511904,core_stable,False,True,False
674,12.129546,core_stable,False,True,False
675,12.503635,core_stable,False,True,False
676,12.113303,core_stable,False,True,False
677,12.653951,core_stable,False,True,False
678,12.247009,core_stable,False,True,False
679,12.233327,core_stable,False,True,False
680,12.240448,core_stable,False,True,False
681,12.639013,core_stable,False,True,False
682,12.367273,core_stable,False,True,False
683,12.036727,core_stable,False,True,False
684,12.891879,cache_memory_jitter,False,True,False
685,12.34855,core_stable,False,True,False
686,12.09834,core_stable,False,True,False
687,15.002318,interrupt_delay,False,True,False
688,17.427318,worst_case_protection_path,False,True,False
689,12.565522,core_stable,False,True,False
690,13.466371,cache_memory_jitter,False,True,False
691,12.191158,core_stable,False,True,False
692,12.507769,core_stable,False,True,False
693,12.702768,core_stable,False,True,False
694,12.683561,core_stable,False,True,False
695,12.563121,core_stable,False,True,False
696,12.068014,core_stable,False,True,False
697,12.060412,core_stable,False,True,False
698,14.298588,interrupt_delay,False,True,False
699,12.557119,core_stable,False,True,False
700,12.326625,core_stable,False,True,False
701,12.065533,core_stable,False,True,False
702,13.633545,branch_miss,False,True,False
703,12.318944,core_stable,False,True,False
704,12.424408,core_stable,False,True,False
705,12.550584,core_stable,False,True,False
706,12.161872,core_stable,False,True,False
707,13.35988,cache_memory_jitter,False,True,False
708,12.371434,core_stable,False,True,False
709,12.695432,core_stable,False,True,False
710,12.401867,core_stable,False,True,False
711,12.787062,core_stable,False,True,False
712,12.235727,core_stable,False,True,False
713,12.799466,core_stable,False,True,False
714,12.35071,core_stable,False,True,False
715,12.140188,core_stable,False,True,False
716,12.040888,core_stable,False,True,False
717,12.715705,core_stable,False,True,False
718,12.062092,core_stable,False,True,False
719,12.060572,core_stable,False,True,False
720,12.242048,core_stable,False,True,False
721,13.154604,cache_memory_jitter,False,True,False
722,12.396879,core_stable,False,True,False
723,12.102501,core_stable,False,True,False
724,12.384077,core_stable,False,True,False
725,12.021044,core_stable,False,True,False
726,12.005681,core_stable,False,True,False
727,12.322705,core_stable,False,True,False
728,12.750117,core_stable,False,True,False
729,12.107942,core_stable,False,True,False
730,12.359432,core_stable,False,True,False
731,12.063293,core_stable,False,True,False
732,12.14867,core_stable,False,True,False
733,12.160512,core_stable,False,True,False
734,12.055371,core_stable,False,True,False
735,12.499767,core_stable,False,True,False
736,12.431611,core_stable,False,True,False
737,16.103024,interrupt_delay,False,True,False
738,13.053017,cache_memory_jitter,False,True,False
739,13.089448,cache_memory_jitter,False,True,False
740,12.776259,core_stable,False,True,False
741,15.188776,interrupt_delay,False,True,False
742,12.287738,core_stable,False,True,False
743,12.296379,core_stable,False,True,False
744,12.189078,core_stable,False,True,False
745,12.771457,core_stable,False,True,False
746,13.546986,branch_miss,False,True,False
747,12.135707,core_stable,False,True,False
748,14.533165,interrupt_delay,False,True,False
749,13.493695,cache_memory_jitter,False,True,False
750,12.395359,core_stable,False,True,False
751,12.64048,core_stable,False,True,False
752,12.079936,core_stable,False,True,False
753,12.226205,core_stable,False,True,False
754,12.230526,core_stable,False,True,False
755,12.406802,core_stable,False,True,False
756,12.985759,cache_memory_jitter,False,True,False
757,12.065933,core_stable,False,True,False
758,12.44975,core_stable,False,True,False
759,12.084497,core_stable,False,True,False
760,12.253091,core_stable,False,True,False
761,12.485495,core_stable,False,True,False
762,13.706879,branch_miss,False,True,False
763,12.142108,core_stable,False,True,False
764,12.136907,core_stable,False,True,False
765,14.033879,branch_miss,False,True,False
766,12.734245,core_stable,False,True,False
767,12.0012,core_stable,False,True,False
768,12.142028,core_stable,False,True,False
769,12.678493,core_stable,False,True,False
770,12.179636,core_stable,False,True,False
771,12.664755,core_stable,False,True,False
772,12.645682,core_stable,False,True,False
773,17.118245,worst_case_protection_path,False,True,False
774,13.931691,branch_miss,False,True,False
775,12.10074,core_stable,False,True,False
776,12.407069,core_stable,False,True,False
777,12.261012,core_stable,False,True,False
778,12.789997,core_stable,False,True,False
779,13.055819,cache_memory_jitter,False,True,False
780,13.740541,branch_miss,False,True,False
781,12.267974,core_stable,False,True,False
782,14.51512,interrupt_delay,False,True,False
783,12.194119,core_stable,False,True,False
784,12.340308,core_stable,False,True,False
785,12.681561,core_stable,False,True,False
786,12.673691,core_stable,False,True,False
787,12.145549,core_stable,False,True,False
788,12.477893,core_stable,False,True,False
789,13.410323,cache_memory_jitter,False,True,False
790,15.555678,interrupt_delay,False,True,False
791,12.089378,core_stable,False,True,False
792,12.255651,core_stable,False,True,False
793,12.759186,core_stable,False,True,False
794,13.108364,cache_memory_jitter,False,True,False
795,12.229086,core_stable,False,True,False
796,12.557386,core_stable,False,True,False
797,12.545515,core_stable,False,True,False
798,12.097459,core_stable,False,True,False
799,12.666222,core_stable,False,True,False
800,12.260692,core_stable,False,True,False
801,12.10234,core_stable,False,True,False
802,15.21885,interrupt_delay,False,True,False
803,12.259172,core_stable,False,True,False
804,12.766656,core_stable,False,True,False
805,12.782661,core_stable,False,True,False
806,12.556185,core_stable,False,True,False
807,12.2991,core_stable,False,True,False
808,12.265013,core_stable,False,True,False
809,12.290618,core_stable,False,True,False
810,12.50857,core_stable,False,True,False
811,16.060921,interrupt_delay,False,True,False
812,12.660353,core_stable,False,True,False
813,12.103301,core_stable,False,True,False
814,12.40867,core_stable,False,True,False
815,12.331906,core_stable,False,True,False
816,12.103861,core_stable,False,True,False
817,12.475092,core_stable,False,True,False
818,12.596999,core_stable,False,True,False
819,12.240688,core_stable,False,True,False
820,12.229886,core_stable,False,True,False
821,12.615272,core_stable,False,True,False
822,12.169154,core_stable,False,True,False
823,12.364473,core_stable,False,True,False
824,12.551784,core_stable,False,True,False
825,12.615805,core_stable,False,True,False
826,12.163953,core_stable,False,True,False
827,12.837932,cache_memory_jitter,False,True,False
828,12.016563,core_stable,False,True,False
829,12.35135,core_stable,False,True,False
830,12.19956,core_stable,False,True,False
831,12.042809,core_stable,False,True,False
832,12.372074,core_stable,False,True,False
833,12.124105,core_stable,False,True,False
834,13.561412,branch_miss,False,True,False
835,12.15243,core_stable,False,True,False
836,13.932894,branch_miss,False,True,False
837,12.797466,core_stable,False,True,False
838,12.25197,core_stable,False,True,False
839,12.671157,core_stable,False,True,False
840,12.254211,core_stable,False,True,False
841,12.679426,core_stable,False,True,False
842,12.264133,core_stable,False,True,False
843,12.116903,core_stable,False,True,False
844,12.618473,core_stable,False,True,False
845,12.014323,core_stable,False,True,False
846,12.990663,cache_memory_jitter,False,True,False
847,12.498166,core_stable,False,True,False
848,12.933915,cache_memory_jitter,False,True,False
849,12.15027,core_stable,False,True,False
850,12.775859,core_stable,False,True,False
851,12.026645,core_stable,False,True,False
852,12.810609,cache_memory_jitter,False,True,False
853,12.721974,core_stable,False,True,False
854,12.057371,core_stable,False,True,False
855,12.136107,core_stable,False,True,False
856,12.236607,core_stable,False,True,False
857,12.469757,core_stable,False,True,False
858,12.134027,core_stable,False,True,False
859,12.617539,core_stable,False,True,False
860,12.19884,core_stable,False,True,False
861,12.220924,core_stable,False,True,False
862,15.639885,interrupt_delay,False,True,False
863,12.826723,cache_memory_jitter,False,True,False
864,12.052971,core_stable,False,True,False
865,12.137467,core_stable,False,True,False
866,14.05071,branch_miss,False,True,False
867,12.334787,core_stable,False,True,False
868,12.408136,core_stable,False,True,False
869,12.623008,core_stable,False,True,False
870,12.644748,core_stable,False,True,False
871,12.755185,core_stable,False,True,False
872,12.136667,core_stable,False,True,False
873,12.325345,core_stable,False,True,False
874,12.587663,core_stable,False,True,False
875,12.009202,core_stable,False,True,False
876,14.074754,branch_miss,False,True,False
877,12.00104,core_stable,False,True,False
878,12.061692,core_stable,False,True,False
879,12.258132,core_stable,False,True,False
880,12.384557,core_stable,False,True,False
881,12.243329,core_stable,False,True,False
882,12.289738,core_stable,False,True,False
883,12.2987,core_stable,False,True,False
884,12.723174,core_stable,False,True,False
885,12.09906,core_stable,False,True,False
886,12.763188,core_stable,False,True,False
887,12.365753,core_stable,False,True,False
888,15.886492,interrupt_delay,False,True,False
889,12.361752,core_stable,False,True,False
890,12.281976,core_stable,False,True,False
891,12.137548,core_stable,False,True,False
892,12.396319,core_stable,False,True,False
893,12.921304,cache_memory_jitter,False,True,False
894,12.036167,core_stable,False,True,False
895,13.331856,cache_memory_jitter,False,True,False
896,13.353574,cache_memory_jitter,False,True,False
897,14.006228,branch_miss,False,True,False
898,12.755585,core_stable,False,True,False
899,12.517639,core_stable,False,True,False
900,12.079616,core_stable,False,True,False
901,12.114023,core_stable,False,True,False
902,12.512171,core_stable,False,True,False
903,13.548188,branch_miss,False,True,False
904,12.211562,core_stable,False,True,False
905,12.278616,core_stable,False,True,False
906,12.161472,core_stable,False,True,False
907,12.481761,core_stable,False,True,False
908,12.118744,core_stable,False,True,False
909,13.311538,cache_memory_jitter,False,True,False
910,12.218284,core_stable,False,True,False
911,12.554185,core_stable,False,True,False
912,13.242179,cache_memory_jitter,False,True,False
913,12.692364,core_stable,False,True,False
914,12.121304,core_stable,False,True,False
915,12.789063,core_stable,False,True,False
916,12.389358,core_stable,False,True,False
917,12.165553,core_stable,False,True,False
918,12.626609,core_stable,False,True,False
919,12.489096,core_stable,False,True,False
920,13.836717,branch_miss,False,True,False
921,12.187958,core_stable,False,True,False
922,12.173875,core_stable,False,True,False
923,12.593531,core_stable,False,True,False
924,12.120504,core_stable,False,True,False
925,12.130746,core_stable,False,True,False
926,12.410804,core_stable,False,True,False
927,13.492293,cache_memory_jitter,False,True,False
928,12.541914,core_stable,False,True,False
929,13.690048,branch_miss,False,True,False
930,12.057051,core_stable,False,True,False
931,12.79013,core_stable,False,True,False
932,12.748916,core_stable,False,True,False
933,12.473224,core_stable,False,True,False
934,15.982728,interrupt_delay,False,True,False
935,12.791464,core_stable,False,True,False
936,12.424808,core_stable,False,True,False
937,12.166913,core_stable,False,True,False
938,12.126665,core_stable,False,True,False
939,12.175315,core_stable,False,True,False
940,12.359272,core_stable,False,True,False
941,12.176835,core_stable,False,True,False
942,12.772257,core_stable,False,True,False
943,13.298227,cache_memory_jitter,False,True,False
944,12.04793,core_stable,False,True,False
945,12.447216,core_stable,False,True,False
946,13.168616,cache_memory_jitter,False,True,False
947,12.146429,core_stable,False,True,False
948,12.896783,cache_memory_jitter,False,True,False
949,12.120744,core_stable,False,True,False
950,12.176035,core_stable,False,True,False
951,12.631944,core_stable,False,True,False
952,13.381598,cache_memory_jitter,False,True,False
953,12.230606,core_stable,False,True,False
954,13.157406,cache_memory_jitter,False,True,False
955,12.434145,core_stable,False,True,False
956,12.438146,core_stable,False,True,False
957,12.571124,core_stable,False,True,False
958,12.19844,core_stable,False,True,False
959,12.462821,core_stable,False,True,False
960,12.35087,core_stable,False,True,False
961,12.539913,core_stable,False,True,False
962,12.501634,core_stable,False,True,False
963,12.774391,core_stable,False,True,False
964,16.757661,worst_case_protection_path,False,True,False
965,12.162993,core_stable,False,True,False
966,12.384317,core_stable,False,True,False
967,12.783995,core_stable,False,True,False
968,12.275495,core_stable,False,True,False
969,12.359512,core_stable,False,True,False
970,15.928595,interrupt_delay,False,True,False
971,12.323505,core_stable,False,True,False
972,12.596866,core_stable,False,True,False
973,12.444015,core_stable,False,True,False
974,12.272454,core_stable,False,True,False
975,12.204921,core_stable,False,True,False
976,12.143549,core_stable,False,True,False
977,12.00152,core_stable,False,True,False
978,12.144589,core_stable,False,True,False
979,13.8271,branch_miss,False,True,False
980,12.00064,core_stable,False,True,False
981,12.181396,core_stable,False,True,False
982,12.627142,core_stable,False,True,False
983,12.39752,core_stable,False,True,False
984,12.270774,core_stable,False,True,False
985,12.019444,core_stable,False,True,False
986,12.010482,core_stable,False,True,False
987,12.721707,core_stable,False,True,False
988,12.261572,core_stable,False,True,False
989,12.995568,cache_memory_jitter,False,True,False
990,13.11467,cache_memory_jitter,False,True,False
991,12.213163,core_stable,False,True,False
992,12.65862,core_stable,False,True,False
993,12.603668,core_stable,False,True,False
994,12.64008,core_stable,False,True,False
995,12.272535,core_stable,False,True,False
996,12.09938,core_stable,False,True,False
997,12.216763,core_stable,False,True,False
998,13.118173,cache_memory_jitter,False,True,False
999,12.402267,core_stable,False,True,False
1000,15.718078,interrupt_delay,False,True,False
1001,13.086646,cache_memory_jitter,False,True,False
1002,12.911495,cache_memory_jitter,False,True,False
1003,12.534712,core_stable,False,True,False
1004,12.067133,core_stable,False,True,False
1005,12.543781,core_stable,False,True,False
1006,12.021364,core_stable,False,True,False
1007,12.018564,core_stable,False,True,False
1008,12.55872,core_stable,False,True,False
1009,12.576192,core_stable,False,True,False
1010,12.230766,core_stable,False,True,False
1011,13.469174,cache_memory_jitter,False,True,False
1012,12.247089,core_stable,False,True,False
1013,12.070574,core_stable,False,True,False
1014,12.187397,core_stable,False,True,False
1015,13.926883,branch_miss,False,True,False
1016,12.031686,core_stable,False,True,False
1017,12.723308,core_stable,False,True,False
1018,12.896082,cache_memory_jitter,False,True,False
1019,12.598466,core_stable,False,True,False
1020,12.170754,core_stable,False,True,False
1021,12.49123,core_stable,False,True,False
1022,12.340068,core_stable,False,True,False
1023,13.054418,cache_memory_jitter,False,True,False
1024,12.142909,core_stable,False,True,False
1025,12.494565,core_stable,False,True,False
1026,12.282056,core_stable,False,True,False
1027,12.560854,core_stable,False,True,False
1028,13.32485,cache_memory_jitter,False,True,False
1029,12.344229,core_stable,False,True,False
1030,12.377996,core_stable,False,True,False
1031,13.593872,branch_miss,False,True,False
1032,12.559653,core_stable,False,True,False
1033,13.077538,cache_memory_jitter,False,True,False
1034,12.656752,core_stable,False,True,False
1035,12.35063,core_stable,False,True,False
1036,12.446949,core_stable,False,True,False
1037,12.34935,core_stable,False,True,False
1038,12.207802,core_stable,False,True,False
1039,13.824695,branch_miss,False,True,False
1040,12.192438,core_stable,False,True,False
1041,12.245889,core_stable,False,True,False
1042,12.075775,core_stable,False,True,False
1043,12.034167,core_stable,False,True,False
1044,12.241968,core_stable,False,True,False
1045,16.115054,interrupt_delay,False,True,False
1046,12.478026,core_stable,False,True,False
1047,12.340628,core_stable,False,True,False
1048,12.378716,core_stable,False,True,False
1049,12.702101,core_stable,False,True,False
1050,12.326465,core_stable,False,True,False
1051,12.106821,core_stable,False,True,False
1052,12.092258,core_stable,False,True,False
1053,14.000217,branch_miss,False,True,False
1054,12.15179,core_stable,False,True,False
1055,12.342549,core_stable,False,True,False
1056,12.173715,core_stable,False,True,False
1057,12.212603,core_stable,False,True,False
1058,12.080016,core_stable,False,True,False
1059,12.035607,core_stable,False,True,False
1060,12.091298,core_stable,False,True,False
1061,15.285013,interrupt_delay,False,True,False
1062,12.326145,core_stable,False,True,False
1063,12.383517,core_stable,False,True,False
1064,12.022965,core_stable,False,True,False
1065,12.328146,core_stable,False,True,False
1066,12.381996,core_stable,False,True,False
1067,12.366073,core_stable,False,True,False
1068,12.371914,core_stable,False,True,False
1069,12.061372,core_stable,False,True,False
1070,12.091378,core_stable,False,True,False
1071,12.795065,core_stable,False,True,False
1072,13.771798,branch_miss,False,True,False
1073,12.404401,core_stable,False,True,False
1074,12.214923,core_stable,False,True,False
1075,12.482027,core_stable,False,True,False
1076,12.167954,core_stable,False,True,False
1077,12.054011,core_stable,False,True,False
1078,12.513771,core_stable,False,True,False
1079,12.343429,core_stable,False,True,False
1080,12.397119,core_stable,False,True,False
1081,12.558453,core_stable,False,True,False
1082,12.015203,core_stable,False,True,False
1083,12.470824,core_stable,False,True,False
1084,12.005841,core_stable,False,True,False
1085,12.68116,core_stable,False,True,False
1086,12.082657,core_stable,False,True,False
1087,15.086525,interrupt_delay,False,True,False
1088,12.723975,core_stable,False,True,False
1089,12.263093,core_stable,False,True,False
1090,12.531911,core_stable,False,True,False
1091,12.520173,core_stable,False,True,False
1092,12.155631,core_stable,False,True,False
1093,12.798533,core_stable,False,True,False
1094,12.540714,core_stable,False,True,False
1095,13.053717,cache_memory_jitter,False,True,False
1096,17.753562,worst_case_protection_path,False,True,False
1097,12.282456,core_stable,False,True,False
1098,12.030326,core_stable,False,True,False
1099,12.086577,core_stable,False,True,False
1100,12.204521,core_stable,False,True,False
1101,12.117143,core_stable,False,True,False
1102,12.130426,core_stable,False,True,False
1103,14.575268,interrupt_delay,False,True,False
1104,12.006161,core_stable,False,True,False
1105,12.310302,core_stable,False,True,False
1106,12.005121,core_stable,False,True,False
1107,12.425609,core_stable,False,True,False
1108,12.225405,core_stable,False,True,False
1109,12.280536,core_stable,False,True,False
1110,12.742114,core_stable,False,True,False
1111,12.267413,core_stable,False,True,False
1112,12.314063,core_stable,False,True,False
1113,12.087618,core_stable,False,True,False
1114,13.099957,cache_memory_jitter,False,True,False
1115,12.106421,core_stable,False,True,False
1116,12.190038,core_stable,False,True,False
1117,12.10042,core_stable,False,True,False
1118,12.076895,core_stable,False,True,False
1119,13.22046,cache_memory_jitter,False,True,False
1120,12.222605,core_stable,False,True,False
1121,12.42094,core_stable,False,True,False
1122,12.143629,core_stable,False,True,False
1123,12.650884,core_stable,False,True,False
1124,12.556452,core_stable,False,True,False
1125,13.23167,cache_memory_jitter,False,True,False
1126,12.576859,core_stable,False,True,False
1127,12.058092,core_stable,False,True,False
1128,12.221644,core_stable,False,True,False
1129,12.395279,core_stable,False,True,False
1130,12.240288,core_stable,False,True,False
1131,12.859651,cache_memory_jitter,False,True,False
1132,12.496966,core_stable,False,True,False
1133,12.287097,core_stable,False,True,False
1134,13.848739,branch_miss,False,True,False
1135,12.30078,core_stable,False,True,False
1136,12.14947,core_stable,False,True,False
1137,12.567923,core_stable,False,True,False
1138,12.081536,core_stable,False,True,False
1139,12.433478,core_stable,False,True,False
1140,12.125545,core_stable,False,True,False
1141,12.030166,core_stable,False,True,False
1142,12.378236,core_stable,False,True,False
1143,13.100658,cache_memory_jitter,False,True,False
1144,12.304541,core_stable,False,True,False
1145,12.370314,core_stable,False,True,False
1146,12.534311,core_stable,False,True,False
1147,12.500433,core_stable,False,True,False
1148,12.184357,core_stable,False,True,False
1149,12.19788,core_stable,False,True,False
1150,12.464555,core_stable,False,True,False
1151,15.272983,interrupt_delay,False,True,False
1152,12.259732,core_stable,False,True,False
1153,12.543248,core_stable,False,True,False
1154,12.850543,cache_memory_jitter,False,True,False
1155,12.170274,core_stable,False,True,False
1156,12.669823,core_stable,False,True,False
1157,12.177796,core_stable,False,True,False
1158,12.416005,core_stable,False,True,False
1159,12.669557,core_stable,False,True,False
1160,18.165659,worst_case_protection_path,False,True,False
1161,12.193399,core_stable,False,True,False
1162,12.003521,core_stable,False,True,False
1163,12.482294,core_stable,False,True,False
1164,12.277656,core_stable,False,True,False
1165,12.041928,core_stable,False,True,False
1166,16.193246,interrupt_delay,False,True,False
1167,12.888376,cache_memory_jitter,False,True,False
1168,12.672624,core_stable,False,True,False
1169,12.144269,core_stable,False,True,False
1170,12.35143,core_stable,False,True,False
1171,12.341908,core_stable,False,True,False
1172,12.039368,core_stable,False,True,False
1173,12.009282,core_stable,False,True,False
1174,13.106963,cache_memory_jitter,False,True,False
1175,12.242849,core_stable,False,True,False
1176,13.112568,cache_memory_jitter,False,True,False
1177,12.532844,core_stable,False,True,False
1178,13.645567,branch_miss,False,True,False
1179,12.046969,core_stable,False,True,False
1180,12.015443,core_stable,False,True,False
1181,12.24765,core_stable,False,True,False
1182,12.267333,core_stable,False,True,False
1183,13.006077,cache_memory_jitter,False,True,False
1184,12.65982,core_stable,False,True,False
1185,12.779727,core_stable,False,True,False
1186,13.807864,branch_miss,False,True,False
1187,12.750383,core_stable,False,True,False
1188,12.600067,core_stable,False,True,False
1189,12.406135,core_stable,False,True,False
1190,12.191798,core_stable,False,True,False
1191,12.053771,core_stable,False,True,False
1192,12.798933,core_stable,False,True,False
1193,12.826022,cache_memory_jitter,False,True,False
1194,12.989963,cache_memory_jitter,False,True,False
1195,12.465488,core_stable,False,True,False
1196,12.641414,core_stable,False,True,False
1197,12.067213,core_stable,False,True,False
1198,12.060892,core_stable,False,True,False
1199,13.166514,cache_memory_jitter,False,True,False
1200,12.283817,core_stable,False,True,False
1201,12.549517,core_stable,False,True,False
1202,12.462554,core_stable,False,True,False
1203,12.487763,core_stable,False,True,False
1204,13.155305,cache_memory_jitter,False,True,False
1205,12.976651,cache_memory_jitter,False,True,False
1206,12.666489,core_stable,False,True,False
1207,12.391758,core_stable,False,True,False
1208,12.003121,core_stable,False,True,False
1209,12.680493,core_stable,False,True,False
1210,12.347349,core_stable,False,True,False
1211,15.838373,interrupt_delay,False,True,False
1212,12.045849,core_stable,False,True,False
1213,12.511504,core_stable,False,True,False
1214,12.29798,core_stable,False,True,False
1215,12.05185,core_stable,False,True,False
1216,12.374955,core_stable,False,True,False
1217,12.307261,core_stable,False,True,False
1218,13.486689,cache_memory_jitter,False,True,False
1219,17.032392,worst_case_protection_path,False,True,False
1220,12.003601,core_stable,False,True,False
1221,12.336707,core_stable,False,True,False
1222,12.987861,cache_memory_jitter,False,True,False
1223,12.157712,core_stable,False,True,False
1224,12.25085,core_stable,False,True,False
1225,12.55952,core_stable,False,True,False
1226,12.122264,core_stable,False,True,False
1227,12.568189,core_stable,False,True,False
1228,12.14931,core_stable,False,True,False
1229,12.76132,core_stable,False,True,False
1230,13.338161,cache_memory_jitter,False,True,False
1231,12.075935,core_stable,False,True,False
1232,13.452359,cache_memory_jitter,False,True,False
1233,12.444281,core_stable,False,True,False
1234,12.741581,core_stable,False,True,False
1235,12.011202,core_stable,False,True,False
1236,12.992765,cache_memory_jitter,False,True,False
1237,12.641547,core_stable,False,True,False
1238,12.878567,cache_memory_jitter,False,True,False
1239,12.571791,core_stable,False,True,False
1240,13.45306,cache_memory_jitter,False,True,False
1241,12.568056,core_stable,False,True,False
1242,12.339108,core_stable,False,True,False
1243,12.605002,core_stable,False,True,False
1244,12.773458,core_stable,False,True,False
1245,12.138108,core_stable,False,True,False
1246,12.486162,core_stable,False,True,False
1247,12.138588,core_stable,False,True,False
1248,12.597799,core_stable,False,True,False
1249,12.755318,core_stable,False,True,False
1250,14.062732,branch_miss,False,True,False
1251,12.495365,core_stable,False,True,False
1252,13.694857,branch_miss,False,True,False
1253,12.598733,core_stable,False,True,False
1254,12.10154,core_stable,False,True,False
1255,12.677292,core_stable,False,True,False
1256,12.712771,core_stable,False,True,False
1257,12.268534,core_stable,False,True,False
1258,12.45015,core_stable,False,True,False
1259,13.875188,branch_miss,False,True,False
1260,12.215723,core_stable,False,True,False
1261,12.478426,core_stable,False,True,False
1262,12.297019,core_stable,False,True,False
1263,14.1,branch_miss,False,True,False
1264,12.922705,cache_memory_jitter,False,True,False
1265,12.241728,core_stable,False,True,False
1266,13.293323,cache_memory_jitter,False,True,False
1267,12.456686,core_stable,False,True,False
1268,12.240128,core_stable,False,True,False
1269,14.051912,branch_miss,False,True,False
1270,12.588996,core_stable,False,True,False
1271,12.132426,core_stable,False,True,False
1272,13.435545,cache_memory_jitter,False,True,False
1273,12.462287,core_stable,False,True,False
1274,12.408403,core_stable,False,True,False
1275,12.387197,core_stable,False,True,False
1276,12.386797,core_stable,False,True,False
1277,12.754652,core_stable,False,True,False
1278,12.036887,core_stable,False,True,False
1279,12.039048,core_stable,False,True,False
1280,12.061532,core_stable,False,True,False
1281,12.347189,core_stable,False,True,False
1282,13.748956,branch_miss,False,True,False
1283,15.315087,interrupt_delay,False,True,False
1284,13.978577,branch_miss,False,True,False
1285,12.269254,core_stable,False,True,False
1286,13.467072,cache_memory_jitter,False,True,False
1287,12.277576,core_stable,False,True,False
1288,13.781416,branch_miss,False,True,False
1289,12.475492,core_stable,False,True,False
1290,12.283657,core_stable,False,True,False
1291,12.043609,core_stable,False,True,False
1292,12.764522,core_stable,False,True,False
1293,12.783328,core_stable,False,True,False
1294,12.190278,core_stable,False,True,False
1295,12.756119,core_stable,False,True,False
1296,12.377435,core_stable,False,True,False
1297,12.181636,core_stable,False,True,False
1298,12.5003,core_stable,False,True,False
1299,15.681989,interrupt_delay,False,True,False
1300,12.133307,core_stable,False,True,False
1301,12.431077,core_stable,False,True,False
1302,12.012082,core_stable,False,True,False
1303,12.046329,core_stable,False,True,False
1304,12.365273,core_stable,False,True,False
1305,12.154751,core_stable,False,True,False
1306,12.044969,core_stable,False,True,False
1307,12.044169,core_stable,False,True,False
1308,13.938905,branch_miss,False,True,False
1309,12.604868,core_stable,False,True,False
1310,12.05081,core_stable,False,True,False
1311,12.798666,core_stable,False,True,False
1312,12.799066,core_stable,False,True,False
1313,12.05049,core_stable,False,True,False
1314,12.404668,core_stable,False,True,False
1315,12.405869,core_stable,False,True,False
1316,16.451882,interrupt_delay,False,True,False
1317,12.756919,core_stable,False,True,False
1318,13.041107,cache_memory_jitter,False,True,False
1319,12.682227,core_stable,False,True,False
1320,12.031526,core_stable,False,True,False
1321,12.146509,core_stable,False,True,False
1322,13.347269,cache_memory_jitter,False,True,False
1323,12.780927,core_stable,False,True,False
1324,12.394559,core_stable,False,True,False
1325,12.788663,core_stable,False,True,False
1326,12.039288,core_stable,False,True,False
1327,12.63928,core_stable,False,True,False
1328,12.29806,core_stable,False,True,False
1329,12.305101,core_stable,False,True,False
1330,13.132885,cache_memory_jitter,False,True,False
1331,12.57926,core_stable,False,True,False
1332,13.062125,cache_memory_jitter,False,True,False
1333,12.321664,core_stable,False,True,False
1334,12.20004,core_stable,False,True,False
1335,12.197159,core_stable,False,True,False
1336,12.167554,core_stable,False,True,False
1337,12.011842,core_stable,False,True,False
1338,12.540847,core_stable,False,True,False
1339,12.380556,core_stable,False,True,False
1340,12.936017,cache_memory_jitter,False,True,False
1341,12.243889,core_stable,False,True,False
1342,12.177395,core_stable,False,True,False
1343,13.870379,branch_miss,False,True,False
1344,12.142509,core_stable,False,True,False
1345,12.084017,core_stable,False,True,False
1346,12.165873,core_stable,False,True,False
1347,12.114823,core_stable,False,True,False
1348,12.460554,core_stable,False,True,False
1349,12.076655,core_stable,False,True,False
1350,12.270454,core_stable,False,True,False
1351,12.425475,core_stable,False,True,False
1352,12.184197,core_stable,False,True,False
1353,12.391438,core_stable,False,True,False
1354,12.112823,core_stable,False,True,False
1355,12.712504,core_stable,False,True,False
1356,12.286697,core_stable,False,True,False
1357,12.312543,core_stable,False,True,False
1358,12.034647,core_stable,False,True,False
1359,12.134187,core_stable,False,True,False
1360,12.24789,core_stable,False,True,False
1361,13.906445,branch_miss,False,True,False
1362,12.791997,core_stable,False,True,False
1363,12.611937,core_stable,False,True,False
1364,12.362312,core_stable,False,True,False
1365,12.757586,core_stable,False,True,False
1366,13.236574,cache_memory_jitter,False,True,False
1367,13.716497,branch_miss,False,True,False
1368,12.835831,cache_memory_jitter,False,True,False
1369,12.136347,core_stable,False,True,False
1370,12.637546,core_stable,False,True,False
1371,12.760253,core_stable,False,True,False
1372,12.514705,core_stable,False,True,False
1373,13.384401,cache_memory_jitter,False,True,False
1374,12.1994,core_stable,False,True,False
1375,12.060172,core_stable,False,True,False
1376,12.325825,core_stable,False,True,False
1377,12.073375,core_stable,False,True,False
1378,12.161632,core_stable,False,True,False
1379,13.462868,cache_memory_jitter,False,True,False
1380,12.353111,core_stable,False,True,False
1381,13.352173,cache_memory_jitter,False,True,False
1382,12.237808,core_stable,False,True,False
1383,12.568856,core_stable,False,True,False
1384,13.974971,branch_miss,False,True,False
1385,13.442551,cache_memory_jitter,False,True,False
1386,13.083843,cache_memory_jitter,False,True,False
1387,12.281656,core_stable,False,True,False
1388,12.442147,core_stable,False,True,False
1389,12.105141,core_stable,False,True,False
1390,12.156431,core_stable,False,True,False
1391,12.73091,core_stable,False,True,False
1392,12.642481,core_stable,False,True,False
1393,12.605402,core_stable,False,True,False
1394,12.73051,core_stable,False,True,False
1395,12.027205,core_stable,False,True,False
1396,12.407603,core_stable,False,True,False
1397,12.055451,core_stable,False,True,False
1398,13.684037,branch_miss,False,True,False
1399,12.697032,core_stable,False,True,False
1400,12.555385,core_stable,False,True,False
1401,12.108262,core_stable,False,True,False
1402,12.711037,core_stable,False,True,False
1403,13.591468,branch_miss,False,True,False
1404,12.295339,core_stable,False,True,False
1405,12.471357,core_stable,False,True,False
1406,12.278376,core_stable,False,True,False
1407,12.068814,core_stable,False,True,False
1408,13.944916,branch_miss,False,True,False
1409,14.310618,interrupt_delay,False,True,False
1410,12.012242,core_stable,False,True,False
1411,12.417206,core_stable,False,True,False
1412,12.457352,core_stable,False,True,False
1413,16.217305,interrupt_delay,False,True,False
1414,12.20028,core_stable,False,True,False
1415,12.579927,core_stable,False,True,False
1416,12.312943,core_stable,False,True,False
1417,12.378396,core_stable,False,True,False
1418,12.727709,core_stable,False,True,False
1419,12.745982,core_stable,False,True,False
1420,12.345109,core_stable,False,True,False
1421,13.315742,cache_memory_jitter,False,True,False
1422,12.088258,core_stable,False,True,False
1423,12.226765,core_stable,False,True,False
1424,12.264933,core_stable,False,True,False
1425,12.077135,core_stable,False,True,False
1426,12.533911,core_stable,False,True,False
1427,12.283257,core_stable,False,True,False
1428,12.504568,core_stable,False,True,False
1429,12.105621,core_stable,False,True,False
1430,12.002641,core_stable,False,True,False
1431,12.933214,cache_memory_jitter,False,True,False
1432,12.084097,core_stable,False,True,False
1433,13.269502,cache_memory_jitter,False,True,False
1434,12.573791,core_stable,False,True,False
1435,12.611671,core_stable,False,True,False
1436,12.072174,core_stable,False,True,False
1437,12.977352,cache_memory_jitter,False,True,False
1438,12.14803,core_stable,False,True,False
1439,12.782394,core_stable,False,True,False
1440,12.584461,core_stable,False,True,False
1441,13.388605,cache_memory_jitter,False,True,False
1442,12.470423,core_stable,False,True,False
1443,12.290538,core_stable,False,True,False
1444,12.361432,core_stable,False,True,False
1445,12.093059,core_stable,False,True,False
1446,12.061852,core_stable,False,True,False
1447,12.491764,core_stable,False,True,False
1448,12.72024,core_stable,False,True,False
1449,12.716639,core_stable,False,True,False
1450,12.663555,core_stable,False,True,False
1451,13.621523,branch_miss,False,True,False
1452,12.372234,core_stable,False,True,False
1453,12.8001,cache_memory_jitter,False,True,False
1454,12.611404,core_stable,False,True,False
1455,12.031366,core_stable,False,True,False
1456,12.267253,core_stable,False,True,False
1457,12.382076,core_stable,False,True,False
1458,12.308782,core_stable,False,True,False
1459,12.645148,core_stable,False,True,False
1460,12.701834,core_stable,False,True,False
1461,12.022484,core_stable,False,True,False
1462,12.029846,core_stable,False,True,False
1463,12.799333,core_stable,False,True,False
1464,12.208362,core_stable,False,True,False
1465,12.613805,core_stable,False,True,False
1466,12.288298,core_stable,False,True,False
1467,12.797866,core_stable,False,True,False
1468,12.513905,core_stable,False,True,False
1469,12.074975,core_stable,False,True,False
1470,12.323025,core_stable,False,True,False
1471,12.146029,core_stable,False,True,False
1472,12.792531,core_stable,False,True,False
1473,16.385719,interrupt_delay,False,True,False
1474,12.006081,core_stable,False,True,False
1475,12.294619,core_stable,False,True,False
1476,13.180526,cache_memory_jitter,False,True,False
1477,12.516839,core_stable,False,True,False
1478,12.214123,core_stable,False,True,False
1479,12.653151,core_stable,False,True,False
1480,12.314783,core_stable,False,True,False
1481,12.413071,core_stable,False,True,False
1482,14.442943,interrupt_delay,False,True,False
1483,12.712638,core_stable,False,True,False
1484,12.618873,core_stable,False,True,False
1485,12.34895,core_stable,False,True,False
1486,12.274455,core_stable,False,True,False
1487,12.527109,core_stable,False,True,False
1488,12.574858,core_stable,False,True,False
1489,12.437346,core_stable,False,True,False
1490,12.062492,core_stable,False,True,False
1491,12.095859,core_stable,False,True,False
1492,13.858357,branch_miss,False,True,False
1493,12.728643,core_stable,False,True,False
1494,12.103461,core_stable,False,True,False
1495,12.125065,core_stable,False,True,False
1496,12.794265,core_stable,False,True,False
1497,12.619807,core_stable,False,True,False
1498,12.196999,core_stable,False,True,False
1499,12.482961,core_stable,False,True,False
1500,13.912456,branch_miss,False,True,False
1501,12.342468,core_stable,False,True,False
1502,12.58953,core_stable,False,True,False
1503,12.112743,core_stable,False,True,False
1504,14.208366,interrupt_delay,False,True,False
1505,12.460287,core_stable,False,True,False
1506,14.67752,interrupt_delay,False,True,False
1507,12.705035,core_stable,False,True,False
1508,15.65793,interrupt_delay,False,True,False
1509,12.25181,core_stable,False,True,False
1510,12.125145,core_stable,False,True,False
1511,12.110902,core_stable,False,True,False
1512,12.352711,core_stable,False,True,False
1513,14.539179,interrupt_delay,False,True,False
1514,12.006001,core_stable,False,True,False
1515,13.9365,branch_miss,False,True,False
1516,12.451084,core_stable,False,True,False
1517,13.00958,cache_memory_jitter,False,True,False
1518,12.528843,core_stable,False,True,False
1519,12.215003,core_stable,False,True,False
1520,13.259694,cache_memory_jitter,False,True,False
1521,12.695032,core_stable,False,True,False
1522,12.093699,core_stable,False,True,False
1523,12.478159,core_stable,False,True,False
1524,12.204761,core_stable,False,True,False
1525,12.393039,core_stable,False,True,False
1526,12.072575,core_stable,False,True,False
1527,12.375915,core_stable,False,True,False
1528,12.011762,core_stable,False,True,False
1529,12.106021,core_stable,False,True,False
1530,12.025045,core_stable,False,True,False
1531,12.059212,core_stable,False,True,False
1532,12.67916,core_stable,False,True,False
1533,12.082336,core_stable,False,True,False
1534,12.727843,core_stable,False,True,False
1535,12.005521,core_stable,False,True,False
1536,12.736112,core_stable,False,True,False
1537,12.275415,core_stable,False,True,False
1538,12.057612,core_stable,False,True,False
1539,13.036202,cache_memory_jitter,False,True,False
1540,13.397712,cache_memory_jitter,False,True,False
1541,12.914298,cache_memory_jitter,False,True,False
1542,12.077455,core_stable,False,True,False
1543,12.344309,core_stable,False,True,False
1544,14.863978,interrupt_delay,False,True,False
1545,12.668623,core_stable,False,True,False
1546,12.661821,core_stable,False,True,False
1547,15.51959,interrupt_delay,False,True,False
1548,12.627276,core_stable,False,True,False
1549,12.310702,core_stable,False,True,False
1550,12.532044,core_stable,False,True,False
1551,12.667422,core_stable,False,True,False
1552,13.965353,branch_miss,False,True,False
1553,12.286777,core_stable,False,True,False
1554,12.395119,core_stable,False,True,False
1555,12.362232,core_stable,False,True,False
1556,12.869459,cache_memory_jitter,False,True,False
1557,12.315183,core_stable,False,True,False
1558,12.275655,core_stable,False,True,False
1559,12.04817,core_stable,False,True,False
1560,12.752784,core_stable,False,True,False
1561,13.760978,branch_miss,False,True,False
1562,12.155951,core_stable,False,True,False
1563,12.127546,core_stable,False,True,False
1564,12.178036,core_stable,False,True,False
1565,12.317504,core_stable,False,True,False
1566,12.454151,core_stable,False,True,False
1567,12.19868,core_stable,False,True,False
1568,12.274535,core_stable,False,True,False
1569,12.380796,core_stable,False,True,False
1570,12.228606,core_stable,False,True,False
1571,12.686896,core_stable,False,True,False
1572,13.460766,cache_memory_jitter,False,True,False
1573,12.343109,core_stable,False,True,False
1574,12.523374,core_stable,False,True,False
1575,12.082016,core_stable,False,True,False
1576,12.632344,core_stable,False,True,False
1577,13.118873,cache_memory_jitter,False,True,False
1578,12.235007,core_stable,False,True,False
1579,12.39992,core_stable,False,True,False
1580,12.139068,core_stable,False,True,False
1581,12.073455,core_stable,False,True,False
1582,12.635545,core_stable,False,True,False
1583,13.280712,cache_memory_jitter,False,True,False
1584,12.369514,core_stable,False,True,False
1585,12.0016,core_stable,False,True,False
1586,12.091618,core_stable,False,True,False
1587,12.185797,core_stable,False,True,False
1588,12.338948,core_stable,False,True,False
1589,12.118824,core_stable,False,True,False
1590,14.084371,branch_miss,False,True,False
1591,12.536712,core_stable,False,True,False
1592,12.620473,core_stable,False,True,False
1593,12.033847,core_stable,False,True,False
1594,12.926909,cache_memory_jitter,False,True,False
1595,12.414938,core_stable,False,True,False
1596,12.24797,core_stable,False,True,False
1597,12.103141,core_stable,False,True,False
1598,12.005201,core_stable,False,True,False
1599,12.244609,core_stable,False,True,False
1600,13.787427,branch_miss,False,True,False
1601,12.182917,core_stable,False,True,False
1602,12.385917,core_stable,False,True,False
1603,12.517773,core_stable,False,True,False
1604,14.912096,interrupt_delay,False,True,False
1605,12.009682,core_stable,False,True,False
1606,12.456019,core_stable,False,True,False
1607,12.695965,core_stable,False,True,False
1608,12.088898,core_stable,False,True,False
1609,12.605669,core_stable,False,True,False
1610,12.115943,core_stable,False,True,False
1611,12.603935,core_stable,False,True,False
1612,12.742648,core_stable,False,True,False
1613,12.155791,core_stable,False,True,False
1614,12.09794,core_stable,False,True,False
1615,12.2022,core_stable,False,True,False
1616,12.508303,core_stable,False,True,False
1617,12.071854,core_stable,False,True,False
1618,12.081456,core_stable,False,True,False
1619,12.524041,core_stable,False,True,False
1620,12.470157,core_stable,False,True,False
1621,12.592598,core_stable,False,True,False
1622,13.775405,branch_miss,False,True,False
1623,12.390958,core_stable,False,True,False
1624,12.773191,core_stable,False,True,False
1625,13.214856,cache_memory_jitter,False,True,False
1626,12.391598,core_stable,False,True,False
1627,13.686442,branch_miss,False,True,False
1628,12.108182,core_stable,False,True,False
1629,12.373115,core_stable,False,True,False
1630,12.240768,core_stable,False,True,False
1631,12.362953,core_stable,False,True,False
1632,12.741047,core_stable,False,True,False
1633,13.467772,cache_memory_jitter,False,True,False
1634,12.391998,core_stable,False,True,False
1635,12.291898,core_stable,False,True,False
1636,12.506302,core_stable,False,True,False
1637,12.35039,core_stable,False,True,False
1638,13.385802,cache_memory_jitter,False,True,False
1639,12.220444,core_stable,False,True,False
1640,12.552584,core_stable,False,True,False
1641,12.278536,core_stable,False,True,False
1642,12.696899,core_stable,False,True,False
1643,12.57059,core_stable,False,True,False
1644,12.183797,core_stable,False,True,False
1645,12.290138,core_stable,False,True,False
1646,12.223805,core_stable,False,True,False
1647,12.287417,core_stable,False,True,False
1648,12.110662,core_stable,False,True,False
1649,12.781594,core_stable,False,True,False
1650,12.30158,core_stable,False,True,False
1651,12.664488,core_stable,False,True,False
1652,12.635812,core_stable,False,True,False
1653,12.73131,core_stable,False,True,False
1654,13.186131,cache_memory_jitter,False,True,False
1655,12.135307,core_stable,False,True,False
1656,12.35119,core_stable,False,True,False
1657,12.780527,core_stable,False,True,False
1658,12.518306,core_stable,False,True,False
1659,12.520574,core_stable,False,True,False
1660,15.778226,interrupt_delay,False,True,False
1661,12.080976,core_stable,False,True,False
1662,12.206041,core_stable,False,True,False
1663,12.258932,core_stable,False,True,False
1664,12.312382,core_stable,False,True,False
1665,12.330466,core_stable,False,True,False
1666,12.751184,core_stable,False,True,False
1667,13.911254,branch_miss,False,True,False
1668,12.157471,core_stable,False,True,False
1669,12.535378,core_stable,False,True,False
1670,12.696499,core_stable,False,True,False
1671,12.146189,core_stable,False,True,False
1672,12.254531,core_stable,False,True,False
1673,12.6002,core_stable,False,True,False
1674,12.53978,core_stable,False,True,False
1675,12.028406,core_stable,False,True,False
1676,12.082496,core_stable,False,True,False
1677,13.890816,branch_miss,False,True,False
1678,12.061772,core_stable,False,True,False
1679,12.333267,core_stable,False,True,False
1680,12.612871,core_stable,False,True,False
1681,12.059532,core_stable,False,True,False
1682,12.029446,core_stable,False,True,False
1683,12.366873,core_stable,False,True,False
1684,12.172675,core_stable,False,True,False
1685,12.796532,core_stable,False,True,False
1686,12.096579,core_stable,False,True,False
1687,12.415872,core_stable,False,True,False
1688,12.484962,core_stable,False,True,False
1689,12.411737,core_stable,False,True,False
1690,12.323665,core_stable,False,True,False
1691,13.483186,cache_memory_jitter,False,True,False
1692,13.754967,branch_miss,False,True,False
1693,12.14811,core_stable,False,True,False
1694,12.466289,core_stable,False,True,False
1695,12.179236,core_stable,False,True,False
1696,12.512037,core_stable,False,True,False
1697,12.512971,core_stable,False,True,False
1698,12.230846,core_stable,False,True,False
1699,12.416272,core_stable,False,True,False
1700,12.04849,core_stable,False,True,False
1701,12.34799,core_stable,False,True,False
1702,12.10034,core_stable,False,True,False
1703,12.075535,core_stable,False,True,False
1704,12.479893,core_stable,False,True,False
1705,13.117472,cache_memory_jitter,False,True,False
1706,12.407202,core_stable,False,True,False
1707,12.040568,core_stable,False,True,False
1708,16.877856,worst_case_protection_path,False,True,False
1709,12.368394,core_stable,False,True,False
1710,12.056731,core_stable,False,True,False
1711,12.337908,core_stable,False,True,False
1712,12.646215,core_stable,False,True,False
1713,12.590463,core_stable,False,True,False
1714,12.004081,core_stable,False,True,False
1715,12.518439,core_stable,False,True,False
1716,12.306061,core_stable,False,True,False
1717,12.741981,core_stable,False,True,False
1718,13.153203,cache_memory_jitter,False,True,False
1719,12.419473,core_stable,False,True,False
1720,12.624475,core_stable,False,True,False
1721,12.307502,core_stable,False,True,False
1722,12.371994,core_stable,False,True,False
1723,12.732377,core_stable,False,True,False
1724,12.58873,core_stable,False,True,False
1725,12.131946,core_stable,False,True,False
1726,12.211082,core_stable,False,True,False
1727,12.688496,core_stable,False,True,False
1728,12.222124,core_stable,False,True,False
1729,12.293339,core_stable,False,True,False
1730,12.749717,core_stable,False,True,False
1731,12.510437,core_stable,False,True,False
1732,12.190118,core_stable,False,True,False
1733,12.70877,core_stable,False,True,False
1734,12.716239,core_stable,False,True,False
1735,12.056811,core_stable,False,True,False
1736,15.36922,interrupt_delay,False,True,False
1737,12.442681,core_stable,False,True,False
1738,12.118664,core_stable,False,True,False
1739,12.072414,core_stable,False,True,False
1740,12.7013,core_stable,False,True,False
1741,15.988743,interrupt_delay,False,True,False
1742,12.210202,core_stable,False,True,False
1743,12.003201,core_stable,False,True,False
1744,12.458953,core_stable,False,True,False
1745,12.927609,cache_memory_jitter,False,True,False
1746,12.0008,core_stable,False,True,False
1747,12.387838,core_stable,False,True,False
1748,12.400267,core_stable,False,True,False
1749,12.367914,core_stable,False,True,False
1750,12.014483,core_stable,False,True,False
1751,12.576325,core_stable,False,True,False
1752,12.109942,core_stable,False,True,False
1753,12.405468,core_stable,False,True,False
1754,12.444148,core_stable,False,True,False
1755,12.668089,core_stable,False,True,False
1756,12.153311,core_stable,False,True,False
1757,12.237167,core_stable,False,True,False
1758,12.794798,core_stable,False,True,False
1759,12.158992,core_stable,False,True,False
1760,12.688763,core_stable,False,True,False
1761,12.390558,core_stable,False,True,False
1762,13.405419,cache_memory_jitter,False,True,False
1763,12.468956,core_stable,False,True,False
1764,12.035127,core_stable,False,True,False
1765,13.163712,cache_memory_jitter,False,True,False
1766,12.370794,core_stable,False,True,False
1767,14.005026,branch_miss,False,True,False
1768,12.417606,core_stable,False,True,False
1769,12.313263,core_stable,False,True,False
1770,12.209562,core_stable,False,True,False
1771,12.715572,core_stable,False,True,False
1772,12.358712,core_stable,False,True,False
1773,12.321424,core_stable,False,True,False
1774,12.313343,core_stable,False,True,False
1775,12.510037,core_stable,False,True,False
1776,12.934615,cache_memory_jitter,False,True,False
1777,14.020655,branch_miss,False,True,False
1778,12.042488,core_stable,False,True,False
1779,12.598199,core_stable,False,True,False
1780,12.181556,core_stable,False,True,False
1781,12.583928,core_stable,False,True,False
1782,13.177724,cache_memory_jitter,False,True,False
1783,12.706102,core_stable,False,True,False
1784,13.284215,cache_memory_jitter,False,True,False
1785,12.763321,core_stable,False,True,False
1786,12.653818,core_stable,False,True,False
1787,12.04897,core_stable,False,True,False
1788,12.294059,core_stable,False,True,False
1789,12.614071,core_stable,False,True,False
1790,12.173475,core_stable,False,True,False
1791,17.581855,worst_case_protection_path,False,True,False
1792,12.39968,core_stable,False,True,False
1793,12.076815,core_stable,False,True,False
1794,12.768123,core_stable,False,True,False
1795,12.380876,core_stable,False,True,False
1796,12.391918,core_stable,False,True,False
1797,12.291498,core_stable,False,True,False
1798,12.043449,core_stable,False,True,False
1799,12.567389,core_stable,False,True,False
1800,12.19764,core_stable,False,True,False
1801,16.415793,interrupt_delay,False,True,False
1802,12.628876,core_stable,False,True,False
1803,12.524308,core_stable,False,True,False
1804,12.659153,core_stable,False,True,False
1805,12.64955,core_stable,False,True,False
1806,12.04825,core_stable,False,True,False
1807,12.693698,core_stable,False,True,False
1808,12.448149,core_stable,False,True,False
1809,12.3011,core_stable,False,True,False
1810,12.146909,core_stable,False,True,False
1811,12.616872,core_stable,False,True,False
1812,12.29966,core_stable,False,True,False
1813,12.213803,core_stable,False,True,False
1814,12.762121,core_stable,False,True,False
1815,12.317343,core_stable,False,True,False
1816,17.204099,worst_case_protection_path,False,True,False
1817,12.477759,core_stable,False,True,False
1818,12.237728,core_stable,False,True,False
1819,12.214283,core_stable,False,True,False
1820,12.232046,core_stable,False,True,False
1821,13.090849,cache_memory_jitter,False,True,False
1822,12.549783,core_stable,False,True,False
1823,12.243809,core_stable,False,True,False
1824,12.550984,core_stable,False,True,False
1825,12.663688,core_stable,False,True,False
1826,12.473358,core_stable,False,True,False
1827,12.268214,core_stable,False,True,False
1828,12.806405,cache_memory_jitter,False,True,False
1829,12.912897,cache_memory_jitter,False,True,False
1830,12.105701,core_stable,False,True,False
1831,12.25093,core_stable,False,True,False
1832,12.562721,core_stable,False,True,False
1833,12.262452,core_stable,False,True,False
1834,12.405602,core_stable,False,True,False
1835,12.731844,core_stable,False,True,False
1836,13.274407,cache_memory_jitter,False,True,False
1837,12.112663,core_stable,False,True,False
1838,12.213723,core_stable,False,True,False
1839,13.989397,branch_miss,False,True,False
1840,12.377115,core_stable,False,True,False
1841,12.022324,core_stable,False,True,False
1842,12.006641,core_stable,False,True,False
1843,12.059612,core_stable,False,True,False
1844,12.509637,core_stable,False,True,False
1845,12.742247,core_stable,False,True,False
1846,12.643281,core_stable,False,True,False
1847,12.115303,core_stable,False,True,False
1848,13.437647,cache_memory_jitter,False,True,False
1849,12.727576,core_stable,False,True,False
1850,12.04977,core_stable,False,True,False
1851,12.294139,core_stable,False,True,False
1852,12.083777,core_stable,False,True,False
1853,12.629143,core_stable,False,True,False
1854,13.515729,branch_miss,False,True,False
1855,14.659475,interrupt_delay,False,True,False
1856,16.241364,interrupt_delay,False,True,False
1857,12.699567,core_stable,False,True,False
1858,12.193879,core_stable,False,True,False
1859,13.232371,cache_memory_jitter,False,True,False
1860,13.908849,branch_miss,False,True,False
1861,12.48056,core_stable,False,True,False
1862,12.118984,core_stable,False,True,False
1863,13.343065,cache_memory_jitter,False,True,False
1864,12.214043,core_stable,False,True,False
1865,12.34999,core_stable,False,True,False
1866,12.040088,core_stable,False,True,False
1867,12.711304,core_stable,False,True,False
1868,12.635945,core_stable,False,True,False
1869,12.669423,core_stable,False,True,False
1870,12.325105,core_stable,False,True,False
1871,13.679228,branch_miss,False,True,False
1872,12.206921,core_stable,False,True,False
1873,12.439346,core_stable,False,True,False
1874,12.746782,core_stable,False,True,False
1875,12.132106,core_stable,False,True,False
1876,12.35111,core_stable,False,True,False
1877,12.223085,core_stable,False,True,False
1878,16.36166,interrupt_delay,False,True,False
1879,12.096099,core_stable,False,True,False
1880,12.728109,core_stable,False,True,False
1881,12.472291,core_stable,False,True,False
1882,12.265653,core_stable,False,True,False
1883,12.375115,core_stable,False,True,False
1884,12.275335,core_stable,False,True,False
1885,12.333507,core_stable,False,True,False
1886,12.097299,core_stable,False,True,False
1887,12.362553,core_stable,False,True,False
1888,15.958669,interrupt_delay,False,True,False
1889,12.588463,core_stable,False,True,False
1890,13.447455,cache_memory_jitter,False,True,False
1891,12.094579,core_stable,False,True,False
1892,12.008882,core_stable,False,True,False
1893,12.032006,core_stable,False,True,False
1894,12.796265,core_stable,False,True,False
1895,13.842728,branch_miss,False,True,False
1896,12.480827,core_stable,False,True,False
1897,12.009602,core_stable,False,True,False
1898,12.180996,core_stable,False,True,False
1899,12.270054,core_stable,False,True,False
1900,13.248484,cache_memory_jitter,False,True,False
1901,12.030566,core_stable,False,True,False
1902,13.524144,branch_miss,False,True,False
1903,12.05033,core_stable,False,True,False
1904,12.757186,core_stable,False,True,False
1905,12.209882,core_stable,False,True,False
1906,12.472824,core_stable,False,True,False
1907,12.25005,core_stable,False,True,False
1908,12.439613,core_stable,False,True,False
1909,12.483094,core_stable,False,True,False
1910,12.266853,core_stable,False,True,False
1911,12.143709,core_stable,False,True,False
1912,12.310862,core_stable,False,True,False
1913,16.463911,interrupt_delay,False,True,False
1914,13.21976,cache_memory_jitter,False,True,False
1915,12.163553,core_stable,False,True,False
1916,13.714092,branch_miss,False,True,False
1917,12.295739,core_stable,False,True,False
1918,12.396079,core_stable,False,True,False
1919,14.978259,interrupt_delay,False,True,False
1920,12.747049,core_stable,False,True,False
1921,12.77946,core_stable,False,True,False
1922,12.045289,core_stable,False,True,False
1923,12.096659,core_stable,False,True,False
1924,12.643548,core_stable,False,True,False
1925,12.14939,core_stable,False,True,False
1926,12.110262,core_stable,False,True,False
1927,12.83513,cache_memory_jitter,False,True,False
1928,12.239488,core_stable,False,True,False
1929,12.777459,core_stable,False,True,False
1930,12.671424,core_stable,False,True,False
1931,12.637146,core_stable,False,True,False
1932,12.324705,core_stable,False,True,False
1933,12.647149,core_stable,False,True,False
1934,12.442014,core_stable,False,True,False
1935,12.40907,core_stable,False,True,False
1936,13.026394,cache_memory_jitter,False,True,False
1937,12.242128,core_stable,False,True,False
1938,12.68076,core_stable,False,True,False
1939,12.346709,core_stable,False,True,False
1940,12.277095,core_stable,False,True,False
1941,12.375835,core_stable,False,True,False
1942,12.491364,core_stable,False,True,False
1943,12.617006,core_stable,False,True,False
1944,12.376235,core_stable,False,True,False
1945,13.329754,cache_memory_jitter,False,True,False
1946,12.717306,core_stable,False,True,False
1947,12.081216,core_stable,False,True,False
1948,12.308622,core_stable,False,True,False
1949,13.394209,cache_memory_jitter,False,True,False
1950,12.081856,core_stable,False,True,False
1951,12.678893,core_stable,False,True,False
1952,12.116743,core_stable,False,True,False
1953,12.601667,core_stable,False,True,False
1954,16.457896,interrupt_delay,False,True,False
1955,12.426142,core_stable,False,True,False
1956,12.453218,core_stable,False,True,False
1957,12.519106,core_stable,False,True,False
1958,14.068743,branch_miss,False,True,False
1959,13.029196,cache_memory_jitter,False,True,False
1960,12.65035,core_stable,False,True,False
1961,12.254931,core_stable,False,True,False
1962,12.221724,core_stable,False,True,False
1963,12.177075,core_stable,False,True,False
1964,12.042008,core_stable,False,True,False
1965,12.174755,core_stable,False,True,False
1966,13.587861,branch_miss,False,True,False
1967,12.364873,core_stable,False,True,False
1968,12.354471,core_stable,False,True,False
1969,12.116423,core_stable,False,True,False
1970,12.038008,core_stable,False,True,False
1971,12.506702,core_stable,False,True,False
1972,13.540975,branch_miss,False,True,False
1973,12.373035,core_stable,False,True,False
1974,12.236847,core_stable,False,True,False
1975,12.640213,core_stable,False,True,False
1976,12.05233,core_stable,False,True,False
1977,12.261492,core_stable,False,True,False
1978,12.5011,core_stable,False,True,False
1979,12.294699,core_stable,False,True,False
1980,12.081616,core_stable,False,True,False
1981,12.695832,core_stable,False,True,False
1982,12.417873,core_stable,False,True,False
1983,12.259812,core_stable,False,True,False
1984,12.137708,core_stable,False,True,False
1985,12.625675,core_stable,False,True,False
1986,12.611804,core_stable,False,True,False
1987,12.484028,core_stable,False,True,False
1988,12.381916,core_stable,False,True,False
1989,12.194759,core_stable,False,True,False
1990,12.485895,core_stable,False,True,False
1991,12.547116,core_stable,False,True,False
1992,12.931112,cache_memory_jitter,False,True,False
1993,12.159552,core_stable,False,True,False
1994,14.190322,interrupt_delay,False,True,False
1995,12.546849,core_stable,False,True,False
1996,12.054651,core_stable,False,True,False
1997,12.639947,core_stable,False,True,False
1998,12.25077,core_stable,False,True,False
1999,13.841526,branch_miss,False,True,False
2000,12.685962,core_stable,False,True,False
2001,13.907647,branch_miss,False,True,False
2002,12.006401,core_stable,False,True,False
2003,12.52044,core_stable,False,True,False
2004,12.601934,core_stable,False,True,False
2005,12.305021,core_stable,False,True,False
2006,12.068574,core_stable,False,True,False
2007,12.82392,cache_memory_jitter,False,True,False
2008,12.182757,core_stable,False,True,False
2009,12.396799,core_stable,False,True,False
2010,13.119574,cache_memory_jitter,False,True,False
2011,12.230046,core_stable,False,True,False
2012,12.568723,core_stable,False,True,False
2013,12.124265,core_stable,False,True,False
2014,13.246383,cache_memory_jitter,False,True,False
2015,12.872962,cache_memory_jitter,False,True,False
2016,12.35007,core_stable,False,True,False
2017,12.233087,core_stable,False,True,False
2018,12.303821,core_stable,False,True,False
2019,12.660754,core_stable,False,True,False
2020,12.354711,core_stable,False,True,False
2021,13.351473,cache_memory_jitter,False,True,False
2022,12.158352,core_stable,False,True,False
2023,12.75892,core_stable,False,True,False
2024,12.649817,core_stable,False,True,False
2025,12.1982,core_stable,False,True,False
2026,12.303261,core_stable,False,True,False
2027,12.285337,core_stable,False,True,False
2028,12.335827,core_stable,False,True,False
2029,12.773858,core_stable,False,True,False
2030,12.221404,core_stable,False,True,False
2031,13.316443,cache_memory_jitter,False,True,False
2032,12.655018,core_stable,False,True,False
2033,12.072735,core_stable,False,True,False
2034,12.442814,core_stable,False,True,False
2035,14.136189,interrupt_delay,False,True,False
2036,12.685428,core_stable,False,True,False
2037,12.681294,core_stable,False,True,False
2038,12.059452,core_stable,False,True,False
2039,14.611357,interrupt_delay,False,True,False
2040,12.412538,core_stable,False,True,False
2041,12.47936,core_stable,False,True,False
2042,12.126105,core_stable,False,True,False
2043,12.206601,core_stable,False,True,False
2044,12.39872,core_stable,False,True,False
2045,12.295979,core_stable,False,True,False
2046,12.476159,core_stable,False,True,False
2047,12.226685,core_stable,False,True,False
2048,12.158112,core_stable,False,True,False
2049,12.163473,core_stable,False,True,False
2050,12.260532,core_stable,False,True,False
2051,12.079056,core_stable,False,True,False
2052,12.466155,core_stable,False,True,False
2053,12.110342,core_stable,False,True,False
2054,12.608736,core_stable,False,True,False
2055,12.376315,core_stable,False,True,False
2056,12.281016,core_stable,False,True,False
2057,12.220604,core_stable,False,True,False
2058,13.37179,cache_memory_jitter,False,True,False
2059,12.058412,core_stable,False,True,False
2060,12.132747,core_stable,False,True,False
2061,12.294779,core_stable,False,True,False
2062,12.161552,core_stable,False,True,False
2063,12.229566,core_stable,False,True,False
2064,13.533762,branch_miss,False,True,False
2065,14.322647,interrupt_delay,False,True,False
2066,12.793865,core_stable,False,True,False
2067,12.004321,core_stable,False,True,False
2068,12.416806,core_stable,False,True,False
2069,13.141993,cache_memory_jitter,False,True,False
2070,12.007682,core_stable,False,True,False
2071,12.581394,core_stable,False,True,False
2072,12.19772,core_stable,False,True,False
2073,12.885573,cache_memory_jitter,False,True,False
2074,12.35159,core_stable,False,True,False
2075,12.697166,core_stable,False,True,False
2076,12.426676,core_stable,False,True,False
2077,12.204841,core_stable,False,True,False
2078,13.574637,branch_miss,False,True,False
2079,12.78106,core_stable,False,True,False
2080,12.456285,core_stable,False,True,False
2081,12.572457,core_stable,False,True,False
2082,12.113543,core_stable,False,True,False
2083,12.216283,core_stable,False,True,False
2084,12.668756,core_stable,False,True,False
2085,12.504035,core_stable,False,True,False
2086,12.410937,core_stable,False,True,False
2087,12.283017,core_stable,False,True,False
2088,12.179796,core_stable,False,True,False
2089,12.383597,core_stable,False,True,False
2090,12.374635,core_stable,False,True,False
2091,12.074095,core_stable,False,True,False
2092,12.263733,core_stable,False,True,False
2093,12.053451,core_stable,False,True,False
2094,12.671557,core_stable,False,True,False
2095,12.129946,core_stable,False,True,False
2096,12.138828,core_stable,False,True,False
2097,12.272935,core_stable,False,True,False
2098,12.705435,core_stable,False,True,False
2099,12.692898,core_stable,False,True,False
2100,12.236367,core_stable,False,True,False
2101,12.056411,core_stable,False,True,False
2102,12.208842,core_stable,False,True,False
2103,12.371754,core_stable,False,True,False
2104,12.314543,core_stable,False,True,False
2105,12.575525,core_stable,False,True,False
2106,12.370954,core_stable,False,True,False
2107,12.929011,cache_memory_jitter,False,True,False
2108,12.031126,core_stable,False,True,False
2109,12.334307,core_stable,False,True,False
2110,12.034887,core_stable,False,True,False
2111,12.268774,core_stable,False,True,False
2112,12.176995,core_stable,False,True,False
2113,12.841435,cache_memory_jitter,False,True,False
2114,12.654485,core_stable,False,True,False
2115,12.215883,core_stable,False,True,False
2116,12.117704,core_stable,False,True,False
2117,14.292573,interrupt_delay,False,True,False
2118,12.228766,core_stable,False,True,False
2119,12.578459,core_stable,False,True,False
2120,12.181876,core_stable,False,True,False
2121,12.344709,core_stable,False,True,False
2122,12.452284,core_stable,False,True,False
2123,12.237487,core_stable,False,True,False
2124,12.408536,core_stable,False,True,False
2125,12.702367,core_stable,False,True,False
2126,12.401601,core_stable,False,True,False
2127,12.76919,core_stable,False,True,False
2128,12.073135,core_stable,False,True,False
2129,17.255611,worst_case_protection_path,False,True,False
2130,12.210842,core_stable,False,True,False
2131,15.844388,interrupt_delay,False,True,False
2132,12.032246,core_stable,False,True,False
2133,12.278136,core_stable,False,True,False
2134,12.175155,core_stable,False,True,False
2135,12.582327,core_stable,False,True,False
2136,13.085945,cache_memory_jitter,False,True,False
2137,12.82322,cache_memory_jitter,False,True,False
2138,12.486696,core_stable,False,True,False
2139,12.500167,core_stable,False,True,False
2140,12.209002,core_stable,False,True,False
2141,13.554199,branch_miss,False,True,False
2142,15.09254,interrupt_delay,False,True,False
2143,12.366313,core_stable,False,True,False
2144,12.305261,core_stable,False,True,False
2145,12.589396,core_stable,False,True,False
2146,12.423074,core_stable,False,True,False
2147,12.340468,core_stable,False,True,False
2148,12.143149,core_stable,False,True,False
2149,12.060012,core_stable,False,True,False
2150,12.784528,core_stable,False,True,False
2151,12.624742,core_stable,False,True,False
2152,12.92831,cache_memory_jitter,False,True,False
2153,12.323425,core_stable,False,True,False
2154,12.064413,core_stable,False,True,False
2155,12.092979,core_stable,False,True,False
2156,12.055691,core_stable,False,True,False
2157,13.863166,branch_miss,False,True,False
2158,13.11537,cache_memory_jitter,False,True,False
2159,12.595132,core_stable,False,True,False
2160,14.065136,branch_miss,False,True,False
2161,12.310222,core_stable,False,True,False
2162,12.15091,core_stable,False,True,False
2163,12.57139,core_stable,False,True,False
2164,12.021684,core_stable,False,True,False
2165,12.224685,core_stable,False,True,False
2166,12.088338,core_stable,False,True,False
2167,12.42014,core_stable,False,True,False
2168,12.138748,core_stable,False,True,False
2169,12.376155,core_stable,False,True,False
2170,12.060812,core_stable,False,True,False
2171,12.063933,core_stable,False,True,False
2172,13.643162,branch_miss,False,True,False
2173,12.353911,core_stable,False,True,False
2174,12.394239,core_stable,False,True,False
2175,12.238368,core_stable,False,True,False
2176,12.077215,core_stable,False,True,False
2177,12.140108,core_stable,False,True,False
2178,12.825322,cache_memory_jitter,False,True,False
2179,12.555652,core_stable,False,True,False
2180,12.127786,core_stable,False,True,False
2181,12.496032,core_stable,False,True,False
2182,12.275815,core_stable,False,True,False
2183,12.747316,core_stable,False,True,False
2184,12.289818,core_stable,False,True,False
2185,13.659993,branch_miss,False,True,False
2186,13.238676,cache_memory_jitter,False,True,False
2187,12.216923,core_stable,False,True,False
2188,12.290938,core_stable,False,True,False
2189,12.087297,core_stable,False,True,False
2190,12.076015,core_stable,False,True,False
2191,12.393679,core_stable,False,True,False
2192,12.62901,core_stable,False,True,False
2193,12.138188,core_stable,False,True,False
2194,12.344469,core_stable,False,True,False
2195,12.51057,core_stable,False,True,False
2196,12.182837,core_stable,False,True,False
2197,12.159072,core_stable,False,True,False
2198,12.66889,core_stable,False,True,False
2199,12.169554,core_stable,False,True,False
2200,13.338862,cache_memory_jitter,False,True,False
2201,12.368234,core_stable,False,True,False
2202,12.291258,core_stable,False,True,False
2203,12.34839,core_stable,False,True,False
2204,12.544448,core_stable,False,True,False
2205,12.268614,core_stable,False,True,False
2206,15.339146,interrupt_delay,False,True,False
2207,12.547249,core_stable,False,True,False
2208,12.313103,core_stable,False,True,False
2209,12.343189,core_stable,False,True,False
2210,12.321024,core_stable,False,True,False
2211,12.057451,core_stable,False,True,False
2212,12.357752,core_stable,False,True,False
2213,12.277335,core_stable,False,True,False
2214,12.647949,core_stable,False,True,False
2215,12.654885,core_stable,False,True,False
2216,12.364073,core_stable,False,True,False
2217,13.268802,cache_memory_jitter,False,True,False
2218,12.159952,core_stable,False,True,False
2219,12.321504,core_stable,False,True,False
2220,13.565019,branch_miss,False,True,False
2221,12.689563,core_stable,False,True,False
2222,13.092951,cache_memory_jitter,False,True,False
2223,12.128346,core_stable,False,True,False
2224,12.007201,core_stable,False,True,False
2225,12.016483,core_stable,False,True,False
2226,12.020724,core_stable,False,True,False
2227,12.718773,core_stable,False,True,False
2228,12.383757,core_stable,False,True,False
2229,12.34927,core_stable,False,True,False
2230,12.232767,core_stable,False,True,False
2231,12.588196,core_stable,False,True,False
2232,12.392078,core_stable,False,True,False
2233,13.041807,cache_memory_jitter,False,True,False
2234,12.745048,core_stable,False,True,False
2235,12.743715,core_stable,False,True,False
2236,12.697966,core_stable,False,True,False
2237,12.275175,core_stable,False,True,False
2238,12.648883,core_stable,False,True,False
2239,12.555118,core_stable,False,True,False
2240,12.605935,core_stable,False,True,False
2241,13.653982,branch_miss,False,True,False
2242,12.272054,core_stable,False,True,False
2243,12.658753,core_stable,False,True,False
2244,12.268694,core_stable,False,True,False
2245,15.537634,interrupt_delay,False,True,False
2246,12.10082,core_stable,False,True,False
2247,12.037047,core_stable,False,True,False
2248,12.439213,core_stable,False,True,False
2249,13.212754,cache_memory_jitter,False,True,False
2250,12.454418,core_stable,False,True,False
2251,12.187718,core_stable,False,True,False
2252,12.069694,core_stable,False,True,False
2253,12.008722,core_stable,False,True,False
2254,13.413126,cache_memory_jitter,False,True,False
2255,12.748516,core_stable,False,True,False
2256,15.140658,interrupt_delay,False,True,False
2257,12.725975,core_stable,False,True,False
2258,12.111702,core_stable,False,True,False
2259,12.522307,core_stable,False,True,False
2260,12.483361,core_stable,False,True,False
2261,12.48016,core_stable,False,True,False
2262,12.395439,core_stable,False,True,False
2263,12.29926,core_stable,False,True,False
2264,12.382877,core_stable,False,True,False
2265,12.019204,core_stable,False,True,False
2266,12.775725,core_stable,False,True,False
2267,12.593264,core_stable,False,True,False
2268,12.263653,core_stable,False,True,False
2269,12.369274,core_stable,False,True,False
2270,12.323185,core_stable,False,True,False
2271,12.026325,core_stable,False,True,False
2272,12.091858,core_stable,False,True,False
2273,12.488296,core_stable,False,True,False
2274,12.332867,core_stable,False,True,False
2275,12.134347,core_stable,False,True,False
2276,12.00048,core_stable,False,True,False
2277,12.365033,core_stable,False,True,False
2278,12.096019,core_stable,False,True,False
2279,12.763855,core_stable,False,True,False
2280,12.385997,core_stable,False,True,False
2281,12.579527,core_stable,False,True,False
2282,12.862453,cache_memory_jitter,False,True,False
2283,12.56859,core_stable,False,True,False
2284,12.429343,core_stable,False,True,False
2285,13.954533,branch_miss,False,True,False
2286,12.10162,core_stable,False,True,False
2287,13.482485,cache_memory_jitter,False,True,False
2288,12.714105,core_stable,False,True,False
2289,12.120904,core_stable,False,True,False
2290,12.281496,core_stable,False,True,False
2291,14.400839,interrupt_delay,False,True,False
2292,12.027526,core_stable,False,True,False
2293,12.559386,core_stable,False,True,False
2294,12.514972,core_stable,False,True,False
2295,12.371274,core_stable,False,True,False
2296,12.374075,core_stable,False,True,False
2297,12.156911,core_stable,False,True,False
2298,12.193319,core_stable,False,True,False
2299,12.418006,core_stable,False,True,False
2300,13.751361,branch_miss,False,True,False
2301,12.19796,core_stable,False,True,False
2302,12.304621,core_stable,False,True,False
2303,13.260395,cache_memory_jitter,False,True,False
2304,12.271654,core_stable,False,True,False
2305,12.55992,core_stable,False,True,False
2306,12.025845,core_stable,False,True,False
2307,12.20156,core_stable,False,True,False
2308,12.617806,core_stable,False,True,False
2309,12.544048,core_stable,False,True,False
2310,12.432144,core_stable,False,True,False
2311,12.477226,core_stable,False,True,False
2312,12.328866,core_stable,False,True,False
2313,12.111142,core_stable,False,True,False
2314,12.642347,core_stable,False,True,False
2315,12.690363,core_stable,False,True,False
2316,13.194538,cache_memory_jitter,False,True,False
2317,13.699666,branch_miss,False,True,False
2318,12.164193,core_stable,False,True,False
2319,14.025463,branch_miss,False,True,False
2320,12.728243,core_stable,False,True,False
2321,13.74535,branch_miss,False,True,False
2322,12.89398,cache_memory_jitter,False,True,False
2323,13.275808,cache_memory_jitter,False,True,False
2324,13.78382,branch_miss,False,True,False
2325,12.276775,core_stable,False,True,False
2326,13.449557,cache_memory_jitter,False,True,False
2327,13.179125,cache_memory_jitter,False,True,False
2328,12.654618,core_stable,False,True,False
2329,12.087377,core_stable,False,True,False
2330,16.998051,worst_case_protection_path,False,True,False
2331,12.745582,core_stable,False,True,False
2332,12.397359,core_stable,False,True,False
2333,12.536445,core_stable,False,True,False
2334,12.667022,core_stable,False,True,False
2335,13.530155,branch_miss,False,True,False
2336,12.3015,core_stable,False,True,False
2337,12.356791,core_stable,False,True,False
2338,12.687162,core_stable,False,True,False
2339,12.304221,core_stable,False,True,False
2340,12.229326,core_stable,False,True,False
2341,12.14763,core_stable,False,True,False
2342,12.315103,core_stable,False,True,False
2343,12.086657,core_stable,False,True,False
2344,12.209722,core_stable,False,True,False
2345,12.435345,core_stable,False,True,False
2346,12.15131,core_stable,False,True,False
2347,12.560587,core_stable,False,True,False
2348,12.587262,core_stable,False,True,False
2349,12.383357,core_stable,False,True,False
2350,13.341664,cache_memory_jitter,False,True,False
2351,13.299628,cache_memory_jitter,False,True,False
2352,12.765589,core_stable,False,True,False
2353,12.20188,core_stable,False,True,False
2354,12.574058,core_stable,False,True,False
2355,12.366713,core_stable,False,True,False
2356,12.745315,core_stable,False,True,False
2357,12.134747,core_stable,False,True,False
2358,12.476826,core_stable,False,True,False
2359,12.081936,core_stable,False,True,False
2360,12.667823,core_stable,False,True,False
2361,12.475225,core_stable,False,True,False
2362,12.545782,core_stable,False,True,False
2363,12.798266,core_stable,False,True,False
2364,14.118144,interrupt_delay,False,True,False
2365,17.47883,worst_case_protection_path,False,True,False
2366,12.901687,cache_memory_jitter,False,True,False
2367,12.678626,core_stable,False,True,False
2368,12.436946,core_stable,False,True,False
2369,12.559787,core_stable,False,True,False
2370,13.860761,branch_miss,False,True,False
2371,12.246929,core_stable,False,True,False
2372,12.142348,core_stable,False,True,False
2373,12.077936,core_stable,False,True,False
2374,12.505769,core_stable,False,True,False
2375,12.174835,core_stable,False,True,False
2376,12.446282,core_stable,False,True,False
2377,12.491097,core_stable,False,True,False
2378,12.015603,core_stable,False,True,False
2379,12.113783,core_stable,False,True,False
2380,13.327652,cache_memory_jitter,False,True,False
2381,12.269894,core_stable,False,True,False
2382,12.532177,core_stable,False,True,False
2383,13.276508,cache_memory_jitter,False,True,False
2384,12.503234,core_stable,False,True,False
2385,12.359912,core_stable,False,True,False
2386,12.124585,core_stable,False,True,False
2387,12.167634,core_stable,False,True,False
2388,12.915699,cache_memory_jitter,False,True,False
2389,16.5001,worst_case_protection_path,False,True,False
2390,12.076495,core_stable,False,True,False
2391,12.312703,core_stable,False,True,False
2392,14.030272,branch_miss,False,True,False
2393,12.040488,core_stable,False,True,False
2394,12.144909,core_stable,False,True,False
2395,12.226605,core_stable,False,True,False
2396,12.202841,core_stable,False,True,False
2397,13.474078,cache_memory_jitter,False,True,False
2398,18.079805,worst_case_protection_path,False,True,False
2399,12.346549,core_stable,False,True,False
2400,12.092899,core_stable,False,True,False
2401,13.27861,cache_memory_jitter,False,True,False
2402,12.121944,core_stable,False,True,False
2403,12.630077,core_stable,False,True,False
2404,13.923276,branch_miss,False,True,False
2405,12.238208,core_stable,False,True,False
2406,12.213003,core_stable,False,True,False
2407,12.00016,core_stable,False,True,False
2408,12.500967,core_stable,False,True,False
2409,13.020789,cache_memory_jitter,False,True,False
2410,12.56979,core_stable,False,True,False
2411,12.590597,core_stable,False,True,False
2412,12.318464,core_stable,False,True,False
2413,12.167073,core_stable,False,True,False
2414,12.452151,core_stable,False,True,False
2415,12.638346,core_stable,False,True,False
2416,12.752117,core_stable,False,True,False
2417,12.123945,core_stable,False,True,False
2418,12.560187,core_stable,False,True,False
2419,12.037848,core_stable,False,True,False
2420,12.222284,core_stable,False,True,False
2421,13.687644,branch_miss,False,True,False
2422,12.097059,core_stable,False,True,False
2423,13.357077,cache_memory_jitter,False,True,False
2424,12.705702,core_stable,False,True,False
2425,12.589263,core_stable,False,True,False
2426,13.295425,cache_memory_jitter,False,True,False
2427,13.116771,cache_memory_jitter,False,True,False
2428,12.72104,core_stable,False,True,False
2429,12.401067,core_stable,False,True,False
2430,14.057923,branch_miss,False,True,False
2431,12.363353,core_stable,False,True,False
2432,13.397012,cache_memory_jitter,False,True,False
2433,12.223405,core_stable,False,True,False
2434,12.398,core_stable,False,True,False
2435,14.220396,interrupt_delay,False,True,False
2436,12.019364,core_stable,False,True,False
2437,13.081741,cache_memory_jitter,False,True,False
2438,12.25157,core_stable,False,True,False
2439,13.158808,cache_memory_jitter,False,True,False
2440,12.244849,core_stable,False,True,False
2441,12.404935,core_stable,False,True,False
2442,13.051616,cache_memory_jitter,False,True,False
2443,12.668223,core_stable,False,True,False
2444,12.58086,core_stable,False,True,False
2445,12.405735,core_stable,False,True,False
2446,12.873663,cache_memory_jitter,False,True,False
2447,12.49083,core_stable,False,True,False
2448,12.62114,core_stable,False,True,False
2449,12.30094,core_stable,False,True,False
2450,12.595665,core_stable,False,True,False
2451,12.29918,core_stable,False,True,False
2452,12.378876,core_stable,False,True,False
2453,15.321102,interrupt_delay,False,True,False
2454,12.802202,cache_memory_jitter,False,True,False
2455,12.894681,cache_memory_jitter,False,True,False
2456,12.656886,core_stable,False,True,False
2457,12.095059,core_stable,False,True,False
2458,12.443214,core_stable,False,True,False
2459,12.360312,core_stable,False,True,False
2460,12.116183,core_stable,False,True,False
2461,12.603801,core_stable,False,True,False
2462,12.264613,core_stable,False,True,False
2463,12.075135,core_stable,False,True,False
2464,12.015283,core_stable,False,True,False
2465,12.329026,core_stable,False,True,False
2466,12.676359,core_stable,False,True,False
2467,12.003841,core_stable,False,True,False
2468,12.174355,core_stable,False,True,False
2469,12.175555,core_stable,False,True,False
2470,12.631677,core_stable,False,True,False
2471,12.122665,core_stable,False,True,False
2472,12.180756,core_stable,False,True,False
2473,12.020004,core_stable,False,True,False
2474,12.122585,core_stable,False,True,False
2475,12.20012,core_stable,False,True,False
2476,13.697262,branch_miss,False,True,False
2477,12.206281,core_stable,False,True,False
2478,12.096899,core_stable,False,True,False
2479,12.147469,core_stable,False,True,False
2480,13.847537,branch_miss,False,True,False
2481,13.483886,cache_memory_jitter,False,True,False
2482,12.677559,core_stable,False,True,False
2483,12.318064,core_stable,False,True,False
2484,12.305421,core_stable,False,True,False
2485,12.343909,core_stable,False,True,False
2486,12.153711,core_stable,False,True,False
2487,12.295899,core_stable,False,True,False
2488,12.653018,core_stable,False,True,False
2489,12.178996,core_stable,False,True,False
2490,12.240208,core_stable,False,True,False
2491,12.129066,core_stable,False,True,False
2492,14.256484,interrupt_delay,False,True,False
2493,12.472958,core_stable,False,True,False
2494,12.196919,core_stable,False,True,False
2495,17.684879,worst_case_protection_path,False,True,False
2496,12.725175,core_stable,False,True,False
2497,12.454285,core_stable,False,True,False
2498,12.345909,core_stable,False,True,False
2499,12.004161,core_stable,False,True,False
2500,12.381276,core_stable,False,True,False
2501,12.461887,core_stable,False,True,False
2502,12.376075,core_stable,False,True,False
2503,12.257972,core_stable,False,True,False
2504,12.196199,core_stable,False,True,False
2505,12.63141,core_stable,False,True,False
2506,12.45962,core_stable,False,True,False
2507,13.043208,cache_memory_jitter,False,True,False
2508,12.376715,core_stable,False,True,False
2509,12.47029,core_stable,False,True,False
2510,12.493231,core_stable,False,True,False
2511,13.492994,cache_memory_jitter,False,True,False
2512,12.693298,core_stable,False,True,False
2513,12.390878,core_stable,False,True,False
2514,12.20236,core_stable,False,True,False
2515,12.395999,core_stable,False,True,False
2516,12.022885,core_stable,False,True,False
2517,12.516706,core_stable,False,True,False
2518,12.212122,core_stable,False,True,False
2519,12.542314,core_stable,False,True,False
2520,12.162272,core_stable,False,True,False
2521,12.153791,core_stable,False,True,False
2522,12.255411,core_stable,False,True,False
2523,12.468823,core_stable,False,True,False
2524,12.425875,core_stable,False,True,False
2525,12.157311,core_stable,False,True,False
2526,12.360712,core_stable,False,True,False
2527,12.462954,core_stable,False,True,False
2528,12.652751,core_stable,False,True,False
2529,16.379704,interrupt_delay,False,True,False
2530,13.667206,branch_miss,False,True,False
2531,12.089058,core_stable,False,True,False
2532,13.3837,cache_memory_jitter,False,True,False
2533,16.946538,worst_case_protection_path,False,True,False
2534,12.775325,core_stable,False,True,False
2535,12.358952,core_stable,False,True,False
2536,12.281096,core_stable,False,True,False
2537,12.178196,core_stable,False,True,False
2538,12.264773,core_stable,False,True,False
2539,12.45922,core_stable,False,True,False
2540,12.0,core_stable,False,True,False
2541,12.377355,core_stable,False,True,False
2542,12.682894,core_stable,False,True,False
2543,12.988562,cache_memory_jitter,False,True,False
2544,13.326251,cache_memory_jitter,False,True,False
2545,12.655819,core_stable,False,True,False
2546,12.526576,core_stable,False,True,False
2547,12.029526,core_stable,False,True,False
2548,12.607803,core_stable,False,True,False
2549,13.131484,cache_memory_jitter,False,True,False
2550,12.059292,core_stable,False,True,False
2551,12.163233,core_stable,False,True,False
2552,12.651417,core_stable,False,True,False
2553,12.295099,core_stable,False,True,False
2554,12.062813,core_stable,False,True,False
2555,12.583261,core_stable,False,True,False
2556,12.04865,core_stable,False,True,False
2557,12.687696,core_stable,False,True,False
2558,12.460153,core_stable,False,True,False
2559,12.082416,core_stable,False,True,False
2560,12.414672,core_stable,False,True,False
2561,12.783461,core_stable,False,True,False
2562,12.674758,core_stable,False,True,False
2563,13.806662,branch_miss,False,True,False
2564,12.670357,core_stable,False,True,False
2565,12.726642,core_stable,False,True,False
2566,15.248924,interrupt_delay,False,True,False
2567,12.512838,core_stable,False,True,False
2568,12.773991,core_stable,False,True,False
2569,12.415472,core_stable,False,True,False
2570,12.41147,core_stable,False,True,False
2571,13.63114,branch_miss,False,True,False
2572,12.443748,core_stable,False,True,False
2573,15.868447,interrupt_delay,False,True,False
2574,12.10114,core_stable,False,True,False
2575,12.422674,core_stable,False,True,False
2576,12.381116,core_stable,False,True,False
2577,13.352874,cache_memory_jitter,False,True,False
2578,12.188038,core_stable,False,True,False
2579,12.317023,core_stable,False,True,False
2580,12.576059,core_stable,False,True,False
2581,12.044649,core_stable,False,True,False
2582,12.090658,core_stable,False,True,False
2583,13.616714,branch_miss,False,True,False
2584,13.197341,cache_memory_jitter,False,True,False
2585,12.186437,core_stable,False,True,False
2586,12.244049,core_stable,False,True,False
2587,12.209402,core_stable,False,True,False
2588,12.556586,core_stable,False,True,False
2589,12.708369,core_stable,False,True,False
2590,12.031046,core_stable,False,True,False
2591,13.130783,cache_memory_jitter,False,True,False
2592,12.675559,core_stable,False,True,False
2593,12.6014,core_stable,False,True,False
2594,12.067614,core_stable,False,True,False
2595,12.336867,core_stable,False,True,False
2596,12.146989,core_stable,False,True,False
2597,12.81201,cache_memory_jitter,False,True,False
2598,12.594065,core_stable,False,True,False
2599,12.017443,core_stable,False,True,False
2600,12.183877,core_stable,False,True,False
2601,12.195639,core_stable,False,True,False
2602,12.768656,core_stable,False,True,False
2603,12.093539,core_stable,False,True,False
2604,12.734512,core_stable,False,True,False
2605,12.170354,core_stable,False,True,False
2606,12.179476,core_stable,False,True,False
2607,12.359592,core_stable,False,True,False
2608,12.634478,core_stable,False,True,False
2609,12.093139,core_stable,False,True,False
2610,12.286457,core_stable,False,True,False
2611,12.289018,core_stable,False,True,False
2612,12.075855,core_stable,False,True,False
2613,12.329666,core_stable,False,True,False
2614,12.673024,core_stable,False,True,False
2615,12.562187,core_stable,False,True,False
2616,12.29886,core_stable,False,True,False
2617,12.254611,core_stable,False,True,False
2618,15.94664,interrupt_delay,False,True,False
2619,12.728376,core_stable,False,True,False
2620,12.336467,core_stable,False,True,False
2621,12.213643,core_stable,False,True,False
2622,12.225965,core_stable,False,True,False
2623,12.070254,core_stable,False,True,False
2624,15.38125,interrupt_delay,False,True,False
2625,12.993466,cache_memory_jitter,False,True,False
2626,12.922005,cache_memory_jitter,False,True,False
2627,14.996303,interrupt_delay,False,True,False
2628,12.139468,core_stable,False,True,False
2629,12.762654,core_stable,False,True,False
2630,12.576992,core_stable,False,True,False
2631,12.753985,core_stable,False,True,False
2632,12.217003,core_stable,False,True,False
2633,12.263973,core_stable,False,True,False
2634,13.991802,branch_miss,False,True,False
2635,12.122184,core_stable,False,True,False
2636,12.024005,core_stable,False,True,False
2637,12.327025,core_stable,False,True,False
2638,12.212843,core_stable,False,True,False
2639,12.467489,core_stable,False,True,False
2640,12.069294,core_stable,False,True,False
2641,13.459365,cache_memory_jitter,False,True,False
2642,12.582594,core_stable,False,True,False
2643,12.184837,core_stable,False,True,False
2644,12.485629,core_stable,False,True,False
2645,14.418884,interrupt_delay,False,True,False
2646,12.317183,core_stable,False,True,False
2647,12.364713,core_stable,False,True,False
2648,12.034807,core_stable,False,True,False
2649,12.232527,core_stable,False,True,False
2650,13.828302,branch_miss,False,True,False
2651,12.725842,core_stable,False,True,False
2652,12.656219,core_stable,False,True,False
2653,13.074735,cache_memory_jitter,False,True,False
2654,12.135867,core_stable,False,True,False
2655,12.593665,core_stable,False,True,False
2656,12.615005,core_stable,False,True,False
2657,13.726114,branch_miss,False,True,False
2658,12.772391,core_stable,False,True,False
2659,12.515372,core_stable,False,True,False
2660,12.759987,core_stable,False,True,False
2661,12.357672,core_stable,False,True,False
2662,12.77119,core_stable,False,True,False
2663,12.223245,core_stable,False,True,False
2664,12.655152,core_stable,False,True,False
2665,12.567122,core_stable,False,True,False
2666,12.451484,core_stable,False,True,False
2667,13.402617,cache_memory_jitter,False,True,False
2668,12.284777,core_stable,False,True,False
2669,12.713438,core_stable,False,True,False
2670,12.452684,core_stable,False,True,False
2671,12.074655,core_stable,False,True,False
2672,12.792798,core_stable,False,True,False
2673,12.665955,core_stable,False,True,False
2674,12.295259,core_stable,False,True,False
2675,12.324785,core_stable,False,True,False
2676,12.53071,core_stable,False,True,False
2677,12.634078,core_stable,False,True,False
2678,12.082176,core_stable,False,True,False
2679,12.192519,core_stable,False,True,False
2680,12.542981,core_stable,False,True,False
2681,12.489363,core_stable,False,True,False
2682,12.070894,core_stable,False,True,False
2683,12.710904,core_stable,False,True,False
2684,12.622207,core_stable,False,True,False
2685,13.460066,cache_memory_jitter,False,True,False
2686,12.751584,core_stable,False,True,False
2687,12.515105,core_stable,False,True,False
2688,12.546582,core_stable,False,True,False
2689,12.219644,core_stable,False,True,False
2690,15.309072,interrupt_delay,False,True,False
2691,12.028486,core_stable,False,True,False
2692,12.29982,core_stable,False,True,False
2693,12.771324,core_stable,False,True,False
2694,14.851948,interrupt_delay,False,True,False
2695,12.539246,core_stable,False,True,False
2696,12.29974,core_stable,False,True,False
2697,12.20068,core_stable,False,True,False
2698,15.134643,interrupt_delay,False,True,False
2699,12.416939,core_stable,False,True,False
2700,12.386637,core_stable,False,True,False
2701,12.751717,core_stable,False,True,False
2702,12.028166,core_stable,False,True,False
2703,13.083143,cache_memory_jitter,False,True,False
2704,14.059125,branch_miss,False,True,False
2705,12.381756,core_stable,False,True,False
2706,12.337267,core_stable,False,True,False
2707,13.195239,cache_memory_jitter,False,True,False
2708,17.993952,worst_case_protection_path,False,True,False
2709,12.14995,core_stable,False,True,False
2710,12.00216,core_stable,False,True,False
2711,12.373355,core_stable,False,True,False
2712,12.504968,core_stable,False,True,False
2713,12.356231,core_stable,False,True,False
2714,12.437879,core_stable,False,True,False
2715,13.294724,cache_memory_jitter,False,True,False
2716,12.356311,core_stable,False,True,False
2717,12.365673,core_stable,False,True,False
2718,12.693831,core_stable,False,True,False
2719,14.160248,interrupt_delay,False,True,False
2720,12.238928,core_stable,False,True,False
2721,12.780127,core_stable,False,True,False
2722,12.029926,core_stable,False,True,False
2723,12.138268,core_stable,False,True,False
2724,12.341188,core_stable,False,True,False
2725,12.246689,core_stable,False,True,False
2726,12.734645,core_stable,False,True,False
2727,12.137227,core_stable,False,True,False
2728,12.24925,core_stable,False,True,False
2729,12.254691,core_stable,False,True,False
2730,12.084177,core_stable,False,True,False
2731,12.697699,core_stable,False,True,False
2732,12.319344,core_stable,False,True,False
2733,12.15219,core_stable,False,True,False
2734,12.165793,core_stable,False,True,False
2735,12.269734,core_stable,False,True,False
2736,13.87639,branch_miss,False,True,False
2737,12.186517,core_stable,False,True,False
2738,12.123545,core_stable,False,True,False
2739,12.658886,core_stable,False,True,False
2740,12.147149,core_stable,False,True,False
2741,12.353751,core_stable,False,True,False
2742,12.778393,core_stable,False,True,False
2743,12.824621,cache_memory_jitter,False,True,False
2744,14.048305,branch_miss,False,True,False
2745,12.707169,core_stable,False,True,False
2746,12.158912,core_stable,False,True,False
2747,12.413204,core_stable,False,True,False
2748,12.141228,core_stable,False,True,False
2749,12.090818,core_stable,False,True,False
2750,12.35231,core_stable,False,True,False
2751,13.673217,branch_miss,False,True,False
2752,12.10218,core_stable,False,True,False
2753,13.607096,branch_miss,False,True,False
2754,12.309982,core_stable,False,True,False
2755,15.874462,interrupt_delay,False,True,False
2756,12.586462,core_stable,False,True,False
2757,12.749316,core_stable,False,True,False
2758,12.468289,core_stable,False,True,False
2759,12.785328,core_stable,False,True,False
2760,12.450684,core_stable,False,True,False
2761,13.632342,branch_miss,False,True,False
2762,12.637412,core_stable,False,True,False
2763,12.108742,core_stable,False,True,False
2764,12.213083,core_stable,False,True,False
2765,14.328662,interrupt_delay,False,True,False
2766,12.432411,core_stable,False,True,False
2767,12.743448,core_stable,False,True,False
2768,13.283514,cache_memory_jitter,False,True,False
2769,13.262496,cache_memory_jitter,False,True,False
2770,12.883471,cache_memory_jitter,False,True,False
2771,12.155471,core_stable,False,True,False
2772,13.258293,cache_memory_jitter,False,True,False
2773,12.125625,core_stable,False,True,False
2774,13.179826,cache_memory_jitter,False,True,False
2775,12.318704,core_stable,False,True,False
2776,12.20124,core_stable,False,True,False
2777,12.303101,core_stable,False,True,False
2778,13.146197,cache_memory_jitter,False,True,False
2779,13.139891,cache_memory_jitter,False,True,False
2780,12.241008,core_stable,False,True,False
2781,12.205721,core_stable,False,True,False
2782,13.229568,cache_memory_jitter,False,True,False
2783,12.625942,core_stable,False,True,False
2784,12.552184,core_stable,False,True,False
2785,13.251287,cache_memory_jitter,False,True,False
2786,13.681633,branch_miss,False,True,False
2787,12.389998,core_stable,False,True,False
2788,12.144029,core_stable,False,True,False
2789,12.386157,core_stable,False,True,False
2790,12.293179,core_stable,False,True,False
2791,12.306781,core_stable,False,True,False
2792,12.532978,core_stable,False,True,False
2793,12.00032,core_stable,False,True,False
2794,12.112102,core_stable,False,True,False
2795,13.658791,branch_miss,False,True,False
2796,12.35095,core_stable,False,True,False
2797,13.218359,cache_memory_jitter,False,True,False
2798,12.673825,core_stable,False,True,False
2799,15.375235,interrupt_delay,False,True,False
2800,12.646616,core_stable,False,True,False
2801,12.282937,core_stable,False,True,False
2802,12.118024,core_stable,False,True,False
2803,12.092178,core_stable,False,True,False
2804,12.062653,core_stable,False,True,False
2805,13.240778,cache_memory_jitter,False,True,False
2806,13.329053,cache_memory_jitter,False,True,False
2807,12.956334,cache_memory_jitter,False,True,False
2808,12.065133,core_stable,False,True,False
2809,13.42994,cache_memory_jitter,False,True,False
2810,12.295819,core_stable,False,True,False
2811,17.169758,worst_case_protection_path,False,True,False
2812,12.068254,core_stable,False,True,False
2813,13.24288,cache_memory_jitter,False,True,False
2814,13.525346,branch_miss,False,True,False
2815,12.327906,core_stable,False,True,False
2816,12.325505,core_stable,False,True,False
2817,12.191318,core_stable,False,True,False
2818,12.279576,core_stable,False,True,False
2819,12.520307,core_stable,False,True,False
2820,12.153551,core_stable,False,True,False
2821,12.207081,core_stable,False,True,False
2822,14.049507,branch_miss,False,True,False
2823,12.270374,core_stable,False,True,False
2824,12.037367,core_stable,False,True,False
2825,12.070814,core_stable,False,True,False
2826,12.255171,core_stable,False,True,False
2827,12.283417,core_stable,False,True,False
2828,12.674225,core_stable,False,True,False
2829,12.377596,core_stable,False,True,False
2830,12.909394,cache_memory_jitter,False,True,False
2831,12.232126,core_stable,False,True,False
2832,12.064093,core_stable,False,True,False
2833,12.578193,core_stable,False,True,False
2834,12.071694,core_stable,False,True,False
2835,12.385357,core_stable,False,True,False
2836,12.228046,core_stable,False,True,False
2837,12.382316,core_stable,False,True,False
2838,16.097009,interrupt_delay,False,True,False
2839,12.131626,core_stable,False,True,False
2840,12.449083,core_stable,False,True,False
2841,13.296125,cache_memory_jitter,False,True,False
2842,13.153903,cache_memory_jitter,False,True,False
2843,12.411871,core_stable,False,True,False
2844,12.653284,core_stable,False,True,False
2845,12.679026,core_stable,False,True,False
2846,12.316063,core_stable,False,True,False
2847,17.736391,worst_case_protection_path,False,True,False
2848,12.392799,core_stable,False,True,False
2849,12.015683,core_stable,False,True,False
2850,12.754385,core_stable,False,True,False
2851,12.472424,core_stable,False,True,False
2852,12.234847,core_stable,False,True,False
2853,12.267093,core_stable,False,True,False
2854,12.938819,cache_memory_jitter,False,True,False
2855,12.224205,core_stable,False,True,False
2856,12.394399,core_stable,False,True,False
2857,12.903789,cache_memory_jitter,False,True,False
2858,12.515905,core_stable,False,True,False
2859,12.235967,core_stable,False,True,False
2860,12.367353,core_stable,False,True,False
2861,12.793731,core_stable,False,True,False
2862,12.319824,core_stable,False,True,False
2863,12.192198,core_stable,False,True,False
2864,12.134507,core_stable,False,True,False
2865,17.616196,worst_case_protection_path,False,True,False
2866,12.166513,core_stable,False,True,False
2867,12.30166,core_stable,False,True,False
2868,12.215483,core_stable,False,True,False
2869,12.034407,core_stable,False,True,False
2870,12.104981,core_stable,False,True,False
2871,12.065373,core_stable,False,True,False
2872,12.481227,core_stable,False,True,False
2873,12.257331,core_stable,False,True,False
2874,12.222525,core_stable,False,True,False
2875,12.362072,core_stable,False,True,False
2876,12.328786,core_stable,False,True,False
2877,12.371194,core_stable,False,True,False
2878,12.258452,core_stable,False,True,False
2879,12.121224,core_stable,False,True,False
2880,12.227405,core_stable,False,True,False
2881,13.833111,branch_miss,False,True,False
2882,12.481094,core_stable,False,True,False
2883,12.244289,core_stable,False,True,False
2884,12.235327,core_stable,False,True,False
2885,12.066813,core_stable,False,True,False
2886,12.506969,core_stable,False,True,False
2887,12.464421,core_stable,False,True,False
2888,12.29774,core_stable,False,True,False
2889,12.375275,core_stable,False,True,False
2890,12.76879,core_stable,False,True,False
2891,12.39776,core_stable,False,True,False
2892,12.416672,core_stable,False,True,False
2893,12.230286,core_stable,False,True,False
2894,12.528309,core_stable,False,True,False
2895,12.426809,core_stable,False,True,False
2896,12.586329,core_stable,False,True,False
2897,12.016963,core_stable,False,True,False
2898,12.644615,core_stable,False,True,False
2899,12.111462,core_stable,False,True,False
2900,12.429877,core_stable,False,True,False
2901,12.53031,core_stable,False,True,False
2902,12.261652,core_stable,False,True,False
2903,13.095753,cache_memory_jitter,False,True,False
2904,12.615539,core_stable,False,True,False
2905,12.313663,core_stable,False,True,False
2906,12.804304,cache_memory_jitter,False,True,False
2907,12.126265,core_stable,False,True,False
2908,12.013763,core_stable,False,True,False
2909,12.117463,core_stable,False,True,False
2910,12.273495,core_stable,False,True,False
2911,12.116263,core_stable,False,True,False
2912,12.658486,core_stable,False,True,False
2913,12.729043,core_stable,False,True,False
2914,14.509106,interrupt_delay,False,True,False
2915,12.011602,core_stable,False,True,False
2916,12.311662,core_stable,False,True,False
2917,12.074175,core_stable,False,True,False
2918,12.192038,core_stable,False,True,False
2919,12.337748,core_stable,False,True,False
2920,12.402934,core_stable,False,True,False
2921,12.092498,core_stable,False,True,False
2922,13.878794,branch_miss,False,True,False
2923,12.038168,core_stable,False,True,False
2924,12.547783,core_stable,False,True,False
2925,12.751984,core_stable,False,True,False
2926,12.39792,core_stable,False,True,False
2927,12.585395,core_stable,False,True,False
2928,13.691251,branch_miss,False,True,False
2929,12.973148,cache_memory_jitter,False,True,False
2930,13.741743,branch_miss,False,True,False
2931,17.358635,worst_case_protection_path,False,True,False
2932,12.505102,core_stable,False,True,False
2933,12.389118,core_stable,False,True,False
2934,12.312783,core_stable,False,True,False
2935,16.409778,interrupt_delay,False,True,False
2936,12.243729,core_stable,False,True,False
2937,12.390238,core_stable,False,True,False
2938,12.296699,core_stable,False,True,False
2939,12.605135,core_stable,False,True,False
2940,12.510303,core_stable,False,True,False
2941,12.686495,core_stable,False,True,False
2942,14.053114,branch_miss,False,True,False
2943,12.261412,core_stable,False,True,False
2944,14.749697,interrupt_delay,False,True,False
2945,12.683294,core_stable,False,True,False
2946,12.232446,core_stable,False,True,False
2947,15.194791,interrupt_delay,False,True,False
2948,12.339428,core_stable,False,True,False
2949,12.39784,core_stable,False,True,False
2950,12.193799,core_stable,False,True,False
2951,12.270614,core_stable,False,True,False
2952,13.383,cache_memory_jitter,False,True,False
2953,12.440413,core_stable,False,True,False
2954,12.123065,core_stable,False,True,False
2955,12.330706,core_stable,False,True,False
2956,12.564321,core_stable,False,True,False
2957,12.2999,core_stable,False,True,False
2958,12.196759,core_stable,False,True,False
2959,12.613404,core_stable,False,True,False
2960,12.217483,core_stable,False,True,False
2961,12.123865,core_stable,False,True,False
2962,12.647683,core_stable,False,True,False
2963,12.265333,core_stable,False,True,False
2964,12.602334,core_stable,False,True,False
2965,12.358072,core_stable,False,True,False
2966,12.467356,core_stable,False,True,False
2967,13.003975,cache_memory_jitter,False,True,False
2968,12.186997,core_stable,False,True,False
2969,12.379596,core_stable,False,True,False
2970,12.611004,core_stable,False,True,False
2971,12.414805,core_stable,False,True,False
2972,12.263573,core_stable,False,True,False
2973,12.776392,core_stable,False,True,False
2974,12.751851,core_stable,False,True,False
2975,13.349371,cache_memory_jitter,False,True,False
2976,13.97978,branch_miss,False,True,False
2977,12.450417,core_stable,False,True,False
2978,12.145069,core_stable,False,True,False
2979,12.182436,core_stable,False,True,False
2980,12.387518,core_stable,False,True,False
2981,12.685695,core_stable,False,True,False
2982,12.288698,core_stable,False,True,False
2983,12.342789,core_stable,False,True,False
2984,12.981556,cache_memory_jitter,False,True,False
2985,15.916566,interrupt_delay,False,True,False
2986,12.320064,core_stable,False,True,False
2987,13.207149,cache_memory_jitter,False,True,False
2988,12.788396,core_stable,False,True,False
2989,12.222444,core_stable,False,True,False
2990,12.602467,core_stable,False,True,False
2991,12.203321,core_stable,False,True,False
2992,12.394879,core_stable,False,True,False
2993,12.141708,core_stable,False,True,False
2994,13.489491,cache_memory_jitter,False,True,False
2995,12.278456,core_stable,False,True,False
2996,12.080176,core_stable,False,True,False
2997,12.5994,core_stable,False,True,False
2998,12.683695,core_stable,False,True,False
2999,12.131466,core_stable,False,True,False
3000,12.315903,core_stable,False,True,False
3001,12.365513,core_stable,False,True,False
3002,12.742781,core_stable,False,True,False
3003,12.144989,core_stable,False,True,False
3004,12.607402,core_stable,False,True,False
3005,12.271494,core_stable,False,True,False
3006,12.562321,core_stable,False,True,False
3007,12.224765,core_stable,False,True,False
3008,12.361912,core_stable,False,True,False
3009,12.071774,core_stable,False,True,False
3010,12.392639,core_stable,False,True,False
3011,12.159472,core_stable,False,True,False
3012,12.353991,core_stable,False,True,False
3013,12.282697,core_stable,False,True,False
3014,12.533244,core_stable,False,True,False
3015,12.968945,cache_memory_jitter,False,True,False
3016,12.474025,core_stable,False,True,False
3017,12.715038,core_stable,False,True,False
3018,13.040406,cache_memory_jitter,False,True,False
3019,12.055291,core_stable,False,True,False
3020,12.335587,core_stable,False,True,False
3021,12.338628,core_stable,False,True,False
3022,12.438813,core_stable,False,True,False
3023,15.6459,interrupt_delay,False,True,False
3024,12.654085,core_stable,False,True,False
3025,12.734111,core_stable,False,True,False
3026,12.133147,core_stable,False,True,False
3027,12.516972,core_stable,False,True,False
3028,12.187237,core_stable,False,True,False
3029,12.58046,core_stable,False,True,False
3030,12.178756,core_stable,False,True,False
3031,12.212362,core_stable,False,True,False
3032,12.063053,core_stable,False,True,False
3033,12.043289,core_stable,False,True,False
3034,12.860352,cache_memory_jitter,False,True,False
3035,12.313583,core_stable,False,True,False
3036,12.335667,core_stable,False,True,False
3037,12.388878,core_stable,False,True,False
3038,12.719306,core_stable,False,True,False
3039,12.144189,core_stable,False,True,False
3040,12.30054,core_stable,False,True,False
3041,12.24829,core_stable,False,True,False
3042,12.235167,core_stable,False,True,False
3043,12.767456,core_stable,False,True,False
3044,12.158752,core_stable,False,True,False
3045,12.287578,core_stable,False,True,False
3046,12.665022,core_stable,False,True,False
3047,12.608336,core_stable,False,True,False
3048,13.340964,cache_memory_jitter,False,True,False
3049,12.042889,core_stable,False,True,False
3050,12.534045,core_stable,False,True,False
3051,12.089698,core_stable,False,True,False
3052,12.09802,core_stable,False,True,False
3053,12.193639,core_stable,False,True,False
3054,15.880477,interrupt_delay,False,True,False
3055,12.319584,core_stable,False,True,False
3056,12.628076,core_stable,False,True,False
3057,12.105301,core_stable,False,True,False
3058,12.67129,core_stable,False,True,False
3059,12.154591,core_stable,False,True,False
3060,12.161712,core_stable,False,True,False
3061,12.057852,core_stable,False,True,False
3062,12.037608,core_stable,False,True,False
3063,12.027926,core_stable,False,True,False
3064,12.166833,core_stable,False,True,False
3065,12.662754,core_stable,False,True,False
3066,12.526976,core_stable,False,True,False
3067,12.704235,core_stable,False,True,False
3068,12.386477,core_stable,False,True,False
3069,12.5998,core_stable,False,True,False
3070,13.277209,cache_memory_jitter,False,True,False
3071,12.336947,core_stable,False,True,False
3072,12.569523,core_stable,False,True,False
3073,12.332547,core_stable,False,True,False
3074,12.532711,core_stable,False,True,False
3075,13.216957,cache_memory_jitter,False,True,False
3076,12.295659,core_stable,False,True,False
3077,12.311902,core_stable,False,True,False
3078,13.247784,cache_memory_jitter,False,True,False
3079,12.499233,core_stable,False,True,False
3080,12.172755,core_stable,False,True,False
3081,12.030086,core_stable,False,True,False
3082,12.568456,core_stable,False,True,False
3083,12.599266,core_stable,False,True,False
3084,12.630343,core_stable,False,True,False
3085,12.383117,core_stable,False,True,False
3086,14.797815,interrupt_delay,False,True,False
3087,12.374715,core_stable,False,True,False
3088,12.39888,core_stable,False,True,False
3089,12.35023,core_stable,False,True,False
3090,13.106262,cache_memory_jitter,False,True,False
3091,12.14987,core_stable,False,True,False
3092,12.468556,core_stable,False,True,False
3093,12.373595,core_stable,False,True,False
3094,12.756652,core_stable,False,True,False
3095,12.603001,core_stable,False,True,False
3096,12.367433,core_stable,False,True,False
3097,12.774258,core_stable,False,True,False
3098,12.389678,core_stable,False,True,False
3099,12.775992,core_stable,False,True,False
3100,12.028566,core_stable,False,True,False
3101,12.096179,core_stable,False,True,False
3102,12.210442,core_stable,False,True,False
3103,12.651817,core_stable,False,True,False
3104,12.080336,core_stable,False,True,False
3105,12.24917,core_stable,False,True,False
3106,12.358232,core_stable,False,True,False
3107,12.371514,core_stable,False,True,False
3108,12.521641,core_stable,False,True,False
3109,12.196359,core_stable,False,True,False
3110,12.483895,core_stable,False,True,False
3111,12.410003,core_stable,False,True,False
3112,12.086897,core_stable,False,True,False
3113,12.755452,core_stable,False,True,False
3114,12.19836,core_stable,False,True,False
3115,12.156191,core_stable,False,True,False
3116,13.873986,branch_miss,False,True,False
3117,12.029206,core_stable,False,True,False
3118,12.515505,core_stable,False,True,False
3119,12.650083,core_stable,False,True,False
3120,14.154233,interrupt_delay,False,True,False
3121,12.694365,core_stable,False,True,False
3122,12.166993,core_stable,False,True,False
3123,12.303901,core_stable,False,True,False
3124,12.672224,core_stable,False,True,False
3125,12.665155,core_stable,False,True,False
3126,12.452017,core_stable,False,True,False
3127,12.382797,core_stable,False,True,False
3128,12.61954,core_stable,False,True,False
3129,12.093779,core_stable,False,True,False
3130,14.077158,branch_miss,False,True,False
3131,12.39912,core_stable,False,True,False
3132,12.597666,core_stable,False,True,False
3133,12.293979,core_stable,False,True,False
3134,14.079563,branch_miss,False,True,False
3135,12.024325,core_stable,False,True,False
3136,13.637151,branch_miss,False,True,False
3137,12.538846,core_stable,False,True,False
3138,12.05169,core_stable,False,True,False
3139,12.234047,core_stable,False,True,False
3140,12.463221,core_stable,False,True,False
3141,12.181156,core_stable,False,True,False
3142,12.35167,core_stable,False,True,False
3143,12.197479,core_stable,False,True,False
3144,12.276055,core_stable,False,True,False
3145,12.317984,core_stable,False,True,False
3146,12.635679,core_stable,False,True,False
3147,13.58185,branch_miss,False,True,False
3148,13.326952,cache_memory_jitter,False,True,False
3149,12.376955,core_stable,False,True,False
3150,12.371594,core_stable,False,True,False
3151,12.119864,core_stable,False,True,False
3152,12.919903,cache_memory_jitter,False,True,False
3153,12.558053,core_stable,False,True,False
3154,13.188233,cache_memory_jitter,False,True,False
3155,12.358792,core_stable,False,True,False
3156,12.784795,core_stable,False,True,False
3157,13.852346,branch_miss,False,True,False
3158,12.763054,core_stable,False,True,False
3159,16.169187,interrupt_delay,False,True,False
3160,12.175475,core_stable,False,True,False
3161,13.355676,cache_memory_jitter,False,True,False
3162,12.687296,core_stable,False,True,False
3163,14.23844,interrupt_delay,False,True,False
3164,12.163713,core_stable,False,True,False
3165,12.192759,core_stable,False,True,False
3166,12.016243,core_stable,False,True,False
3167,12.484828,core_stable,False,True,False
3168,12.764388,core_stable,False,True,False
3169,12.229646,core_stable,False,True,False
3170,15.206821,interrupt_delay,False,True,False
3171,12.196119,core_stable,False,True,False
3172,12.677159,core_stable,False,True,False
3173,12.164993,core_stable,False,True,False
3174,12.665288,core_stable,False,True,False
3175,12.04945,core_stable,False,True,False
3176,13.162311,cache_memory_jitter,False,True,False
3177,13.310838,cache_memory_jitter,False,True,False
3178,12.285577,core_stable,False,True,False
3179,17.066733,worst_case_protection_path,False,True,False
3180,12.452818,core_stable,False,True,False
3181,14.424898,interrupt_delay,False,True,False
3182,12.034727,core_stable,False,True,False
3183,12.106981,core_stable,False,True,False
3184,12.451884,core_stable,False,True,False
3185,12.085537,core_stable,False,True,False
3186,12.792264,core_stable,False,True,False
3187,12.192278,core_stable,False,True,False
3188,12.380636,core_stable,False,True,False
3189,12.052891,core_stable,False,True,False
3190,13.110466,cache_memory_jitter,False,True,False
3191,12.003281,core_stable,False,True,False
3192,12.736912,core_stable,False,True,False
3193,12.739046,core_stable,False,True,False
3194,12.982957,cache_memory_jitter,False,True,False
3195,14.009835,branch_miss,False,True,False
3196,12.244929,core_stable,False,True,False
3197,12.007522,core_stable,False,True,False
3198,12.615672,core_stable,False,True,False
3199,12.273255,core_stable,False,True,False
3200,15.712063,interrupt_delay,False,True,False
3201,12.531244,core_stable,False,True,False
3202,12.04761,core_stable,False,True,False
3203,12.105861,core_stable,False,True,False
3204,16.843514,worst_case_protection_path,False,True,False
3205,12.567656,core_stable,False,True,False
3206,13.200844,cache_memory_jitter,False,True,False
3207,12.331346,core_stable,False,True,False
3208,12.390718,core_stable,False,True,False
3209,12.380156,core_stable,False,True,False
3210,12.518973,core_stable,False,True,False
3211,12.20196,core_stable,False,True,False
3212,12.064013,core_stable,False,True,False
3213,12.295019,core_stable,False,True,False
3214,14.581283,interrupt_delay,False,True,False
3215,12.227646,core_stable,False,True,False
3216,13.703273,branch_miss,False,True,False
3217,12.237247,core_stable,False,True,False
3218,12.096819,core_stable,False,True,False
3219,12.230446,core_stable,False,True,False
3220,12.317904,core_stable,False,True,False
3221,13.569828,branch_miss,False,True,False
3222,12.064333,core_stable,False,True,False
3223,13.53256,branch_miss,False,True,False
3224,12.242689,core_stable,False,True,False
3225,12.123305,core_stable,False,True,False
3226,13.333257,cache_memory_jitter,False,True,False
3227,12.111782,core_stable,False,True,False
3228,12.582994,core_stable,False,True,False
3229,12.375195,core_stable,False,True,False
3230,12.114103,core_stable,False,True,False
3231,12.182196,core_stable,False,True,False
3232,13.551795,branch_miss,False,True,False
3233,12.183397,core_stable,False,True,False
3234,12.438546,core_stable,False,True,False
3235,12.620207,core_stable,False,True,False
3236,12.494031,core_stable,False,True,False
3237,12.014003,core_stable,False,True,False
3238,12.279416,core_stable,False,True,False
3239,12.225805,core_stable,False,True,False
3240,12.527376,core_stable,False,True,False
3241,14.671505,interrupt_delay,False,True,False
3242,12.244769,core_stable,False,True,False
3243,15.224865,interrupt_delay,False,True,False
3244,12.473625,core_stable,False,True,False
3245,13.210652,cache_memory_jitter,False,True,False
3246,13.016586,cache_memory_jitter,False,True,False
3247,13.237275,cache_memory_jitter,False,True,False
3248,12.280216,core_stable,False,True,False
3249,12.696766,core_stable,False,True,False
3250,12.547916,core_stable,False,True,False
3251,12.53858,core_stable,False,True,False
3252,12.280856,core_stable,False,True,False
3253,12.209802,core_stable,False,True,False
3254,12.453618,core_stable,False,True,False
3255,12.592731,core_stable,False,True,False
3256,12.164833,core_stable,False,True,False
3257,13.522942,branch_miss,False,True,False
3258,12.021604,core_stable,False,True,False
3259,12.234687,core_stable,False,True,False
3260,12.115223,core_stable,False,True,False
3261,15.826344,interrupt_delay,False,True,False
3262,12.356871,core_stable,False,True,False
3263,14.097596,branch_miss,False,True,False
3264,12.258692,core_stable,False,True,False
3265,12.114263,core_stable,False,True,False
3266,12.341508,core_stable,False,True,False
3267,12.605535,core_stable,False,True,False
3268,12.110982,core_stable,False,True,False
3269,12.415338,core_stable,False,True,False
3270,12.657953,core_stable,False,True,False
3271,12.126985,core_stable,False,True,False
3272,12.29942,core_stable,False,True,False
3273,12.687829,core_stable,False,True,False
3274,12.42881,core_stable,False,True,False
3275,12.30038,core_stable,False,True,False
3276,13.871581,branch_miss,False,True,False
3277,12.866657,cache_memory_jitter,False,True,False
3278,12.204361,core_stable,False,True,False
3279,12.656352,core_stable,False,True,False
3280,12.123785,core_stable,False,True,False
3281,12.557786,core_stable,False,True,False
3282,13.221161,cache_memory_jitter,False,True,False
3283,12.310142,core_stable,False,True,False
3284,12.311502,core_stable,False,True,False
3285,12.172354,core_stable,False,True,False
3286,12.046569,core_stable,False,True,False
3287,12.642081,core_stable,False,True,False
3288,13.610703,branch_miss,False,True,False
3289,12.940921,cache_memory_jitter,False,True,False
3290,12.134267,core_stable,False,True,False
3291,12.537513,core_stable,False,True,False
3292,12.426542,core_stable,False,True,False
3293,12.803603,cache_memory_jitter,False,True,False
3294,13.217658,cache_memory_jitter,False,True,False
3295,12.530443,core_stable,False,True,False
3296,12.186917,core_stable,False,True,False
3297,12.156751,core_stable,False,True,False
3298,12.270534,core_stable,False,True,False
3299,12.354151,core_stable,False,True,False
3300,12.443348,core_stable,False,True,False
3301,12.090178,core_stable,False,True,False
3302,12.117624,core_stable,False,True,False
3303,12.401467,core_stable,False,True,False
3304,12.175075,core_stable,False,True,False
3305,12.618339,core_stable,False,True,False
3306,12.573391,core_stable,False,True,False
3307,12.783194,core_stable,False,True,False
3308,12.511637,core_stable,False,True,False
3309,12.780794,core_stable,False,True,False
3310,12.246369,core_stable,False,True,False
3311,12.746382,core_stable,False,True,False
3312,12.137387,core_stable,False,True,False
3313,12.274695,core_stable,False,True,False
3314,12.471224,core_stable,False,True,False
3315,13.788629,branch_miss,False,True,False
3316,12.189478,core_stable,False,True,False
3317,12.360072,core_stable,False,True,False
3318,12.008562,core_stable,False,True,False
3319,12.723441,core_stable,False,True,False
3320,12.45135,core_stable,False,True,False
3321,17.787903,worst_case_protection_path,False,True,False
3322,12.4,core_stable,False,True,False
3323,12.121064,core_stable,False,True,False
3324,12.189558,core_stable,False,True,False
3325,12.511237,core_stable,False,True,False
3326,12.233247,core_stable,False,True,False
3327,12.293579,core_stable,False,True,False
3328,12.040648,core_stable,False,True,False
3329,12.065853,core_stable,False,True,False
3330,12.078016,core_stable,False,True,False
3331,12.390158,core_stable,False,True,False
3332,12.616205,core_stable,False,True,False
3333,12.233887,core_stable,False,True,False
3334,12.616606,core_stable,False,True,False
3335,13.507313,branch_miss,False,True,False
3336,12.108902,core_stable,False,True,False
3337,12.227165,core_stable,False,True,False
3338,12.34863,core_stable,False,True,False
3339,12.153071,core_stable,False,True,False
3340,12.00168,core_stable,False,True,False
3341,12.402001,core_stable,False,True,False
3342,12.395599,core_stable,False,True,False
3343,13.791033,branch_miss,False,True,False
3344,13.769394,branch_miss,False,True,False
3345,12.953532,cache_memory_jitter,False,True,False
3346,13.818684,branch_miss,False,True,False
3347,12.202761,core_stable,False,True,False
3348,13.436245,cache_memory_jitter,False,True,False
3349,12.947927,cache_memory_jitter,False,True,False
3350,12.04889,core_stable,False,True,False
3351,12.716906,core_stable,False,True,False
3352,17.513172,worst_case_protection_path,False,True,False
3353,12.121784,core_stable,False,True,False
3354,12.797733,core_stable,False,True,False
3355,12.46949,core_stable,False,True,False
3356,12.795198,core_stable,False,True,False
3357,12.722641,core_stable,False,True,False
3358,12.752651,core_stable,False,True,False
3359,12.279096,core_stable,False,True,False
3360,13.049514,cache_memory_jitter,False,True,False
3361,12.265413,core_stable,False,True,False
3362,12.365833,core_stable,False,True,False
3363,12.096419,core_stable,False,True,False
3364,12.116023,core_stable,False,True,False
3365,12.359192,core_stable,False,True,False
3366,12.434545,core_stable,False,True,False
3367,12.035447,core_stable,False,True,False
3368,12.980154,cache_memory_jitter,False,True,False
3369,12.345349,core_stable,False,True,False
3370,12.78893,core_stable,False,True,False
3371,12.34759,core_stable,False,True,False
3372,12.331666,core_stable,False,True,False
3373,12.431477,core_stable,False,True,False
3374,12.242769,core_stable,False,True,False
3375,12.077616,core_stable,False,True,False
3376,12.25237,core_stable,False,True,False
3377,13.928085,branch_miss,False,True,False
3378,13.137089,cache_memory_jitter,False,True,False
3379,12.031766,core_stable,False,True,False
3380,12.012002,core_stable,False,True,False
3381,12.044889,core_stable,False,True,False
3382,12.004241,core_stable,False,True,False
3383,12.787996,core_stable,False,True,False
3384,13.050214,cache_memory_jitter,False,True,False
3385,12.057532,core_stable,False,True,False
3386,12.420407,core_stable,False,True,False
3387,12.033207,core_stable,False,True,False
3388,12.066573,core_stable,False,True,False
3389,12.244129,core_stable,False,True,False
3390,12.48883,core_stable,False,True,False
3391,12.135627,core_stable,False,True,False
3392,12.140988,core_stable,False,True,False
3393,12.47896,core_stable,False,True,False
3394,12.453351,core_stable,False,True,False
3395,12.111222,core_stable,False,True,False
3396,13.54939,branch_miss,False,True,False
3397,12.343269,core_stable,False,True,False
3398,12.296459,core_stable,False,True,False
3399,13.506111,branch_miss,False,True,False
3400,12.635012,core_stable,False,True,False
3401,12.302941,core_stable,False,True,False
3402,12.260452,core_stable,False,True,False
3403,12.221244,core_stable,False,True,False
3404,12.219964,core_stable,False,True,False
3405,12.311582,core_stable,False,True,False
3406,16.151142,interrupt_delay,False,True,False
3407,12.261092,core_stable,False,True,False
3408,13.461467,cache_memory_jitter,False,True,False
3409,13.531357,branch_miss,False,True,False
3410,12.288138,core_stable,False,True,False
3411,12.208762,core_stable,False,True,False
3412,12.141468,core_stable,False,True,False
3413,12.34887,core_stable,False,True,False
3414,12.638079,core_stable,False,True,False
3415,12.578993,core_stable,False,True,False
3416,12.560053,core_stable,False,True,False
3417,12.686629,core_stable,False,True,False
3418,12.456152,core_stable,False,True,False
3419,12.577926,core_stable,False,True,False
3420,12.693164,core_stable,False,True,False
3421,12.224605,core_stable,False,True,False
3422,12.409336,core_stable,False,True,False
3423,12.178916,core_stable,False,True,False
3424,12.775458,core_stable,False,True,False
3425,12.161792,core_stable,False,True,False
3426,16.723319,worst_case_protection_path,False,True,False
3427,12.404268,core_stable,False,True,False
3428,12.325985,core_stable,False,True,False
3429,12.772924,core_stable,False,True,False
3430,12.39864,core_stable,False,True,False
3431,12.817615,cache_memory_jitter,False,True,False
3432,12.241568,core_stable,False,True,False
3433,12.902388,cache_memory_jitter,False,True,False
3434,12.533645,core_stable,False,True,False
3435,12.297339,core_stable,False,True,False
3436,12.012563,core_stable,False,True,False
3437,14.888037,interrupt_delay,False,True,False
3438,12.282216,core_stable,False,True,False
3439,12.335027,core_stable,False,True,False
3440,12.04993,core_stable,False,True,False
3441,12.112342,core_stable,False,True,False
3442,12.595932,core_stable,False,True,False
3443,14.785786,interrupt_delay,False,True,False
3444,12.306861,core_stable,False,True,False
3445,12.432011,core_stable,False,True,False
3446,12.586862,core_stable,False,True,False
3447,13.152502,cache_memory_jitter,False,True,False
3448,12.694898,core_stable,False,True,False
3449,12.018964,core_stable,False,True,False
3450,12.328226,core_stable,False,True,False
3451,12.655285,core_stable,False,True,False
3452,12.277976,core_stable,False,True,False
3453,12.109702,core_stable,False,True,False
3454,12.30174,core_stable,False,True,False
3455,12.741847,core_stable,False,True,False
3456,14.066338,branch_miss,False,True,False
3457,12.621407,core_stable,False,True,False
3458,12.40947,core_stable,False,True,False
3459,12.006321,core_stable,False,True,False
3460,12.034007,core_stable,False,True,False
3461,13.886008,branch_miss,False,True,False
3462,16.139113,interrupt_delay,False,True,False
3463,12.771724,core_stable,False,True,False
3464,12.772524,core_stable,False,True,False
3465,12.10178,core_stable,False,True,False
3466,12.040408,core_stable,False,True,False
3467,12.752251,core_stable,False,True,False
3468,12.486029,core_stable,False,True,False
3469,12.378156,core_stable,False,True,False
3470,12.195159,core_stable,False,True,False
3471,12.642881,core_stable,False,True,False
3472,12.842136,cache_memory_jitter,False,True,False
3473,14.075956,branch_miss,False,True,False
3474,12.90519,cache_memory_jitter,False,True,False
3475,12.731177,core_stable,False,True,False
3476,12.720507,core_stable,False,True,False
3477,13.060723,cache_memory_jitter,False,True,False
3478,12.061612,core_stable,False,True,False
3479,12.095299,core_stable,False,True,False
3480,12.290378,core_stable,False,True,False
3481,12.261172,core_stable,False,True,False
3482,12.43868,core_stable,False,True,False
3483,15.952654,interrupt_delay,False,True,False
3484,12.252611,core_stable,False,True,False
3485,12.215163,core_stable,False,True,False
3486,12.177235,core_stable,False,True,False
3487,12.476025,core_stable,False,True,False
3488,12.695565,core_stable,False,True,False
3489,12.022404,core_stable,False,True,False
3490,13.718901,branch_miss,False,True,False
3491,12.218124,core_stable,False,True,False
3492,12.172434,core_stable,False,True,False
3493,12.780393,core_stable,False,True,False
3494,12.386717,core_stable,False,True,False
3495,12.328706,core_stable,False,True,False
3496,12.137948,core_stable,False,True,False
3497,12.084257,core_stable,False,True,False
3498,12.459353,core_stable,False,True,False
3499,12.072895,core_stable,False,True,False
3500,12.424008,core_stable,False,True,False
3501,12.213563,core_stable,False,True,False
3502,12.486295,core_stable,False,True,False
3503,13.728519,branch_miss,False,True,False
3504,12.698099,core_stable,False,True,False
3505,12.165153,core_stable,False,True,False
3506,12.685162,core_stable,False,True,False
3507,12.342949,core_stable,False,True,False
3508,12.182356,core_stable,False,True,False
3509,14.07836,branch_miss,False,True,False
3510,15.669959,interrupt_delay,False,True,False
3511,13.362682,cache_memory_jitter,False,True,False
3512,12.606602,core_stable,False,True,False
3513,12.033767,core_stable,False,True,False
3514,12.09754,core_stable,False,True,False
3515,12.220204,core_stable,False,True,False
3516,12.0993,core_stable,False,True,False
3517,12.294539,core_stable,False,True,False
3518,12.266773,core_stable,False,True,False
3519,12.821819,cache_memory_jitter,False,True,False
3520,12.323265,core_stable,False,True,False
3521,12.353591,core_stable,False,True,False
3522,12.668356,core_stable,False,True,False
3523,12.580727,core_stable,False,True,False
3524,12.303501,core_stable,False,True,False
3525,12.472024,core_stable,False,True,False
3526,12.375515,core_stable,False,True,False
3527,12.328066,core_stable,False,True,False
3528,12.315023,core_stable,False,True,False
3529,12.330386,core_stable,False,True,False
3530,12.445882,core_stable,False,True,False
3531,12.318544,core_stable,False,True,False
3532,12.160752,core_stable,False,True,False
3533,12.879968,cache_memory_jitter,False,True,False
3534,12.105541,core_stable,False,True,False
3535,12.789597,core_stable,False,True,False
3536,13.901636,branch_miss,False,True,False
3537,12.373515,core_stable,False,True,False
3538,12.289178,core_stable,False,True,False
3539,12.041128,core_stable,False,True,False
3540,12.024565,core_stable,False,True,False
3541,12.24965,core_stable,False,True,False
3542,12.620607,core_stable,False,True,False
3543,12.104021,core_stable,False,True,False
3544,12.192679,core_stable,False,True,False
3545,12.85825,cache_memory_jitter,False,True,False
3546,12.324385,core_stable,False,True,False
3547,13.416629,cache_memory_jitter,False,True,False
3548,13.233071,cache_memory_jitter,False,True,False
3549,12.460687,core_stable,False,True,False
3550,13.254089,cache_memory_jitter,False,True,False
3551,12.114583,core_stable,False,True,False
3552,12.334467,core_stable,False,True,False
3553,12.103221,core_stable,False,True,False
3554,12.008802,core_stable,False,True,False
3555,12.545915,core_stable,False,True,False
3556,12.026885,core_stable,False,True,False
3557,12.225725,core_stable,False,True,False
3558,12.25245,core_stable,False,True,False
3559,12.508436,core_stable,False,True,False
3560,12.070014,core_stable,False,True,False
3561,12.731577,core_stable,False,True,False
3562,12.168594,core_stable,False,True,False
3563,12.492831,core_stable,False,True,False
3564,12.017684,core_stable,False,True,False
3565,12.175395,core_stable,False,True,False
3566,12.025925,core_stable,False,True,False
3567,14.043496,branch_miss,False,True,False
3568,12.072334,core_stable,False,True,False
3569,12.104261,core_stable,False,True,False
3570,12.554718,core_stable,False,True,False
3571,12.571524,core_stable,False,True,False
3572,12.354951,core_stable,False,True,False
3573,12.329346,core_stable,False,True,False
3574,12.453484,core_stable,False,True,False
3575,12.003681,core_stable,False,True,False
3576,12.234207,core_stable,False,True,False
3577,13.307335,cache_memory_jitter,False,True,False
3578,12.456819,core_stable,False,True,False
3579,12.799867,core_stable,False,True,False
3580,13.708081,branch_miss,False,True,False
3581,16.331586,interrupt_delay,False,True,False
3582,12.075695,core_stable,False,True,False
3583,12.536979,core_stable,False,True,False
3584,13.369688,cache_memory_jitter,False,True,False
3585,12.039528,core_stable,False,True,False
3586,12.416139,core_stable,False,True,False
3587,15.411324,interrupt_delay,False,True,False
3588,12.314143,core_stable,False,True,False
3589,12.128986,core_stable,False,True,False
3590,16.912197,worst_case_protection_path,False,True,False
3591,12.14787,core_stable,False,True,False
3592,12.087538,core_stable,False,True,False
3593,12.123705,core_stable,False,True,False
3594,12.20244,core_stable,False,True,False
3595,12.99837,cache_memory_jitter,False,True,False
3596,12.192999,core_stable,False,True,False
3597,12.598866,core_stable,False,True,False
3598,13.753765,branch_miss,False,True,False
3599,12.839334,cache_memory_jitter,False,True,False
3600,13.251987,cache_memory_jitter,False,True,False
3601,12.704101,core_stable,False,True,False
3602,12.24933,core_stable,False,True,False
3603,13.738136,branch_miss,False,True,False
3604,12.417739,core_stable,False,True,False
3605,12.176675,core_stable,False,True,False
3606,12.647016,core_stable,False,True,False
3607,12.357351,core_stable,False,True,False
3608,13.496497,cache_memory_jitter,False,True,False
3609,15.128629,interrupt_delay,False,True,False
3610,13.128682,cache_memory_jitter,False,True,False
3611,12.305341,core_stable,False,True,False
3612,12.217403,core_stable,False,True,False
3613,12.315343,core_stable,False,True,False
3614,13.585457,branch_miss,False,True,False
3615,12.614605,core_stable,False,True,False
3616,12.514038,core_stable,False,True,False
3617,12.167714,core_stable,False,True,False
3618,12.950029,cache_memory_jitter,False,True,False
3619,12.591931,core_stable,False,True,False
3620,12.139788,core_stable,False,True,False
3621,15.736122,interrupt_delay,False,True,False
3622,12.391198,core_stable,False,True,False
3623,12.119144,core_stable,False,True,False
3624,12.013363,core_stable,False,True,False
3625,12.272294,core_stable,False,True,False
3626,12.010722,core_stable,False,True,False
3627,12.692097,core_stable,False,True,False
3628,12.177716,core_stable,False,True,False
3629,12.782261,core_stable,False,True,False
3630,12.009762,core_stable,False,True,False
3631,12.266453,core_stable,False,True,False
3632,12.070974,core_stable,False,True,False
3633,12.364153,core_stable,False,True,False
3634,12.556052,core_stable,False,True,False
3635,12.166113,core_stable,False,True,False
3636,12.370874,core_stable,False,True,False
3637,12.265893,core_stable,False,True,False
3638,13.432742,cache_memory_jitter,False,True,False
3639,12.334387,core_stable,False,True,False
3640,12.733311,core_stable,False,True,False
3641,12.290058,core_stable,False,True,False
3642,13.472677,cache_memory_jitter,False,True,False
3643,13.676824,branch_miss,False,True,False
3644,12.245009,core_stable,False,True,False
3645,12.030486,core_stable,False,True,False
3646,12.458153,core_stable,False,True,False
3647,12.674491,core_stable,False,True,False
3648,12.707836,core_stable,False,True,False
3649,15.585752,interrupt_delay,False,True,False
3650,12.203241,core_stable,False,True,False
3651,12.296539,core_stable,False,True,False
3652,12.636612,core_stable,False,True,False
3653,12.597933,core_stable,False,True,False
3654,12.259652,core_stable,False,True,False
3655,12.335267,core_stable,False,True,False
3656,12.118424,core_stable,False,True,False
3657,12.088658,core_stable,False,True,False
3658,12.020084,core_stable,False,True,False
3659,12.30062,core_stable,False,True,False
3660,12.589797,core_stable,False,True,False
3661,12.699433,core_stable,False,True,False
3662,12.079776,core_stable,False,True,False
3663,12.377676,core_stable,False,True,False
3664,12.09978,core_stable,False,True,False
3665,13.440449,cache_memory_jitter,False,True,False
3666,12.1005,core_stable,False,True,False
3667,12.188758,core_stable,False,True,False
3668,12.19828,core_stable,False,True,False
3669,12.109782,core_stable,False,True,False
3670,12.334547,core_stable,False,True,False
3671,12.591797,core_stable,False,True,False
3672,12.256851,core_stable,False,True,False
3673,12.374395,core_stable,False,True,False
3674,12.730644,core_stable,False,True,False
3675,12.395039,core_stable,False,True,False
3676,12.337508,core_stable,False,True,False
3677,13.174921,cache_memory_jitter,False,True,False
3678,12.162673,core_stable,False,True,False
3679,12.005361,core_stable,False,True,False
3680,12.583661,core_stable,False,True,False
3681,12.545115,core_stable,False,True,False
3682,12.667689,core_stable,False,True,False
3683,12.132907,core_stable,False,True,False
3684,12.219404,core_stable,False,True,False
3685,12.360952,core_stable,False,True,False
3686,12.135947,core_stable,False,True,False
3687,12.184757,core_stable,False,True,False
3688,13.919669,branch_miss,False,True,False
3689,16.397749,interrupt_delay,False,True,False
3690,12.424275,core_stable,False,True,False
3691,12.254131,core_stable,False,True,False
3692,12.067293,core_stable,False,True,False
3693,12.044409,core_stable,False,True,False
3694,13.869177,branch_miss,False,True,False
3695,12.856148,cache_memory_jitter,False,True,False
3696,12.41027,core_stable,False,True,False
3697,12.329506,core_stable,False,True,False
3698,12.600734,core_stable,False,True,False
3699,13.008879,cache_memory_jitter,False,True,False
3700,12.233007,core_stable,False,True,False
3701,12.625142,core_stable,False,True,False
3702,12.470957,core_stable,False,True,False
3703,12.564188,core_stable,False,True,False
3704,12.447749,core_stable,False,True,False
3705,12.474558,core_stable,False,True,False
3706,12.104741,core_stable,False,True,False
3707,13.468473,cache_memory_jitter,False,True,False
3708,12.700634,core_stable,False,True,False
3709,12.025205,core_stable,False,True,False
3710,12.305901,core_stable,False,True,False
3711,12.832328,cache_memory_jitter,False,True,False
3712,12.655685,core_stable,False,True,False
3713,12.706369,core_stable,False,True,False
3714,12.56939,core_stable,False,True,False
3715,12.152831,core_stable,False,True,False
3716,12.44935,core_stable,False,True,False
3717,12.1013,core_stable,False,True,False
3718,12.393759,core_stable,False,True,False
3719,12.457086,core_stable,False,True,False
3720,12.213403,core_stable,False,True,False
3721,13.497898,cache_memory_jitter,False,True,False
3722,12.708903,core_stable,False,True,False
3723,12.120424,core_stable,False,True,False
3724,12.767856,core_stable,False,True,False
3725,12.016403,core_stable,False,True,False
3726,12.278296,core_stable,False,True,False
3727,12.66142,core_stable,False,True,False
3728,15.146673,interrupt_delay,False,True,False
3729,12.173075,core_stable,False,True,False
3730,13.178424,cache_memory_jitter,False,True,False
3731,12.322545,core_stable,False,True,False
3732,12.431744,core_stable,False,True,False
3733,12.285817,core_stable,False,True,False
3734,12.573258,core_stable,False,True,False
3735,12.362472,core_stable,False,True,False
3736,12.580193,core_stable,False,True,False
3737,12.389198,core_stable,False,True,False
3738,12.378476,core_stable,False,True,False
3739,12.045449,core_stable,False,True,False
3740,12.126745,core_stable,False,True,False
3741,12.542581,core_stable,False,True,False
3742,12.709837,core_stable,False,True,False
3743,12.379036,core_stable,False,True,False
3744,12.675959,core_stable,False,True,False
3745,12.117944,core_stable,False,True,False
3746,12.0977,core_stable,False,True,False
3747,12.229406,core_stable,False,True,False
3748,12.076095,core_stable,False,True,False
3749,12.414538,core_stable,False,True,False
3750,12.095459,core_stable,False,True,False
3751,12.67996,core_stable,False,True,False
3752,13.287017,cache_memory_jitter,False,True,False
3753,13.282113,cache_memory_jitter,False,True,False
3754,12.29934,core_stable,False,True,False
3755,12.231406,core_stable,False,True,False
3756,12.506836,core_stable,False,True,False
3757,12.360472,core_stable,False,True,False
3758,12.218684,core_stable,False,True,False
3759,12.675025,core_stable,False,True,False
3760,12.038408,core_stable,False,True,False
3761,12.268454,core_stable,False,True,False
3762,12.256131,core_stable,False,True,False
3763,14.087978,branch_miss,False,True,False
3764,12.483228,core_stable,False,True,False
3765,12.572858,core_stable,False,True,False
3766,12.185397,core_stable,False,True,False
3767,12.757319,core_stable,False,True,False
3768,12.292859,core_stable,False,True,False
3769,12.462688,core_stable,False,True,False
3770,13.203646,cache_memory_jitter,False,True,False
3771,12.706636,core_stable,False,True,False
3772,12.604602,core_stable,False,True,False
3773,13.762181,branch_miss,False,True,False
3774,12.140348,core_stable,False,True,False
3775,13.89803,branch_miss,False,True,False
3776,12.526175,core_stable,False,True,False
3777,12.147069,core_stable,False,True,False
3778,13.736934,branch_miss,False,True,False
3779,12.776792,core_stable,False,True,False
3780,12.288218,core_stable,False,True,False
3781,12.310782,core_stable,False,True,False
3782,12.206201,core_stable,False,True,False
3783,12.210922,core_stable,False,True,False
3784,12.386957,core_stable,False,True,False
3785,12.085057,core_stable,False,True,False
3786,12.147389,core_stable,False,True,False
3787,16.000773,interrupt_delay,False,True,False
3788,12.004881,core_stable,False,True,False
3789,12.062412,core_stable,False,True,False
3790,12.345269,core_stable,False,True,False
3791,12.05097,core_stable,False,True,False
3792,12.34807,core_stable,False,True,False
3793,12.638746,core_stable,False,True,False
3794,12.687429,core_stable,False,True,False
3795,12.016323,core_stable,False,True,False
3796,12.013923,core_stable,False,True,False
3797,12.779326,core_stable,False,True,False
3798,13.002574,cache_memory_jitter,False,True,False
3799,12.24989,core_stable,False,True,False
3800,12.647416,core_stable,False,True,False
3801,12.43041,core_stable,False,True,False
3802,12.647816,core_stable,False,True,False
3803,12.517906,core_stable,False,True,False
3804,12.463888,core_stable,False,True,False
3805,12.396719,core_stable,False,True,False
3806,12.162112,core_stable,False,True,False
3807,12.786262,core_stable,False,True,False
3808,12.779193,core_stable,False,True,False
3809,12.069054,core_stable,False,True,False
3810,12.596332,core_stable,False,True,False
3811,12.05113,core_stable,False,True,False
3812,12.037928,core_stable,False,True,False
3813,12.316143,core_stable,False,True,False
3814,12.813411,cache_memory_jitter,False,True,False
3815,12.058572,core_stable,False,True,False
3816,12.113623,core_stable,False,True,False
3817,12.077856,core_stable,False,True,False
3818,12.667556,core_stable,False,True,False
3819,16.229335,interrupt_delay,False,True,False
3820,12.283097,core_stable,False,True,False
3821,12.319504,core_stable,False,True,False
3822,14.569253,interrupt_delay,False,True,False
3823,12.008402,core_stable,False,True,False
3824,12.158192,core_stable,False,True,False
3825,12.642748,core_stable,False,True,False
3826,12.626209,core_stable,False,True,False
3827,12.19908,core_stable,False,True,False
3828,15.724092,interrupt_delay,False,True,False
3829,12.629276,core_stable,False,True,False
3830,13.490892,cache_memory_jitter,False,True,False
3831,13.052316,cache_memory_jitter,False,True,False
3832,12.497633,core_stable,False,True,False
3833,13.46497,cache_memory_jitter,False,True,False
3834,14.196337,interrupt_delay,False,True,False
3835,12.337668,core_stable,False,True,False
3836,12.184277,core_stable,False,True,False
3837,12.800801,cache_memory_jitter,False,True,False
3838,12.747849,core_stable,False,True,False
3839,12.04873,core_stable,False,True,False
3840,13.431341,cache_memory_jitter,False,True,False
3841,13.058622,cache_memory_jitter,False,True,False
3842,14.731653,interrupt_delay,False,True,False
3843,12.124505,core_stable,False,True,False
3844,12.76052,core_stable,False,True,False
3845,12.708236,core_stable,False,True,False
3846,12.704902,core_stable,False,True,False
3847,12.627943,core_stable,False,True,False
3848,12.088578,core_stable,False,True,False
3849,12.541114,core_stable,False,True,False
3850,12.19988,core_stable,False,True,False
3851,12.003921,core_stable,False,True,False
3852,12.272214,core_stable,False,True,False
3853,12.257251,core_stable,False,True,False
3854,12.227245,core_stable,False,True,False
3855,12.424141,core_stable,False,True,False
3856,13.282814,cache_memory_jitter,False,True,False
3857,12.367754,core_stable,False,True,False
3858,12.542181,core_stable,False,True,False
3859,12.288938,core_stable,False,True,False
3860,12.561387,core_stable,False,True,False
3861,12.490297,core_stable,False,True,False
3862,12.623941,core_stable,False,True,False
3863,13.615512,branch_miss,False,True,False
3864,12.643014,core_stable,False,True,False
3865,13.499299,cache_memory_jitter,False,True,False
3866,12.222204,core_stable,False,True,False
3867,12.394959,core_stable,False,True,False
3868,12.330946,core_stable,False,True,False
3869,12.444415,core_stable,False,True,False
3870,12.129866,core_stable,False,True,False
3871,12.636345,core_stable,False,True,False
3872,12.007922,core_stable,False,True,False
3873,12.514171,core_stable,False,True,False
3874,12.782127,core_stable,False,True,False
3875,12.194279,core_stable,False,True,False
3876,12.795865,core_stable,False,True,False
3877,12.71117,core_stable,False,True,False
3878,12.777059,core_stable,False,True,False
3879,12.282537,core_stable,False,True,False
3880,12.434678,core_stable,False,True,False
3881,12.041768,core_stable,False,True,False
3882,12.206841,core_stable,False,True,False
3883,12.715305,core_stable,False,True,False
3884,12.374475,core_stable,False,True,False
3885,12.193159,core_stable,False,True,False
3886,13.518133,branch_miss,False,True,False
3887,13.721306,branch_miss,False,True,False
3888,12.957735,cache_memory_jitter,False,True,False
3889,12.46122,core_stable,False,True,False
3890,12.154351,core_stable,False,True,False
3891,12.238688,core_stable,False,True,False
3892,12.115143,core_stable,False,True,False
3893,12.120584,core_stable,False,True,False
3894,12.662487,core_stable,False,True,False
3895,12.216203,core_stable,False,True,False
3896,12.134907,core_stable,False,True,False
3897,12.087858,core_stable,False,True,False
3898,12.275895,core_stable,False,True,False
3899,12.082977,core_stable,False,True,False
3900,12.129386,core_stable,False,True,False
3901,12.255331,core_stable,False,True,False
3902,12.236687,core_stable,False,True,False
3903,13.050915,cache_memory_jitter,False,True,False
3904,12.284137,core_stable,False,True,False
3905,12.094419,core_stable,False,True,False
3906,12.247329,core_stable,False,True,False
3907,12.465088,core_stable,False,True,False
3908,12.362633,core_stable,False,True,False
3909,12.289898,core_stable,False,True,False
3910,12.599933,core_stable,False,True,False
3911,12.320944,core_stable,False,True,False
3912,12.404802,core_stable,False,True,False
3913,12.368314,core_stable,False,True,False
3914,13.167915,cache_memory_jitter,False,True,False
3915,12.164753,core_stable,False,True,False
3916,12.616339,core_stable,False,True,False
3917,12.10146,core_stable,False,True,False
3918,12.271014,core_stable,False,True,False
3919,13.846335,branch_miss,False,True,False
3920,12.604201,core_stable,False,True,False
3921,12.274055,core_stable,False,True,False
3922,12.144109,core_stable,False,True,False
3923,12.473891,core_stable,False,True,False
3924,12.766522,core_stable,False,True,False
3925,13.035502,cache_memory_jitter,False,True,False
3926,12.182116,core_stable,False,True,False
3927,12.119304,core_stable,False,True,False
3928,12.908693,cache_memory_jitter,False,True,False
3929,12.521374,core_stable,False,True,False
3930,12.338868,core_stable,False,True,False
3931,12.028726,core_stable,False,True,False
3932,12.772791,core_stable,False,True,False
3933,14.713608,interrupt_delay,False,True,False
3934,12.159632,core_stable,False,True,False
3935,12.612071,core_stable,False,True,False
3936,12.465222,core_stable,False,True,False
3937,12.036807,core_stable,False,True,False
3938,12.112182,core_stable,False,True,False
3939,12.782928,core_stable,False,True,False
3940,12.466956,core_stable,False,True,False
3941,13.102059,cache_memory_jitter,False,True,False
3942,16.603124,worst_case_protection_path,False,True,False
3943,13.997813,branch_miss,False,True,False
3944,12.19892,core_stable,False,True,False
3945,12.035047,core_stable,False,True,False
3946,12.016723,core_stable,False,True,False
3947,13.717699,branch_miss,False,True,False
3948,12.209242,core_stable,False,True,False
3949,12.156991,core_stable,False,True,False
3950,13.520537,branch_miss,False,True,False
3951,12.775192,core_stable,False,True,False
3952,13.184029,cache_memory_jitter,False,True,False
3953,12.228686,core_stable,False,True,False
3954,12.616739,core_stable,False,True,False
3955,12.138668,core_stable,False,True,False
3956,12.14891,core_stable,False,True,False
3957,15.363205,interrupt_delay,False,True,False
3958,12.669957,core_stable,False,True,False
3959,12.280616,core_stable,False,True,False
3960,12.111062,core_stable,False,True,False
3961,12.392559,core_stable,False,True,False
3962,12.239248,core_stable,False,True,False
3963,12.078576,core_stable,False,True,False
3964,12.763721,core_stable,False,True,False
3965,12.071134,core_stable,False,True,False
3966,12.128746,core_stable,False,True,False
3967,12.407736,core_stable,False,True,False
3968,12.585128,core_stable,False,True,False
3969,12.288058,core_stable,False,True,False
3970,12.717573,core_stable,False,True,False
3971,12.256211,core_stable,False,True,False
3972,12.156831,core_stable,False,True,False
3973,12.038648,core_stable,False,True,False
3974,12.844238,cache_memory_jitter,False,True,False
3975,12.705835,core_stable,False,True,False
3976,12.014403,core_stable,False,True,False
3977,12.783728,core_stable,False,True,False
3978,12.324225,core_stable,False,True,False
3979,13.29052,cache_memory_jitter,False,True,False
3980,12.795332,core_stable,False,True,False
3981,15.663945,interrupt_delay,False,True,False
3982,12.770524,core_stable,False,True,False
3983,12.281256,core_stable,False,True,False
3984,15.068481,interrupt_delay,False,True,False
3985,12.792931,core_stable,False,True,False
3986,12.128026,core_stable,False,True,False
3987,12.247409,core_stable,False,True,False
3988,12.955633,cache_memory_jitter,False,True,False
3989,14.021857,branch_miss,False,True,False
3990,12.3023,core_stable,False,True,False
3991,12.127946,core_stable,False,True,False
3992,12.254451,core_stable,False,True,False
3993,13.853548,branch_miss,False,True,False
3994,12.033687,core_stable,False,True,False
3995,12.541247,core_stable,False,True,False
3996,12.381356,core_stable,False,True,False
3997,13.30173,cache_memory_jitter,False,True,False
3998,12.467623,core_stable,False,True,False
3999,12.107301,core_stable,False,True,False
4000,12.102581,core_stable,False,True,False
4001,12.767189,core_stable,False,True,False
4002,12.660087,core_stable,False,True,False
4003,12.978053,cache_memory_jitter,False,True,False
4004,12.35055,core_stable,False,True,False
4005,12.582194,core_stable,False,True,False
4006,12.165073,core_stable,False,True,False
4007,12.74905,core_stable,False,True,False
4008,12.060092,core_stable,False,True,False
4009,12.166353,core_stable,False,True,False
4010,12.662621,core_stable,False,True,False
4011,12.012402,core_stable,False,True,False
4012,12.207562,core_stable,False,True,False
4013,12.139948,core_stable,False,True,False
4014,12.400934,core_stable,False,True,False
4015,12.064493,core_stable,False,True,False
4016,12.018404,core_stable,False,True,False
4017,12.122505,core_stable,False,True,False
4018,12.446682,core_stable,False,True,False
4019,12.797599,core_stable,False,True,False
4020,13.06843,cache_memory_jitter,False,True,False
4021,12.05073,core_stable,False,True,False
4022,12.302701,core_stable,False,True,False
4023,12.631811,core_stable,False,True,False
4024,12.624341,core_stable,False,True,False
4025,12.388798,core_stable,False,True,False
4026,12.474825,core_stable,False,True,False
4027,12.688896,core_stable,False,True,False
4028,12.538179,core_stable,False,True,False
4029,12.264373,core_stable,False,True,False
4030,12.222685,core_stable,False,True,False
4031,12.39928,core_stable,False,True,False
4032,12.355591,core_stable,False,True,False
4033,12.770924,core_stable,False,True,False
4034,13.899232,branch_miss,False,True,False
4035,12.042328,core_stable,False,True,False
4036,12.525642,core_stable,False,True,False
4037,12.327345,core_stable,False,True,False
4038,12.570323,core_stable,False,True,False
4039,12.294219,core_stable,False,True,False
4040,12.548583,core_stable,False,True,False
4041,12.364793,core_stable,False,True,False
4042,12.318864,core_stable,False,True,False
4043,12.194999,core_stable,False,True,False
4044,12.590197,core_stable,False,True,False
4045,12.268374,core_stable,False,True,False
4046,14.060327,branch_miss,False,True,False
4047,13.378095,cache_memory_jitter,False,True,False
4048,12.539513,core_stable,False,True,False
4049,12.972448,cache_memory_jitter,False,True,False
4050,12.012963,core_stable,False,True,False
4051,15.020362,interrupt_delay,False,True,False
4052,12.239328,core_stable,False,True,False
4053,12.733178,core_stable,False,True,False
4054,12.347029,core_stable,False,True,False
4055,13.022891,cache_memory_jitter,False,True,False
4056,13.318544,cache_memory_jitter,False,True,False
4057,12.672891,core_stable,False,True,False
4058,12.010962,core_stable,False,True,False
4059,12.193239,core_stable,False,True,False
4060,12.342869,core_stable,False,True,False
4061,12.316223,core_stable,False,True,False
4062,12.760654,core_stable,False,True,False
4063,12.086817,core_stable,False,True,False
4064,12.059852,core_stable,False,True,False
4065,12.912196,cache_memory_jitter,False,True,False
4066,12.716506,core_stable,False,True,False
4067,12.50977,core_stable,False,True,False
4068,13.365485,cache_memory_jitter,False,True,False
4069,13.464269,cache_memory_jitter,False,True,False
4070,12.421741,core_stable,False,True,False
4071,12.154991,core_stable,False,True,False
4072,12.591397,core_stable,False,True,False
4073,12.446415,core_stable,False,True,False
4074,12.021124,core_stable,False,True,False
4075,12.161232,core_stable,False,True,False
4076,12.337427,core_stable,False,True,False
4077,14.779771,interrupt_delay,False,True,False
4078,12.203641,core_stable,False,True,False
4079,12.092338,core_stable,False,True,False
4080,12.336147,core_stable,False,True,False
4081,12.04833,core_stable,False,True,False
4082,12.76012,core_stable,False,True,False
4083,12.185717,core_stable,False,True,False
4084,12.166753,core_stable,False,True,False
4085,12.213483,core_stable,False,True,False
4086,12.784395,core_stable,False,True,False
4087,12.492031,core_stable,False,True,False
4088,12.761854,core_stable,False,True,False
4089,14.11213,interrupt_delay,False,True,False
4090,12.489897,core_stable,False,True,False
4091,12.283737,core_stable,False,True,False
4092,12.533111,core_stable,False,True,False
4093,12.73011,core_stable,False,True,False
4094,12.229486,core_stable,False,True,False
4095,12.786929,core_stable,False,True,False
4096,12.313423,core_stable,False,True,False
4097,12.365593,core_stable,False,True,False
4098,12.725709,core_stable,False,True,False
4099,12.739713,core_stable,False,True,False
4100,12.166273,core_stable,False,True,False
4101,12.343589,core_stable,False,True,False
4102,12.241168,core_stable,False,True,False
4103,12.35047,core_stable,False,True,False
4104,13.948522,branch_miss,False,True,False
4105,12.412137,core_stable,False,True,False
4106,16.671807,worst_case_protection_path,False,True,False
4107,12.20132,core_stable,False,True,False
4108,12.245969,core_stable,False,True,False
4109,13.62032,branch_miss,False,True,False
4110,12.162513,core_stable,False,True,False
4111,12.312222,core_stable,False,True,False
4112,12.586596,core_stable,False,True,False
4113,14.635416,interrupt_delay,False,True,False
4114,12.061452,core_stable,False,True,False
4115,12.252531,core_stable,False,True,False
4116,15.333131,interrupt_delay,False,True,False
4117,12.230926,core_stable,False,True,False
4118,12.118264,core_stable,False,True,False
4119,12.195879,core_stable,False,True,False
4120,12.45095,core_stable,False,True,False
4121,13.434844,cache_memory_jitter,False,True,False
4122,12.572057,core_stable,False,True,False
4123,12.448816,core_stable,False,True,False
4124,14.972244,interrupt_delay,False,True,False
4125,13.099256,cache_memory_jitter,False,True,False
4126,13.428539,cache_memory_jitter,False,True,False
4127,12.344949,core_stable,False,True,False
4128,13.494395,cache_memory_jitter,False,True,False
4129,12.154031,core_stable,False,True,False
4130,12.04969,core_stable,False,True,False
4131,12.703034,core_stable,False,True,False
4132,12.444548,core_stable,False,True,False
4133,12.315263,core_stable,False,True,False
4134,12.146589,core_stable,False,True,False
4135,12.191558,core_stable,False,True,False
4136,12.513104,core_stable,False,True,False
4137,13.017987,cache_memory_jitter,False,True,False
4138,12.641814,core_stable,False,True,False
4139,12.233567,core_stable,False,True,False
4140,12.338468,core_stable,False,True,False
4141,12.04753,core_stable,False,True,False
4142,13.415227,cache_memory_jitter,False,True,False
4143,12.593131,core_stable,False,True,False
4144,16.145128,interrupt_delay,False,True,False
4145,12.627809,core_stable,False,True,False
4146,12.546315,core_stable,False,True,False
4147,12.005281,core_stable,False,True,False
4148,12.504301,core_stable,False,True,False
4149,12.34959,core_stable,False,True,False
4150,12.683161,core_stable,False,True,False
4151,12.676892,core_stable,False,True,False
4152,12.073855,core_stable,False,True,False
4153,12.053051,core_stable,False,True,False
4154,12.269174,core_stable,False,True,False
4155,12.797999,core_stable,False,True,False
4156,12.195399,core_stable,False,True,False
4157,12.321824,core_stable,False,True,False
4158,12.220524,core_stable,False,True,False
4159,12.396479,core_stable,False,True,False
4160,13.514526,branch_miss,False,True,False
4161,13.917265,branch_miss,False,True,False
4162,12.355031,core_stable,False,True,False
4163,12.216843,core_stable,False,True,False
4164,12.383197,core_stable,False,True,False
4165,12.961939,cache_memory_jitter,False,True,False
4166,13.980982,branch_miss,False,True,False
4167,12.244529,core_stable,False,True,False
4168,12.789463,core_stable,False,True,False
4169,12.167473,core_stable,False,True,False
4170,12.75972,core_stable,False,True,False
4171,12.481627,core_stable,False,True,False
4172,13.306634,cache_memory_jitter,False,True,False
4173,12.55125,core_stable,False,True,False
4174,12.679827,core_stable,False,True,False
4175,12.24845,core_stable,False,True,False
4176,12.316383,core_stable,False,True,False
4177,12.34751,core_stable,False,True,False
4178,12.025525,core_stable,False,True,False
4179,12.535112,core_stable,False,True,False
4180,12.372795,core_stable,False,True,False
4181,12.58126,core_stable,False,True,False
4182,12.212683,core_stable,False,True,False
4183,12.765055,core_stable,False,True,False
4184,12.443081,core_stable,False,True,False
4185,13.345167,cache_memory_jitter,False,True,False
4186,12.309662,core_stable,False,True,False
4187,13.067729,cache_memory_jitter,False,True,False
4188,12.57886,core_stable,False,True,False
4189,12.254371,core_stable,False,True,False
4190,12.021284,core_stable,False,True,False
4191,14.491061,interrupt_delay,False,True,False
4192,12.122825,core_stable,False,True,False
4193,13.373191,cache_memory_jitter,False,True,False
4194,12.595799,core_stable,False,True,False
4195,12.212282,core_stable,False,True,False
4196,12.544715,core_stable,False,True,False
4197,14.460987,interrupt_delay,False,True,False
4198,12.277736,core_stable,False,True,False
4199,12.467889,core_stable,False,True,False
4200,12.086737,core_stable,False,True,False
4201,12.345429,core_stable,False,True,False
4202,12.016083,core_stable,False,True,False
4203,12.313743,core_stable,False,True,False
4204,12.628476,core_stable,False,True,False
4205,12.333987,core_stable,False,True,False
4206,12.406536,core_stable,False,True,False
4207,12.164913,core_stable,False,True,False
4208,12.125705,core_stable,False,True,False
4209,12.345189,core_stable,False,True,False
4210,12.132186,core_stable,False,True,False
4211,13.644365,branch_miss,False,True,False
4212,13.952129,branch_miss,False,True,False
4213,12.557919,core_stable,False,True,False
4214,12.51137,core_stable,False,True,False
4215,12.459753,core_stable,False,True,False
4216,12.126825,core_stable,False,True,False
4217,12.637012,core_stable,False,True,False
4218,12.24813,core_stable,False,True,False
4219,12.132667,core_stable,False,True,False
4220,12.714638,core_stable,False,True,False
4221,12.787596,core_stable,False,True,False
4222,12.364313,core_stable,False,True,False
4223,12.057291,core_stable,False,True,False
4224,12.970346,cache_memory_jitter,False,True,False
4225,13.375994,cache_memory_jitter,False,True,False
4226,13.940107,branch_miss,False,True,False
4227,12.546182,core_stable,False,True,False
4228,13.273005,cache_memory_jitter,False,True,False
4229,12.776125,core_stable,False,True,False
4230,12.326705,core_stable,False,True,False
4231,12.386077,core_stable,False,True,False
4232,13.913658,branch_miss,False,True,False
4233,12.245809,core_stable,False,True,False
4234,12.144349,core_stable,False,True,False
4235,13.158107,cache_memory_jitter,False,True,False
4236,12.127065,core_stable,False,True,False
4237,17.702049,worst_case_protection_path,False,True,False
4238,12.556986,core_stable,False,True,False
4239,12.63888,core_stable,False,True,False
4240,12.715972,core_stable,False,True,False
4241,12.109382,core_stable,False,True,False
4242,12.496432,core_stable,False,True,False
4243,13.857155,branch_miss,False,True,False
4244,12.025765,core_stable,False,True,False
4245,13.425036,cache_memory_jitter,False,True,False
4246,13.934096,branch_miss,False,True,False
4247,13.249185,cache_memory_jitter,False,True,False
4248,14.024261,branch_miss,False,True,False
4249,12.7996,core_stable,False,True,False
4250,12.257892,core_stable,False,True,False
4251,12.34823,core_stable,False,True,False
4252,12.240848,core_stable,False,True,False
4253,12.121624,core_stable,False,True,False
4254,12.327425,core_stable,False,True,False
4255,12.185957,core_stable,False,True,False
4256,12.194919,core_stable,False,True,False
4257,12.98646,cache_memory_jitter,False,True,False
4258,12.785862,core_stable,False,True,False
4259,12.294459,core_stable,False,True,False
4260,12.365193,core_stable,False,True,False
4261,12.246849,core_stable,False,True,False
4262,12.435078,core_stable,False,True,False
4263,16.475941,interrupt_delay,False,True,False
4264,12.277255,core_stable,False,True,False
4265,13.144795,cache_memory_jitter,False,True,False
4266,12.373835,core_stable,False,True,False
4267,12.357271,core_stable,False,True,False
4268,13.088047,cache_memory_jitter,False,True,False
4269,12.773058,core_stable,False,True,False
4270,12.71037,core_stable,False,True,False
4271,12.314303,core_stable,False,True,False
4272,12.548316,core_stable,False,True,False
4273,12.342148,core_stable,False,True,False
4274,12.543114,core_stable,False,True,False
4275,12.370394,core_stable,False,True,False
4276,12.392238,core_stable,False,True,False
4277,15.447412,interrupt_delay,False,True,False
4278,12.25061,core_stable,False,True,False
4279,13.941309,branch_miss,False,True,False
4280,12.080816,core_stable,False,True,False
4281,13.301029,cache_memory_jitter,False,True,False
4282,14.430913,interrupt_delay,False,True,False
4283,12.047449,core_stable,False,True,False
4284,12.254051,core_stable,False,True,False
4285,12.76959,core_stable,False,True,False
4286,14.38881,interrupt_delay,False,True,False
4287,12.15035,core_stable,False,True,False
4288,12.132266,core_stable,False,True,False
4289,12.865256,cache_memory_jitter,False,True,False
4290,12.634745,core_stable,False,True,False
4291,13.20785,cache_memory_jitter,False,True,False
4292,12.691831,core_stable,False,True,False
4293,12.082897,core_stable,False,True,False
4294,12.312863,core_stable,False,True,False
4295,13.425736,cache_memory_jitter,False,True,False
4296,12.023765,core_stable,False,True,False
4297,12.331506,core_stable,False,True,False
4298,13.332556,cache_memory_jitter,False,True,False
4299,12.544315,core_stable,False,True,False
4300,17.015221,worst_case_protection_path,False,True,False
4301,12.454685,core_stable,False,True,False
4302,12.023925,core_stable,False,True,False
4303,12.127145,core_stable,False,True,False
4304,12.610737,core_stable,False,True,False
4305,14.683534,interrupt_delay,False,True,False
4306,12.174995,core_stable,False,True,False
4307,12.243249,core_stable,False,True,False
4308,12.513371,core_stable,False,True,False
4309,12.3996,core_stable,False,True,False
4310,12.222765,core_stable,False,True,False
4311,12.286377,core_stable,False,True,False
4312,12.512704,core_stable,False,True,False
4313,13.811471,branch_miss,False,True,False
4314,12.508703,core_stable,False,True,False
4315,12.353431,core_stable,False,True,False
4316,12.685028,core_stable,False,True,False
4317,12.619673,core_stable,False,True,False
4318,12.309262,core_stable,False,True,False
4319,12.14779,core_stable,False,True,False
4320,12.262933,core_stable,False,True,False
4321,12.628343,core_stable,False,True,False
4322,12.310382,core_stable,False,True,False
4323,12.205081,core_stable,False,True,False
4324,12.076575,core_stable,False,True,False
4325,12.796399,core_stable,False,True,False
4326,12.757853,core_stable,False,True,False
4327,12.131546,core_stable,False,True,False
4328,12.036087,core_stable,False,True,False
4329,12.29758,core_stable,False,True,False
4330,13.831908,branch_miss,False,True,False
4331,12.725442,core_stable,False,True,False
4332,12.359352,core_stable,False,True,False
4333,12.787329,core_stable,False,True,False
4334,12.010322,core_stable,False,True,False
4335,12.509903,core_stable,False,True,False
4336,12.032406,core_stable,False,True,False
4337,12.501767,core_stable,False,True,False
4338,12.448416,core_stable,False,True,False
4339,12.360392,core_stable,False,True,False
4340,12.096499,core_stable,False,True,False
4341,12.600333,core_stable,False,True,False
4342,12.665422,core_stable,False,True,False
4343,17.272782,worst_case_protection_path,False,True,False
4344,12.157391,core_stable,False,True,False
4345,17.049563,worst_case_protection_path,False,True,False
4346,12.053291,core_stable,False,True,False
4347,12.319904,core_stable,False,True,False
4348,12.203881,core_stable,False,True,False
4349,12.550317,core_stable,False,True,False
4350,13.651578,branch_miss,False,True,False
4351,12.162593,core_stable,False,True,False
4352,12.67956,core_stable,False,True,False
4353,12.652217,core_stable,False,True,False
4354,12.721841,core_stable,False,True,False
4355,12.381196,core_stable,False,True,False
4356,12.417339,core_stable,False,True,False
4357,13.060023,cache_memory_jitter,False,True,False
4358,12.239568,core_stable,False,True,False
4359,12.227085,core_stable,False,True,False
4360,13.417329,cache_memory_jitter,False,True,False
4361,12.488963,core_stable,False,True,False
4362,12.305741,core_stable,False,True,False
4363,12.178436,core_stable,False,True,False
4364,12.712104,core_stable,False,True,False
4365,12.007842,core_stable,False,True,False
4366,12.602601,core_stable,False,True,False
4367,12.29822,core_stable,False,True,False
4368,12.04905,core_stable,False,True,False
4369,12.280936,core_stable,False,True,False
4370,12.132507,core_stable,False,True,False
4371,13.455162,cache_memory_jitter,False,True,False
4372,13.526548,branch_miss,False,True,False
4373,12.718106,core_stable,False,True,False
4374,12.309742,core_stable,False,True,False
4375,12.383677,core_stable,False,True,False
4376,12.39936,core_stable,False,True,False
4377,13.393509,cache_memory_jitter,False,True,False
4378,13.097855,cache_memory_jitter,False,True,False
4379,12.10226,core_stable,False,True,False
4380,12.412271,core_stable,False,True,False
4381,12.390798,core_stable,False,True,False
4382,12.166193,core_stable,False,True,False
4383,12.079696,core_stable,False,True,False
4384,12.634612,core_stable,False,True,False
4385,12.791731,core_stable,False,True,False
4386,12.017604,core_stable,False,True,False
4387,12.118344,core_stable,False,True,False
4388,12.935316,cache_memory_jitter,False,True,False
4389,13.315041,cache_memory_jitter,False,True,False
4390,12.092098,core_stable,False,True,False
4391,12.636746,core_stable,False,True,False
4392,16.481956,interrupt_delay,False,True,False
4393,12.125865,core_stable,False,True,False
4394,13.556604,branch_miss,False,True,False
4395,12.047049,core_stable,False,True,False
4396,12.266693,core_stable,False,True,False
4397,12.113383,core_stable,False,True,False
4398,12.041608,core_stable,False,True,False
4399,12.569923,core_stable,False,True,False
4400,12.461087,core_stable,False,True,False
4401,13.804258,branch_miss,False,True,False
4402,12.457219,core_stable,False,True,False
4403,15.898521,interrupt_delay,False,True,False
4404,13.377395,cache_memory_jitter,False,True,False
4405,12.622874,core_stable,False,True,False
4406,12.069534,core_stable,False,True,False
4407,12.797066,core_stable,False,True,False
4408,12.606069,core_stable,False,True,False
4409,12.264693,core_stable,False,True,False
4410,13.148298,cache_memory_jitter,False,True,False
4411,12.326385,core_stable,False,True,False
4412,12.412404,core_stable,False,True,False
4413,12.274215,core_stable,False,True,False
4414,12.483761,core_stable,False,True,False
4415,12.331826,core_stable,False,True,False
4416,12.052731,core_stable,False,True,False
4417,12.183077,core_stable,False,True,False
4418,13.443952,cache_memory_jitter,False,True,False
4419,12.319984,core_stable,False,True,False
4420,12.547649,core_stable,False,True,False
4421,16.066935,interrupt_delay,False,True,False
4422,12.230366,core_stable,False,True,False
4423,12.919202,cache_memory_jitter,False,True,False
4424,12.039688,core_stable,False,True,False
4425,12.341428,core_stable,False,True,False
4426,12.181476,core_stable,False,True,False
4427,12.090738,core_stable,False,True,False
4428,12.284697,core_stable,False,True,False
4429,12.041208,core_stable,False,True,False
4430,12.379756,core_stable,False,True,False
4431,12.024085,core_stable,False,True,False
4432,13.124478,cache_memory_jitter,False,True,False
4433,12.551651,core_stable,False,True,False
4434,12.294859,core_stable,False,True,False
4435,12.280296,core_stable,False,True,False
4436,12.592064,core_stable,False,True,False
4437,12.245489,core_stable,False,True,False
4438,12.313023,core_stable,False,True,False
4439,12.367193,core_stable,False,True,False
4440,12.272615,core_stable,False,True,False
4441,12.336387,core_stable,False,True,False
4442,12.302621,core_stable,False,True,False
4443,12.838633,cache_memory_jitter,False,True,False
4444,12.137628,core_stable,False,True,False
4445,12.357992,core_stable,False,True,False
4446,12.752518,core_stable,False,True,False
4447,12.502034,core_stable,False,True,False
4448,12.166673,core_stable,False,True,False
4449,12.946526,cache_memory_jitter,False,True,False
4450,12.368074,core_stable,False,True,False
4451,12.588863,core_stable,False,True,False
4452,12.495632,core_stable,False,True,False
4453,12.036007,core_stable,False,True,False
4454,12.682094,core_stable,False,True,False
4455,12.360232,core_stable,False,True,False
4456,14.244455,interrupt_delay,False,True,False
4457,12.041368,core_stable,False,True,False
4458,12.194599,core_stable,False,True,False
4459,12.458019,core_stable,False,True,False
4460,12.383837,core_stable,False,True,False
4461,17.23844,worst_case_protection_path,False,True,False
4462,12.352791,core_stable,False,True,False
4463,12.256531,core_stable,False,True,False
4464,12.707703,core_stable,False,True,False
4465,12.10002,core_stable,False,True,False
4466,12.598333,core_stable,False,True,False
4467,12.234527,core_stable,False,True,False
4468,12.09874,core_stable,False,True,False
4469,12.192839,core_stable,False,True,False
4470,12.422007,core_stable,False,True,False
4471,12.307421,core_stable,False,True,False
4472,12.652351,core_stable,False,True,False
4473,12.017123,core_stable,False,True,False
4474,12.492564,core_stable,False,True,False
4475,12.480694,core_stable,False,True,False
4476,13.40612,cache_memory_jitter,False,True,False
4477,12.665822,core_stable,False,True,False
4478,12.546716,core_stable,False,True,False
4479,12.205321,core_stable,False,True,False
4480,12.092579,core_stable,False,True,False
4481,12.59073,core_stable,False,True,False
4482,12.328626,core_stable,False,True,False
4483,12.121544,core_stable,False,True,False
4484,12.461754,core_stable,False,True,False
4485,13.09225,cache_memory_jitter,False,True,False
4486,12.316863,core_stable,False,True,False
4487,12.09994,core_stable,False,True,False
4488,12.00088,core_stable,False,True,False
4489,12.227806,core_stable,False,True,False
4490,12.317263,core_stable,False,True,False
4491,12.306701,core_stable,False,True,False
4492,12.366473,core_stable,False,True,False
4493,12.253491,core_stable,False,True,False
4494,12.496832,core_stable,False,True,False
4495,12.033047,core_stable,False,True,False
4496,12.008162,core_stable,False,True,False
4497,12.076175,core_stable,False,True,False
4498,12.353271,core_stable,False,True,False
4499,12.067534,core_stable,False,True,False
4500,12.284377,core_stable,False,True,False
4501,12.05065,core_stable,False,True,False
4502,12.681694,core_stable,False,True,False
4503,12.475892,core_stable,False,True,False
4504,13.32555,cache_memory_jitter,False,True,False
4505,13.623927,branch_miss,False,True,False
4506,12.340148,core_stable,False,True,False
4507,12.484562,core_stable,False,True,False
4508,12.514838,core_stable,False,True,False
4509,13.372491,cache_memory_jitter,False,True,False
4510,16.373689,interrupt_delay,False,True,False
4511,12.615939,core_stable,False,True,False
4512,12.531644,core_stable,False,True,False
4513,12.058812,core_stable,False,True,False
4514,12.658219,core_stable,False,True,False
4515,12.604468,core_stable,False,True,False
4516,12.907992,cache_memory_jitter,False,True,False
4517,15.303057,interrupt_delay,False,True,False
4518,12.544582,core_stable,False,True,False
4519,12.51924,core_stable,False,True,False
4520,12.79053,core_stable,False,True,False
4521,12.494965,core_stable,False,True,False
4522,12.014563,core_stable,False,True,False
4523,12.632477,core_stable,False,True,False
4524,12.712371,core_stable,False,True,False
4525,14.467002,interrupt_delay,False,True,False
4526,12.161312,core_stable,False,True,False
4527,14.557224,interrupt_delay,False,True,False
4528,12.663955,core_stable,False,True,False
4529,12.064733,core_stable,False,True,False
4530,12.083057,core_stable,False,True,False
4531,12.552451,core_stable,False,True,False
4532,12.886274,cache_memory_jitter,False,True,False
4533,12.143069,core_stable,False,True,False
4534,12.768523,core_stable,False,True,False
4535,12.505368,core_stable,False,True,False
4536,12.159712,core_stable,False,True,False
4537,12.450817,core_stable,False,True,False
4538,13.730923,branch_miss,False,True,False
4539,12.119624,core_stable,False,True,False
4540,12.310542,core_stable,False,True,False
4541,13.955735,branch_miss,False,True,False
4542,12.306381,core_stable,False,True,False
4543,12.035287,core_stable,False,True,False
4544,12.777192,core_stable,False,True,False
4545,12.320304,core_stable,False,True,False
4546,12.415605,core_stable,False,True,False
4547,12.746916,core_stable,False,True,False
4548,12.245089,core_stable,False,True,False
4549,13.387203,cache_memory_jitter,False,True,False
4550,12.262212,core_stable,False,True,False
4551,12.656485,core_stable,False,True,False
4552,12.508036,core_stable,False,True,False
4553,12.291978,core_stable,False,True,False
4554,12.071454,core_stable,False,True,False
4555,12.94022,cache_memory_jitter,False,True,False
4556,12.269494,core_stable,False,True,False
4557,12.626342,core_stable,False,True,False
4558,13.076837,cache_memory_jitter,False,True,False
4559,13.105562,cache_memory_jitter,False,True,False
4560,12.09786,core_stable,False,True,False
4561,12.173955,core_stable,False,True,False
4562,12.270134,core_stable,False,True,False
4563,12.717039,core_stable,False,True,False
4564,12.913597,cache_memory_jitter,False,True,False
4565,15.441397,interrupt_delay,False,True,False
4566,12.183957,core_stable,False,True,False
4567,12.15235,core_stable,False,True,False
4568,12.572324,core_stable,False,True,False
4569,12.177636,core_stable,False,True,False
4570,12.884873,cache_memory_jitter,False,True,False
4571,12.403601,core_stable,False,True,False
4572,12.017764,core_stable,False,True,False
4573,12.678093,core_stable,False,True,False
4574,12.565655,core_stable,False,True,False
4575,12.184677,core_stable,False,True,False
4576,12.684228,core_stable,False,True,False
4577,12.404135,core_stable,False,True,False
4578,12.376635,core_stable,False,True,False
4579,12.337588,core_stable,False,True,False
4580,12.226525,core_stable,False,True,False
4581,12.355431,core_stable,False,True,False
4582,12.04809,core_stable,False,True,False
4583,12.258372,core_stable,False,True,False
4584,12.236927,core_stable,False,True,False
4585,12.038328,core_stable,False,True,False
4586,13.982184,branch_miss,False,True,False
4587,12.572991,core_stable,False,True,False
4588,12.505635,core_stable,False,True,False
4589,12.621007,core_stable,False,True,False
4590,12.226925,core_stable,False,True,False
4591,12.78973,core_stable,False,True,False
4592,12.655952,core_stable,False,True,False
4593,12.24805,core_stable,False,True,False
4594,12.225485,core_stable,False,True,False
4595,12.855447,cache_memory_jitter,False,True,False
4596,12.131706,core_stable,False,True,False
4597,12.757452,core_stable,False,True,False
4598,12.325265,core_stable,False,True,False
4599,12.356631,core_stable,False,True,False
4600,12.142428,core_stable,False,True,False
4601,12.246529,core_stable,False,True,False
4602,12.289658,core_stable,False,True,False
4603,12.102741,core_stable,False,True,False
4604,12.435212,core_stable,False,True,False
4605,12.333907,core_stable,False,True,False
4606,12.174115,core_stable,False,True,False
4607,12.196279,core_stable,False,True,False
4608,12.109462,core_stable,False,True,False
4609,12.462421,core_stable,False,True,False
4610,12.534978,core_stable,False,True,False
4611,12.975951,cache_memory_jitter,False,True,False
4612,12.243089,core_stable,False,True,False
4613,12.128666,core_stable,False,True,False
4614,12.373675,core_stable,False,True,False
4615,12.165233,core_stable,False,True,False
4616,14.990288,interrupt_delay,False,True,False
4617,12.280376,core_stable,False,True,False
4618,12.114663,core_stable,False,True,False
4619,12.333187,core_stable,False,True,False
4620,12.557252,core_stable,False,True,False
4621,12.355911,core_stable,False,True,False
4622,12.006881,core_stable,False,True,False
4623,12.020404,core_stable,False,True,False
4624,13.094352,cache_memory_jitter,False,True,False
4625,12.166033,core_stable,False,True,False
4626,12.237648,core_stable,False,True,False
4627,13.064226,cache_memory_jitter,False,True,False
4628,12.027365,core_stable,False,True,False
4629,12.30102,core_stable,False,True,False
4630,12.25165,core_stable,False,True,False
4631,12.461621,core_stable,False,True,False
4632,12.129306,core_stable,False,True,False
4633,12.319264,core_stable,False,True,False
4634,12.787729,core_stable,False,True,False
4635,12.211322,core_stable,False,True,False
4636,12.72851,core_stable,False,True,False
4637,12.633811,core_stable,False,True,False
4638,12.262052,core_stable,False,True,False
4639,12.355271,core_stable,False,True,False
4640,12.440814,core_stable,False,True,False
4641,12.44028,core_stable,False,True,False
4642,12.023685,core_stable,False,True,False
4643,12.189238,core_stable,False,True,False
4644,12.597533,core_stable,False,True,False
4645,12.084737,core_stable,False,True,False
4646,12.141388,core_stable,False,True,False
4647,12.666889,core_stable,False,True,False
4648,12.256371,core_stable,False,True,False
4649,12.210122,core_stable,False,True,False
4650,12.316463,core_stable,False,True,False
4651,12.375755,core_stable,False,True,False
4652,12.781861,core_stable,False,True,False
4653,12.288778,core_stable,False,True,False
4654,14.370765,interrupt_delay,False,True,False
4655,12.084977,core_stable,False,True,False
4656,12.638613,core_stable,False,True,False
4657,12.451217,core_stable,False,True,False
4658,12.279176,core_stable,False,True,False
4659,12.599533,core_stable,False,True,False
4660,12.774125,core_stable,False,True,False
4661,12.292378,core_stable,False,True,False
4662,12.235567,core_stable,False,True,False
4663,12.355991,core_stable,False,True,False
4664,12.169314,core_stable,False,True,False
4665,12.556852,core_stable,False,True,False
4666,12.083617,core_stable,False,True,False
4667,13.191736,cache_memory_jitter,False,True,False
4668,12.49003,core_stable,False,True,False
4669,12.314943,core_stable,False,True,False
4670,15.417338,interrupt_delay,False,True,False
4671,12.328306,core_stable,False,True,False
4672,12.47069,core_stable,False,True,False
4673,13.350071,cache_memory_jitter,False,True,False
4674,12.769456,core_stable,False,True,False
4675,12.156031,core_stable,False,True,False
4676,12.411204,core_stable,False,True,False
4677,13.720103,branch_miss,False,True,False
4678,12.145869,core_stable,False,True,False
4679,12.606736,core_stable,False,True,False
4680,12.173635,core_stable,False,True,False
4681,12.392478,core_stable,False,True,False
4682,12.010162,core_stable,False,True,False
4683,12.093859,core_stable,False,True,False
4684,12.505902,core_stable,False,True,False
4685,12.917801,cache_memory_jitter,False,True,False
4686,12.054251,core_stable,False,True,False
4687,12.56032,core_stable,False,True,False
4688,16.391734,interrupt_delay,False,True,False
4689,12.086017,core_stable,False,True,False
4690,13.287718,cache_memory_jitter,False,True,False
4691,12.353031,core_stable,False,True,False
4692,12.354231,core_stable,False,True,False
4693,13.209251,cache_memory_jitter,False,True,False
4694,12.96334,cache_memory_jitter,False,True,False
4695,12.905891,cache_memory_jitter,False,True,False
4696,12.044729,core_stable,False,True,False
4697,12.388478,core_stable,False,True,False
4698,12.063133,core_stable,False,True,False
4699,12.633278,core_stable,False,True,False
4700,12.788796,core_stable,False,True,False
4701,12.948627,cache_memory_jitter,False,True,False
4702,12.113703,core_stable,False,True,False
4703,13.256892,cache_memory_jitter,False,True,False
4704,12.69023,core_stable,False,True,False
4705,12.141068,core_stable,False,True,False
4706,12.375995,core_stable,False,True,False
4707,14.521135,interrupt_delay,False,True,False
4708,12.172995,core_stable,False,True,False
4709,12.196039,core_stable,False,True,False
4710,12.548049,core_stable,False,True,False
4711,12.428676,core_stable,False,True,False
4712,12.7009,core_stable,False,True,False
4713,12.521507,core_stable,False,True,False
4714,12.215083,core_stable,False,True,False
4715,12.176595,core_stable,False,True,False
4716,12.368714,core_stable,False,True,False
4717,12.651951,core_stable,False,True,False
4718,12.20036,core_stable,False,True,False
4719,13.33676,cache_memory_jitter,False,True,False
4720,12.133467,core_stable,False,True,False
4721,12.057692,core_stable,False,True,False
4722,12.985059,cache_memory_jitter,False,True,False
4723,15.387264,interrupt_delay,False,True,False
4724,12.238288,core_stable,False,True,False
4725,12.272775,core_stable,False,True,False
4726,12.403735,core_stable,False,True,False
4727,15.122614,interrupt_delay,False,True,False
4728,13.222562,cache_memory_jitter,False,True,False
4729,12.665555,core_stable,False,True,False
4730,12.30126,core_stable,False,True,False
4731,16.860685,worst_case_protection_path,False,True,False
4732,12.241808,core_stable,False,True,False
4733,12.506435,core_stable,False,True,False
4734,12.320224,core_stable,False,True,False
4735,13.047412,cache_memory_jitter,False,True,False
4736,12.05145,core_stable,False,True,False
4737,12.038088,core_stable,False,True,False
4738,12.598066,core_stable,False,True,False
4739,12.356471,core_stable,False,True,False
4740,12.044489,core_stable,False,True,False
4741,12.042729,core_stable,False,True,False
4742,12.382637,core_stable,False,True,False
4743,12.327826,core_stable,False,True,False
4744,14.148218,interrupt_delay,False,True,False
4745,12.313823,core_stable,False,True,False
4746,12.228126,core_stable,False,True,False
4747,12.184597,core_stable,False,True,False
4748,12.171874,core_stable,False,True,False
4749,12.414405,core_stable,False,True,False
4750,13.031999,cache_memory_jitter,False,True,False
4751,12.002721,core_stable,False,True,False
4752,12.84634,cache_memory_jitter,False,True,False
4753,12.34903,core_stable,False,True,False
4754,17.667708,worst_case_protection_path,False,True,False
4755,12.168914,core_stable,False,True,False
4756,12.090098,core_stable,False,True,False
4757,13.17352,cache_memory_jitter,False,True,False
4758,12.729176,core_stable,False,True,False
4759,12.085937,core_stable,False,True,False
4760,12.600867,core_stable,False,True,False
4761,12.87016,cache_memory_jitter,False,True,False
4762,13.039705,cache_memory_jitter,False,True,False
4763,12.087938,core_stable,False,True,False
4764,12.031446,core_stable,False,True,False
4765,12.341748,core_stable,False,True,False
4766,12.994867,cache_memory_jitter,False,True,False
4767,12.031206,core_stable,False,True,False
4768,13.305934,cache_memory_jitter,False,True,False
4769,12.490163,core_stable,False,True,False
4770,12.003441,core_stable,False,True,False
4771,13.819886,branch_miss,False,True,False
4772,12.688229,core_stable,False,True,False
4773,12.142989,core_stable,False,True,False
4774,13.385102,cache_memory_jitter,False,True,False
4775,12.286137,core_stable,False,True,False
4776,12.557653,core_stable,False,True,False
4777,12.206681,core_stable,False,True,False
4778,12.283337,core_stable,False,True,False
4779,12.42921,core_stable,False,True,False
4780,12.186837,core_stable,False,True,False
4781,12.145709,core_stable,False,True,False
4782,12.263493,core_stable,False,True,False
4783,13.08034,cache_memory_jitter,False,True,False
4784,12.053131,core_stable,False,True,False
4785,12.094499,core_stable,False,True,False
4786,13.422934,cache_memory_jitter,False,True,False
4787,12.274135,core_stable,False,True,False
4788,12.402134,core_stable,False,True,False
4789,12.51017,core_stable,False,True,False
4790,12.584862,core_stable,False,True,False
4791,13.817482,branch_miss,False,True,False
4792,12.583394,core_stable,False,True,False
4793,13.04461,cache_memory_jitter,False,True,False
4794,12.807106,cache_memory_jitter,False,True,False
4795,12.501901,core_stable,False,True,False
4796,12.3984,core_stable,False,True,False
4797,12.322945,core_stable,False,True,False
4798,12.593931,core_stable,False,True,False
4799,12.165953,core_stable,False,True,False
4800,12.965442,cache_memory_jitter,False,True,False
4801,12.328546,core_stable,False,True,False
4802,12.070414,core_stable,False,True,False
4803,12.863855,cache_memory_jitter,False,True,False
4804,12.560453,core_stable,False,True,False
4805,12.260932,core_stable,False,True,False
4806,12.34967,core_stable,False,True,False
4807,12.363833,core_stable,False,True,False
4808,12.081376,core_stable,False,True,False
4809,12.435478,core_stable,False,True,False
4810,12.476559,core_stable,False,True,False
4811,14.617372,interrupt_delay,False,True,False
4812,12.336627,core_stable,False,True,False
4813,12.058652,core_stable,False,True,False
4814,12.323105,core_stable,False,True,False
4815,12.367594,core_stable,False,True,False
4816,12.620874,core_stable,False,True,False
4817,12.480293,core_stable,False,True,False
4818,12.068334,core_stable,False,True,False
4819,12.957035,cache_memory_jitter,False,True,False
4820,12.78066,core_stable,False,True,False
4821,12.448016,core_stable,False,True,False
4822,12.253651,core_stable,False,True,False
4823,12.316703,core_stable,False,True,False
4824,12.716372,core_stable,False,True,False
4825,12.39824,core_stable,False,True,False
4826,12.022164,core_stable,False,True,False
4827,12.288618,core_stable,False,True,False
4828,12.588063,core_stable,False,True,False
4829,12.44855,core_stable,False,True,False
4830,13.399814,cache_memory_jitter,False,True,False
4831,13.664802,branch_miss,False,True,False
4832,12.368154,core_stable,False,True,False
4833,12.15155,core_stable,False,True,False
4834,12.269574,core_stable,False,True,False
4835,12.614471,core_stable,False,True,False
4836,12.069774,core_stable,False,True,False
4837,12.044329,core_stable,False,True,False
4838,12.617272,core_stable,False,True,False
4839,12.269654,core_stable,False,True,False
4840,12.714905,core_stable,False,True,False
4841,12.258532,core_stable,False,True,False
4842,12.573525,core_stable,False,True,False
4843,13.859559,branch_miss,False,True,False
4844,15.399294,interrupt_delay,False,True,False
4845,12.220764,core_stable,False,True,False
4846,12.196599,core_stable,False,True,False
4847,13.732125,branch_miss,False,True,False
4848,15.543649,interrupt_delay,False,True,False
4849,12.765455,core_stable,False,True,False
4850,12.856849,cache_memory_jitter,False,True,False
4851,12.090258,core_stable,False,True,False
4852,13.25479,cache_memory_jitter,False,True,False
4853,12.094739,core_stable,False,True,False
4854,12.643948,core_stable,False,True,False
4855,12.033527,core_stable,False,True,False
4856,12.434812,core_stable,False,True,False
4857,13.962949,branch_miss,False,True,False
4858,12.6997,core_stable,False,True,False
4859,13.039005,cache_memory_jitter,False,True,False
4860,12.595398,core_stable,False,True,False
4861,13.47688,cache_memory_jitter,False,True,False
4862,13.134286,cache_memory_jitter,False,True,False
4863,13.076137,cache_memory_jitter,False,True,False
4864,12.270294,core_stable,False,True,False
4865,12.324465,core_stable,False,True,False
4866,12.194839,core_stable,False,True,False
4867,12.749983,core_stable,False,True,False
4868,12.394079,core_stable,False,True,False
4869,16.090994,interrupt_delay,False,True,False
4870,12.214683,core_stable,False,True,False
4871,13.956938,branch_miss,False,True,False
4872,12.562854,core_stable,False,True,False
4873,12.479093,core_stable,False,True,False
4874,12.64915,core_stable,False,True,False
4875,13.368287,cache_memory_jitter,False,True,False
4876,12.735045,core_stable,False,True,False
4877,12.112903,core_stable,False,True,False
4878,13.451659,cache_memory_jitter,False,True,False
4879,12.016803,core_stable,False,True,False
4880,12.463088,core_stable,False,True,False
4881,13.487389,cache_memory_jitter,False,True,False
4882,12.141548,core_stable,False,True,False
4883,12.66929,core_stable,False,True,False
4884,12.112262,core_stable,False,True,False
4885,12.138508,core_stable,False,True,False
4886,12.390638,core_stable,False,True,False
4887,13.19664,cache_memory_jitter,False,True,False
4888,12.318784,core_stable,False,True,False
4889,12.342228,core_stable,False,True,False
4890,12.77986,core_stable,False,True,False
4891,12.863154,cache_memory_jitter,False,True,False
4892,12.045209,core_stable,False,True,False
4893,14.091585,branch_miss,False,True,False
4894,12.231726,core_stable,False,True,False
4895,12.211402,core_stable,False,True,False
4896,12.484161,core_stable,False,True,False
4897,12.353191,core_stable,False,True,False
4898,12.504835,core_stable,False,True,False
4899,12.382236,core_stable,False,True,False
4900,13.765787,branch_miss,False,True,False
4901,12.45882,core_stable,False,True,False
4902,12.477092,core_stable,False,True,False
4903,12.329746,core_stable,False,True,False
4904,13.839122,branch_miss,False,True,False
4905,12.941621,cache_memory_jitter,False,True,False
4906,12.463488,core_stable,False,True,False
4907,12.063373,core_stable,False,True,False
4908,12.781327,core_stable,False,True,False
4909,12.402401,core_stable,False,True,False
4910,12.67009,core_stable,False,True,False
4911,12.603134,core_stable,False,True,False
4912,12.766389,core_stable,False,True,False
4913,16.637466,worst_case_protection_path,False,True,False
4914,12.162192,core_stable,False,True,False
4915,12.232366,core_stable,False,True,False
4916,12.369434,core_stable,False,True,False
4917,13.950927,branch_miss,False,True,False
4918,13.993004,branch_miss,False,True,False
4919,12.762921,core_stable,False,True,False
4920,12.554852,core_stable,False,True,False
4921,12.19932,core_stable,False,True,False
4922,17.530342,worst_case_protection_path,False,True,False
4923,16.74049,worst_case_protection_path,False,True,False
4924,12.735845,core_stable,False,True,False
4925,12.125305,core_stable,False,True,False
4926,12.186677,core_stable,False,True,False
4927,12.730243,core_stable,False,True,False
4928,12.366633,core_stable,False,True,False
4929,12.390398,core_stable,False,True,False
4930,12.636079,core_stable,False,True,False
4931,12.647549,core_stable,False,True,False
4932,12.479493,core_stable,False,True,False
4933,12.296219,core_stable,False,True,False
4934,12.068174,core_stable,False,True,False
4935,12.237007,core_stable,False,True,False
4936,13.265299,cache_memory_jitter,False,True,False
4937,12.727176,core_stable,False,True,False
4938,12.328466,core_stable,False,True,False
4939,17.135416,worst_case_protection_path,False,True,False
4940,12.337828,core_stable,False,True,False
4941,12.068974,core_stable,False,True,False
4942,12.360552,core_stable,False,True,False
4943,12.062893,core_stable,False,True,False
4944,13.134987,cache_memory_jitter,False,True,False
4945,12.229006,core_stable,False,True,False
4946,12.393999,core_stable,False,True,False
4947,12.4008,core_stable,False,True,False
4948,13.252688,cache_memory_jitter,False,True,False
4949,12.309022,core_stable,False,True,False
4950,12.723708,core_stable,False,True,False
4951,12.884172,cache_memory_jitter,False,True,False
4952,13.132185,cache_memory_jitter,False,True,False
4953,12.482828,core_stable,False,True,False
4954,12.066253,core_stable,False,True,False
4955,13.471976,cache_memory_jitter,False,True,False
4956,12.607136,core_stable,False,True,False
4957,12.936717,cache_memory_jitter,False,True,False
4958,12.081136,core_stable,False,True,False
4959,12.774658,core_stable,False,True,False
4960,12.15059,core_stable,False,True,False
4961,12.522841,core_stable,False,True,False
4962,13.146897,cache_memory_jitter,False,True,False
4963,12.366393,core_stable,False,True,False
4964,12.954232,cache_memory_jitter,False,True,False
4965,13.970162,branch_miss,False,True,False
4966,13.579445,branch_miss,False,True,False
4967,12.335107,core_stable,False,True,False
4968,12.438013,core_stable,False,True,False
4969,12.055931,core_stable,False,True,False
4970,12.619406,core_stable,False,True,False
4971,12.003761,core_stable,False,True,False
4972,12.329586,core_stable,False,True,False
4973,12.269814,core_stable,False,True,False
4974,12.139388,core_stable,False,True,False
4975,12.061212,core_stable,False,True,False
4976,12.69143,core_stable,False,True,False
4977,12.455752,core_stable,False,True,False
4978,13.894423,branch_miss,False,True,False
4979,13.52174,branch_miss,False,True,False
4980,12.392398,core_stable,False,True,False
4981,12.309182,core_stable,False,True,False
4982,12.325745,core_stable,False,True,False
4983,12.735312,core_stable,False,True,False
4984,12.664622,core_stable,False,True,False
4985,12.227886,core_stable,False,True,False
4986,12.446549,core_stable,False,True,False
4987,12.629543,core_stable,False,True,False
4988,12.218364,core_stable,False,True,False
4989,12.190678,core_stable,False,True,False
4990,12.622074,core_stable,False,True,False
4991,12.242929,core_stable,False,True,False
4992,12.547516,core_stable,False,True,False
4993,12.171794,core_stable,False,True,False
4994,12.380236,core_stable,False,True,False
4995,12.433878,core_stable,False,True,False
4996,12.74078,core_stable,False,True,False
4997,14.948185,interrupt_delay,False,True,False
4998,13.048813,cache_memory_jitter,False,True,False
4999,12.079216,core_stable,False,True,False
5000,12.724108,core_stable,False,True,False
5001,12.258292,core_stable,False,True,False
5002,12.393839,core_stable,False,True,False
5003,12.168354,core_stable,False,True,False
5004,12.012803,core_stable,False,True,False
5005,12.157552,core_stable,False,True,False
5006,14.032677,branch_miss,False,True,False
5007,12.253571,core_stable,False,True,False
5008,12.371674,core_stable,False,True,False
5009,12.328946,core_stable,False,True,False
5010,12.41067,core_stable,False,True,False
5011,12.042649,core_stable,False,True,False
5012,12.214443,core_stable,False,True,False
5013,12.09778,core_stable,False,True,False
5014,12.57099,core_stable,False,True,False
5015,12.801501,cache_memory_jitter,False,True,False
5016,12.422808,core_stable,False,True,False
5017,12.379996,core_stable,False,True,False
5018,12.542447,core_stable,False,True,False
5019,12.087137,core_stable,False,True,False
5020,12.231166,core_stable,False,True,False
5021,12.215803,core_stable,False,True,False
5022,12.028086,core_stable,False,True,False
5023,13.812673,branch_miss,False,True,False
5024,12.366953,core_stable,False,True,False
5025,12.338228,core_stable,False,True,False
5026,12.038728,core_stable,False,True,False
5027,12.14835,core_stable,False,True,False
5028,12.378076,core_stable,False,True,False
5029,12.135067,core_stable,False,True,False
5030,12.418406,core_stable,False,True,False
5031,12.442414,core_stable,False,True,False
5032,12.063453,core_stable,False,True,False
5033,12.417472,core_stable,False,True,False
5034,12.787462,core_stable,False,True,False
5035,12.126345,core_stable,False,True,False
5036,12.135467,core_stable,False,True,False
5037,13.241478,cache_memory_jitter,False,True,False
5038,12.089218,core_stable,False,True,False
5039,12.225005,core_stable,False,True,False
5040,15.056451,interrupt_delay,False,True,False
5041,12.224445,core_stable,False,True,False
5042,12.139308,core_stable,False,True,False
5043,12.052571,core_stable,False,True,False
5044,12.356151,core_stable,False,True,False
5045,12.684095,core_stable,False,True,False
5046,12.016883,core_stable,False,True,False
5047,12.607536,core_stable,False,True,False
5048,12.326065,core_stable,False,True,False
5049,12.346069,core_stable,False,True,False
5050,12.498566,core_stable,False,True,False
5051,13.711688,branch_miss,False,True,False
5052,12.065053,core_stable,False,True,False
5053,12.387437,core_stable,False,True,False
5054,12.358632,core_stable,False,True,False
5055,12.771857,core_stable,False,True,False
5056,12.294379,core_stable,False,True,False
5057,12.966142,cache_memory_jitter,False,True,False
5058,12.617673,core_stable,False,True,False
5059,12.14899,core_stable,False,True,False
5060,12.15211,core_stable,False,True,False
5061,13.317143,cache_memory_jitter,False,True,False
5062,12.334947,core_stable,False,True,False
5063,12.574592,core_stable,False,True,False
5064,13.539773,branch_miss,False,True,False
5065,13.170718,cache_memory_jitter,False,True,False
5066,12.280136,core_stable,False,True,False
5067,12.088818,core_stable,False,True,False
5068,12.326305,core_stable,False,True,False
5069,12.14915,core_stable,False,True,False
5070,12.945124,cache_memory_jitter,False,True,False
5071,12.669156,core_stable,False,True,False
5072,13.469874,cache_memory_jitter,False,True,False
5073,12.509503,core_stable,False,True,False
5074,12.056171,core_stable,False,True,False
5075,16.247379,interrupt_delay,False,True,False
5076,12.027766,core_stable,False,True,False
5077,12.156271,core_stable,False,True,False
5078,12.012322,core_stable,False,True,False
5079,12.735178,core_stable,False,True,False
5080,12.14771,core_stable,False,True,False
5081,12.135547,core_stable,False,True,False
5082,13.123777,cache_memory_jitter,False,True,False
5083,12.137147,core_stable,False,True,False
5084,15.976714,interrupt_delay,False,True,False
5085,12.078096,core_stable,False,True,False
5086,13.314341,cache_memory_jitter,False,True,False
5087,12.344389,core_stable,False,True,False
5088,12.667156,core_stable,False,True,False
5089,12.114903,core_stable,False,True,False
5090,12.962639,cache_memory_jitter,False,True,False
5091,12.629943,core_stable,False,True,False
5092,12.246209,core_stable,False,True,False
5093,12.516305,core_stable,False,True,False
5094,12.271814,core_stable,False,True,False
5095,16.012802,interrupt_delay,False,True,False
5096,12.784662,core_stable,False,True,False
5097,12.25029,core_stable,False,True,False
5098,12.020644,core_stable,False,True,False
5099,12.306541,core_stable,False,True,False
5100,12.671957,core_stable,False,True,False
5101,13.5,cache_memory_jitter,False,True,False
5102,12.704368,core_stable,False,True,False
5103,12.309822,core_stable,False,True,False
5104,13.443251,cache_memory_jitter,False,True,False
5105,12.065613,core_stable,False,True,False
5106,12.764922,core_stable,False,True,False
5107,12.107782,core_stable,False,True,False
5108,12.219724,core_stable,False,True,False
5109,12.614205,core_stable,False,True,False
5110,12.235887,core_stable,False,True,False
5111,12.511771,core_stable,False,True,False
5112,15.567708,interrupt_delay,False,True,False
5113,12.81131,cache_memory_jitter,False,True,False
5114,12.566322,core_stable,False,True,False
5115,13.095053,cache_memory_jitter,False,True,False
5116,12.106661,core_stable,False,True,False
5117,12.781994,core_stable,False,True,False
5118,12.745715,core_stable,False,True,False
5119,12.663421,core_stable,False,True,False
5120,16.325571,interrupt_delay,False,True,False
5121,12.071614,core_stable,False,True,False
5122,12.47109,core_stable,False,True,False
5123,12.606869,core_stable,False,True,False
5124,12.403201,core_stable,False,True,False
5125,12.358872,core_stable,False,True,False
5126,12.898184,cache_memory_jitter,False,True,False
5127,12.184117,core_stable,False,True,False
5128,12.10058,core_stable,False,True,False
5129,12.094979,core_stable,False,True,False
5130,12.036567,core_stable,False,True,False
5131,12.441614,core_stable,False,True,False
5132,12.635278,core_stable,False,True,False
5133,12.253731,core_stable,False,True,False
5134,12.262853,core_stable,False,True,False
5135,12.961238,cache_memory_jitter,False,True,False
5136,12.160112,core_stable,False,True,False
5137,12.796132,core_stable,False,True,False
5138,12.283177,core_stable,False,True,False
5139,12.023125,core_stable,False,True,False
5140,12.126585,core_stable,False,True,False
5141,12.594331,core_stable,False,True,False
5142,12.10186,core_stable,False,True,False
5143,12.216043,core_stable,False,True,False
5144,12.177475,core_stable,False,True,False
5145,12.168674,core_stable,False,True,False
5146,12.04953,core_stable,False,True,False
5147,13.877592,branch_miss,False,True,False
5148,12.488429,core_stable,False,True,False
5149,12.402534,core_stable,False,True,False
5150,12.09946,core_stable,False,True,False
5151,12.689697,core_stable,False,True,False
5152,12.524708,core_stable,False,True,False
5153,12.698233,core_stable,False,True,False
5154,12.503368,core_stable,False,True,False
5155,12.687963,core_stable,False,True,False
5156,12.374555,core_stable,False,True,False
5157,12.436012,core_stable,False,True,False
5158,12.726375,core_stable,False,True,False
5159,12.321264,core_stable,False,True,False
5160,12.188198,core_stable,False,True,False
5161,13.392808,cache_memory_jitter,False,True,False
5162,12.330626,core_stable,False,True,False
5163,12.066093,core_stable,False,True,False
5164,12.061052,core_stable,False,True,False
5165,12.272374,core_stable,False,True,False
5166,12.158592,core_stable,False,True,False
5167,12.086977,core_stable,False,True,False
5168,12.42961,core_stable,False,True,False
5169,12.66022,core_stable,False,True,False
5170,12.809908,cache_memory_jitter,False,True,False
5171,12.287337,core_stable,False,True,False
5172,12.597399,core_stable,False,True,False
5173,12.024645,core_stable,False,True,False
5174,12.229726,core_stable,False,True,False
5175,12.30014,core_stable,False,True,False
5176,12.772658,core_stable,False,True,False
5177,16.469926,interrupt_delay,False,True,False
5178,12.830226,cache_memory_jitter,False,True,False
5179,13.378796,cache_memory_jitter,False,True,False
5180,12.013443,core_stable,False,True,False
5181,13.763383,branch_miss,False,True,False
5182,12.34975,core_stable,False,True,False
5183,12.417072,core_stable,False,True,False
5184,12.84704,cache_memory_jitter,False,True,False
5185,12.52871,core_stable,False,True,False
5186,12.308942,core_stable,False,True,False
5187,12.111542,core_stable,False,True,False
5188,12.140268,core_stable,False,True,False
5189,12.577126,core_stable,False,True,False
5190,12.655418,core_stable,False,True,False
5191,12.162432,core_stable,False,True,False
5192,12.095379,core_stable,False,True,False
5193,12.087217,core_stable,False,True,False
5194,12.20204,core_stable,False,True,False
5195,12.017363,core_stable,False,True,False
5196,12.106581,core_stable,False,True,False
5197,12.627409,core_stable,False,True,False
5198,13.527751,branch_miss,False,True,False
5199,12.306221,core_stable,False,True,False
5200,12.267173,core_stable,False,True,False
5201,12.947226,cache_memory_jitter,False,True,False
5202,12.490697,core_stable,False,True,False
5203,12.726509,core_stable,False,True,False
5204,12.10122,core_stable,False,True,False
5205,12.665689,core_stable,False,True,False
5206,12.275735,core_stable,False,True,False
5207,12.397279,core_stable,False,True,False
5208,13.380898,cache_memory_jitter,False,True,False
5209,12.35223,core_stable,False,True,False
5210,13.270203,cache_memory_jitter,False,True,False
5211,12.24837,core_stable,False,True,False
5212,12.88207,cache_memory_jitter,False,True,False
5213,12.168114,core_stable,False,True,False
5214,14.124159,interrupt_delay,False,True,False
5215,12.900986,cache_memory_jitter,False,True,False
5216,12.180356,core_stable,False,True,False
5217,16.963709,worst_case_protection_path,False,True,False
5218,12.310462,core_stable,False,True,False
5219,12.291738,core_stable,False,True,False
5220,12.056331,core_stable,False,True,False
5221,12.152591,core_stable,False,True,False
5222,12.185077,core_stable,False,True,False
5223,13.785022,branch_miss,False,True,False
5224,12.095779,core_stable,False,True,False
5225,14.003824,branch_miss,False,True,False
5226,12.761054,core_stable,False,True,False
5227,12.107542,core_stable,False,True,False
5228,12.842837,cache_memory_jitter,False,True,False
5229,12.020164,core_stable,False,True,False
5230,12.362713,core_stable,False,True,False
5231,18.028293,worst_case_protection_path,False,True,False
5232,12.537246,core_stable,False,True,False
5233,12.182276,core_stable,False,True,False
5234,12.155551,core_stable,False,True,False
5235,12.762387,core_stable,False,True,False
5236,12.646082,core_stable,False,True,False
5237,14.80383,interrupt_delay,False,True,False
5238,12.502301,core_stable,False,True,False
5239,12.128586,core_stable,False,True,False
5240,13.321347,cache_memory_jitter,False,True,False
5241,12.279016,core_stable,False,True,False
5242,12.29846,core_stable,False,True,False
5243,14.214381,interrupt_delay,False,True,False
5244,12.20084,core_stable,False,True,False
5245,12.672091,core_stable,False,True,False
5246,12.218764,core_stable,False,True,False
5247,12.632611,core_stable,False,True,False
5248,12.438279,core_stable,False,True,False
5249,12.410403,core_stable,False,True,False
5250,12.096339,core_stable,False,True,False
5251,13.137789,cache_memory_jitter,False,True,False
5252,15.994758,interrupt_delay,False,True,False
5253,12.234287,core_stable,False,True,False
5254,16.018817,interrupt_delay,False,True,False
5255,12.234767,core_stable,False,True,False
5256,12.561521,core_stable,False,True,False
5257,12.197399,core_stable,False,True,False
5258,12.191238,core_stable,False,True,False
5259,12.187558,core_stable,False,True,False
5260,12.062252,core_stable,False,True,False
5261,12.630477,core_stable,False,True,False
5262,12.183717,core_stable,False,True,False
5263,12.119704,core_stable,False,True,False
5264,12.165633,core_stable,False,True,False
5265,12.29998,core_stable,False,True,False
5266,12.215243,core_stable,False,True,False
5267,12.950729,cache_memory_jitter,False,True,False
5268,12.369834,core_stable,False,True,False
5269,12.332466,core_stable,False,True,False
5270,12.758253,core_stable,False,True,False
5271,16.301512,interrupt_delay,False,True,False
5272,12.396159,core_stable,False,True,False
5273,13.792236,branch_miss,False,True,False
5274,12.336787,core_stable,False,True,False
5275,12.603401,core_stable,False,True,False
5276,12.083217,core_stable,False,True,False
5277,12.474692,core_stable,False,True,False
5278,12.0989,core_stable,False,True,False
5279,12.072094,core_stable,False,True,False
5280,12.279896,core_stable,False,True,False
5281,12.633545,core_stable,False,True,False
5282,12.013043,core_stable,False,True,False
5283,12.770257,core_stable,False,True,False
5284,12.095539,core_stable,False,True,False
5285,12.163393,core_stable,False,True,False
5286,12.094819,core_stable,False,True,False
5287,12.666756,core_stable,False,True,False
5288,12.424675,core_stable,False,True,False
5289,12.355751,core_stable,False,True,False
5290,12.325025,core_stable,False,True,False
5291,12.724375,core_stable,False,True,False
5292,12.428143,core_stable,False,True,False
5293,12.548449,core_stable,False,True,False
5294,12.463755,core_stable,False,True,False
5295,13.872783,branch_miss,False,True,False
5296,12.551517,core_stable,False,True,False
5297,12.691297,core_stable,False,True,False
5298,12.681827,core_stable,False,True,False
5299,13.0334,cache_memory_jitter,False,True,False
5300,12.56072,core_stable,False,True,False
5301,13.80546,branch_miss,False,True,False
5302,17.22127,worst_case_protection_path,False,True,False
5303,12.189318,core_stable,False,True,False
5304,14.166263,interrupt_delay,False,True,False
5305,12.189638,core_stable,False,True,False
5306,12.034567,core_stable,False,True,False
5307,12.486562,core_stable,False,True,False
5308,12.767723,core_stable,False,True,False
5309,17.083904,worst_case_protection_path,False,True,False
5310,12.080256,core_stable,False,True,False
5311,12.370634,core_stable,False,True,False
5312,12.493364,core_stable,False,True,False
5313,12.178836,core_stable,False,True,False
5314,13.504909,branch_miss,False,True,False
5315,12.535912,core_stable,False,True,False
5316,13.678026,branch_miss,False,True,False
5317,12.851944,cache_memory_jitter,False,True,False
5318,12.696365,core_stable,False,True,False
5319,12.179716,core_stable,False,True,False
5320,12.029366,core_stable,False,True,False
5321,16.355645,interrupt_delay,False,True,False
5322,12.575925,core_stable,False,True,False
5323,12.684361,core_stable,False,True,False
5324,12.745448,core_stable,False,True,False
5325,12.154431,core_stable,False,True,False
5326,12.52951,core_stable,False,True,False
5327,12.259892,core_stable,False,True,False
5328,12.290218,core_stable,False,True,False
5329,12.546449,core_stable,False,True,False
5330,12.204041,core_stable,False,True,False
5331,13.892019,branch_miss,False,True,False
5332,12.041848,core_stable,False,True,False
5333,12.060252,core_stable,False,True,False
5334,12.708503,core_stable,False,True,False
5335,12.468023,core_stable,False,True,False
5336,12.46869,core_stable,False,True,False
5337,12.650217,core_stable,False,True,False
5338,12.75065,core_stable,False,True,False
5339,12.716772,core_stable,False,True,False
5340,12.209962,core_stable,False,True,False
5341,13.918467,branch_miss,False,True,False
5342,13.151101,cache_memory_jitter,False,True,False
5343,12.365993,core_stable,False,True,False
5344,12.339668,core_stable,False,True,False
5345,12.498299,core_stable,False,True,False
5346,12.359992,core_stable,False,True,False
5347,12.073935,core_stable,False,True,False
5348,12.518173,core_stable,False,True,False
5349,12.261332,core_stable,False,True,False
5350,13.960544,branch_miss,False,True,False
5351,12.723841,core_stable,False,True,False
5352,12.462154,core_stable,False,True,False
5353,16.157157,interrupt_delay,False,True,False
5354,12.506035,core_stable,False,True,False
5355,16.133098,interrupt_delay,False,True,False
5356,12.30086,core_stable,False,True,False
5357,12.549116,core_stable,False,True,False
5358,13.559008,branch_miss,False,True,False
5359,12.645415,core_stable,False,True,False
5360,12.628743,core_stable,False,True,False
5361,12.425075,core_stable,False,True,False
5362,12.144429,core_stable,False,True,False
5363,12.168514,core_stable,False,True,False
5364,12.195959,core_stable,False,True,False
5365,12.157071,core_stable,False,True,False
5366,12.574191,core_stable,False,True,False
5367,12.217724,core_stable,False,True,False
5368,12.819717,cache_memory_jitter,False,True,False
5369,12.781727,core_stable,False,True,False
5370,12.022645,core_stable,False,True,False
5371,12.215963,core_stable,False,True,False
5372,12.485762,core_stable,False,True,False
5373,12.274295,core_stable,False,True,False
5374,13.061424,cache_memory_jitter,False,True,False
5375,12.361112,core_stable,False,True,False
5376,12.5986,core_stable,False,True,False
5377,13.566221,branch_miss,False,True,False
5378,12.039208,core_stable,False,True,False
5379,12.195479,core_stable,False,True,False
5380,12.2002,core_stable,False,True,False
5381,12.456952,core_stable,False,True,False
5382,12.281896,core_stable,False,True,False
5383,12.25117,core_stable,False,True,False
5384,12.303741,core_stable,False,True,False
5385,13.840324,branch_miss,False,True,False
5386,12.70957,core_stable,False,True,False
5387,12.296859,core_stable,False,True,False
5388,12.255971,core_stable,False,True,False
5389,16.054906,interrupt_delay,False,True,False
5390,12.4999,core_stable,False,True,False
5391,12.209322,core_stable,False,True,False
5392,12.159792,core_stable,False,True,False
5393,12.011282,core_stable,False,True,False
5394,12.405068,core_stable,False,True,False
5395,12.755852,core_stable,False,True,False
5396,12.265813,core_stable,False,True,False
5397,13.977375,branch_miss,False,True,False
5398,12.657553,core_stable,False,True,False
5399,13.503707,branch_miss,False,True,False
5400,12.122905,core_stable,False,True,False
5401,12.074015,core_stable,False,True,False
5402,12.769857,core_stable,False,True,False
5403,12.314703,core_stable,False,True,False
5404,12.674091,core_stable,False,True,False
5405,14.719623,interrupt_delay,False,True,False
5406,12.346469,core_stable,False,True,False
5407,12.228846,core_stable,False,True,False
5408,12.991364,cache_memory_jitter,False,True,False
5409,12.188518,core_stable,False,True,False
5410,12.389918,core_stable,False,True,False
5411,12.394479,core_stable,False,True,False
5412,12.060972,core_stable,False,True,False
5413,12.270694,core_stable,False,True,False
5414,12.821118,cache_memory_jitter,False,True,False
5415,12.053611,core_stable,False,True,False
5416,12.270934,core_stable,False,True,False
5417,12.312462,core_stable,False,True,False
5418,17.341465,worst_case_protection_path,False,True,False
5419,15.429368,interrupt_delay,False,True,False
5420,12.416539,core_stable,False,True,False
5421,13.400515,cache_memory_jitter,False,True,False
5422,12.98716,cache_memory_jitter,False,True,False
5423,13.484587,cache_memory_jitter,False,True,False
5424,12.228926,core_stable,False,True,False
5425,13.27791,cache_memory_jitter,False,True,False
5426,12.302781,core_stable,False,True,False
5427,13.215556,cache_memory_jitter,False,True,False
5428,12.206441,core_stable,False,True,False
5429,12.284537,core_stable,False,True,False
5430,12.114743,core_stable,False,True,False
5431,12.158272,core_stable,False,True,False
5432,12.648349,core_stable,False,True,False
5433,15.176747,interrupt_delay,False,True,False
5434,13.776607,branch_miss,False,True,False
5435,12.794131,core_stable,False,True,False
5436,12.43948,core_stable,False,True,False
5437,12.04881,core_stable,False,True,False
5438,13.310137,cache_memory_jitter,False,True,False
5439,12.253411,core_stable,False,True,False
5440,12.496299,core_stable,False,True,False
5441,12.094339,core_stable,False,True,False
5442,12.223325,core_stable,False,True,False
5443,12.467222,core_stable,False,True,False
5444,12.334867,core_stable,False,True,False
5445,12.536045,core_stable,False,True,False
5446,13.639556,branch_miss,False,True,False
5447,12.252771,core_stable,False,True,False
5448,12.733578,core_stable,False,True,False
5449,12.169394,core_stable,False,True,False
5450,14.623386,interrupt_delay,False,True,False
5451,14.869993,interrupt_delay,False,True,False
5452,12.20092,core_stable,False,True,False
5453,12.131306,core_stable,False,True,False
5454,12.202601,core_stable,False,True,False
5455,12.723575,core_stable,False,True,False
5456,13.770596,branch_miss,False,True,False
5457,12.235807,core_stable,False,True,False
5458,12.561787,core_stable,False,True,False
5459,13.322047,cache_memory_jitter,False,True,False
5460,12.524175,core_stable,False,True,False
5461,12.296779,core_stable,False,True,False
5462,12.435612,core_stable,False,True,False
5463,12.24877,core_stable,False,True,False
5464,12.387918,core_stable,False,True,False
5465,12.032166,core_stable,False,True,False
5466,14.106115,interrupt_delay,False,True,False
5467,12.018804,core_stable,False,True,False
5468,12.343829,core_stable,False,True,False
5469,13.782618,branch_miss,False,True,False
5470,12.738913,core_stable,False,True,False
5471,12.833028,cache_memory_jitter,False,True,False
5472,15.970699,interrupt_delay,False,True,False
5473,12.272855,core_stable,False,True,False
5474,12.34879,core_stable,False,True,False
5475,12.512571,core_stable,False,True,False
5476,12.094659,core_stable,False,True,False
5477,12.177155,core_stable,False,True,False
5478,12.016163,core_stable,False,True,False
5479,12.088418,core_stable,False,True,False
5480,12.111622,core_stable,False,True,False
5481,12.023205,core_stable,False,True,False
5482,12.175235,core_stable,False,True,False
5483,12.538713,core_stable,False,True,False
5484,12.3019,core_stable,False,True,False
5485,12.186277,core_stable,False,True,False
5486,12.094179,core_stable,False,True,False
5487,14.178292,interrupt_delay,False,True,False
5488,12.065773,core_stable,False,True,False
5489,12.229166,core_stable,False,True,False
5490,12.076335,core_stable,False,True,False
5491,12.094259,core_stable,False,True,False
5492,12.388638,core_stable,False,True,False
5493,12.186597,core_stable,False,True,False
5494,12.095219,core_stable,False,True,False
5495,12.083377,core_stable,False,True,False
5496,12.013843,core_stable,False,True,False
5497,12.005601,core_stable,False,True,False
5498,12.484295,core_stable,False,True,False
5499,12.854046,cache_memory_jitter,False,True,False
5500,12.285177,core_stable,False,True,False
5501,13.79464,branch_miss,False,True,False
5502,12.898885,cache_memory_jitter,False,True,False
5503,12.726909,core_stable,False,True,False
5504,13.375293,cache_memory_jitter,False,True,False
5505,12.163793,core_stable,False,True,False
5506,12.103381,core_stable,False,True,False
5507,12.29958,core_stable,False,True,False
5508,12.332066,core_stable,False,True,False
5509,12.432944,core_stable,False,True,False
5510,13.071232,cache_memory_jitter,False,True,False
5511,12.309582,core_stable,False,True,False
5512,12.311742,core_stable,False,True,False
5513,12.122104,core_stable,False,True,False
5514,12.088738,core_stable,False,True,False
5515,13.294023,cache_memory_jitter,False,True,False
5516,12.127626,core_stable,False,True,False
5517,12.743314,core_stable,False,True,False
5518,12.394319,core_stable,False,True,False
5519,13.334658,cache_memory_jitter,False,True,False
5520,12.6006,core_stable,False,True,False
5521,12.0985,core_stable,False,True,False
5522,12.740514,core_stable,False,True,False
5523,16.620295,worst_case_protection_path,False,True,False
5524,12.507236,core_stable,False,True,False
5525,13.408922,cache_memory_jitter,False,True,False
5526,12.452417,core_stable,False,True,False
5527,12.022004,core_stable,False,True,False
5528,12.05137,core_stable,False,True,False
5529,12.164113,core_stable,False,True,False
5530,12.639813,core_stable,False,True,False
5531,12.376475,core_stable,False,True,False
5532,13.757372,branch_miss,False,True,False
5533,14.761727,interrupt_delay,False,True,False
5534,12.725042,core_stable,False,True,False
5535,12.333587,core_stable,False,True,False
5536,12.434411,core_stable,False,True,False
5537,15.170732,interrupt_delay,False,True,False
5538,12.476692,core_stable,False,True,False
5539,12.477359,core_stable,False,True,False
5540,12.95213,cache_memory_jitter,False,True,False
5541,12.267013,core_stable,False,True,False
5542,12.115463,core_stable,False,True,False
5543,12.172915,core_stable,False,True,False
5544,12.20052,core_stable,False,True,False
5545,14.038688,branch_miss,False,True,False
5546,13.516931,branch_miss,False,True,False
5547,12.755052,core_stable,False,True,False
5548,16.688978,worst_case_protection_path,False,True,False
5549,12.639146,core_stable,False,True,False
5550,12.699033,core_stable,False,True,False
5551,12.767056,core_stable,False,True,False
5552,12.167153,core_stable,False,True,False
5553,12.129466,core_stable,False,True,False
5554,12.369914,core_stable,False,True,False
5555,12.283977,core_stable,False,True,False
5556,12.070734,core_stable,False,True,False
5557,13.225365,cache_memory_jitter,False,True,False
5558,14.274529,interrupt_delay,False,True,False
5559,12.323745,core_stable,False,True,False
5560,14.071147,branch_miss,False,True,False
5561,12.369994,core_stable,False,True,False
5562,12.367033,core_stable,False,True,False
5563,12.156511,core_stable,False,True,False
5564,12.494165,core_stable,False,True,False
5565,12.465355,core_stable,False,True,False
5566,12.194039,core_stable,False,True,False
5567,13.412425,cache_memory_jitter,False,True,False
5568,12.056891,core_stable,False,True,False
5569,12.403068,core_stable,False,True,False
5570,12.701434,core_stable,False,True,False
5571,12.840735,cache_memory_jitter,False,True,False
5572,12.114183,core_stable,False,True,False
5573,12.225165,core_stable,False,True,False
5574,12.277015,core_stable,False,True,False
5575,12.626742,core_stable,False,True,False
5576,12.00144,core_stable,False,True,False
5577,12.643414,core_stable,False,True,False
5578,12.455218,core_stable,False,True,False
5579,12.703168,core_stable,False,True,False
5580,12.044009,core_stable,False,True,False
5581,12.494298,core_stable,False,True,False
5582,12.54098,core_stable,False,True,False
5583,13.244281,cache_memory_jitter,False,True,False
5584,12.237968,core_stable,False,True,False
5585,13.617916,branch_miss,False,True,False
5586,12.176435,core_stable,False,True,False
5587,12.061132,core_stable,False,True,False
5588,12.339508,core_stable,False,True,False
5589,12.74985,core_stable,False,True,False
5590,12.795599,core_stable,False,True,False
5591,12.534445,core_stable,False,True,False
5592,12.069134,core_stable,False,True,False
5593,13.136388,cache_memory_jitter,False,True,False
5594,12.293819,core_stable,False,True,False
5595,12.437613,core_stable,False,True,False
5596,12.657019,core_stable,False,True,False
5597,13.895625,branch_miss,False,True,False
5598,12.036487,core_stable,False,True,False
5599,15.525605,interrupt_delay,False,True,False
5600,12.875064,cache_memory_jitter,False,True,False
5601,12.712237,core_stable,False,True,False
5602,12.265493,core_stable,False,True,False
5603,12.031846,core_stable,False,True,False
5604,12.203801,core_stable,False,True,False
5605,18.062634,worst_case_protection_path,False,True,False
5606,12.14819,core_stable,False,True,False
5607,12.785062,core_stable,False,True,False
5608,12.093619,core_stable,False,True,False
5609,12.326545,core_stable,False,True,False
5610,12.437479,core_stable,False,True,False
5611,12.682361,core_stable,False,True,False
5612,13.810269,branch_miss,False,True,False
5613,12.585529,core_stable,False,True,False
5614,12.386237,core_stable,False,True,False
5615,12.4995,core_stable,False,True,False
5616,12.717439,core_stable,False,True,False
5617,13.883603,branch_miss,False,True,False
5618,12.292619,core_stable,False,True,False
5619,12.192599,core_stable,False,True,False
5620,12.189878,core_stable,False,True,False
5621,12.216603,core_stable,False,True,False
5622,12.444682,core_stable,False,True,False
5623,12.277415,core_stable,False,True,False
5624,12.039448,core_stable,False,True,False
5625,12.0981,core_stable,False,True,False
5626,12.721574,core_stable,False,True,False
5627,12.435745,core_stable,False,True,False
5628,12.370474,core_stable,False,True,False
5629,12.612337,core_stable,False,True,False
5630,12.266293,core_stable,False,True,False
5631,12.116663,core_stable,False,True,False
5632,12.59113,core_stable,False,True,False
5633,13.696059,branch_miss,False,True,False
5634,12.657152,core_stable,False,True,False
5635,12.585929,core_stable,False,True,False
5636,14.81586,interrupt_delay,False,True,False
5637,12.176115,core_stable,False,True,False
5638,12.006801,core_stable,False,True,False
5639,12.3988,core_stable,False,True,False
5640,12.497499,core_stable,False,True,False
5641,12.52004,core_stable,False,True,False
5642,13.396311,cache_memory_jitter,False,True,False
5643,12.734778,core_stable,False,True,False
5644,12.8,core_stable,False,True,False
5645,12.254291,core_stable,False,True,False
5646,12.440013,core_stable,False,True,False
5647,12.406269,core_stable,False,True,False
5648,12.130906,core_stable,False,True,False
5649,12.415072,core_stable,False,True,False
5650,12.25213,core_stable,False,True,False
5651,12.584328,core_stable,False,True,False
5652,17.633367,worst_case_protection_path,False,True,False
5653,12.610604,core_stable,False,True,False
5654,12.273415,core_stable,False,True,False
5655,13.793438,branch_miss,False,True,False
5656,12.515639,core_stable,False,True,False
5657,12.54885,core_stable,False,True,False
5658,12.093379,core_stable,False,True,False
5659,12.236207,core_stable,False,True,False
5660,12.197239,core_stable,False,True,False
5661,15.044422,interrupt_delay,False,True,False
5662,12.578726,core_stable,False,True,False
5663,12.317824,core_stable,False,True,False
5664,12.276695,core_stable,False,True,False
5665,12.208602,core_stable,False,True,False
5666,12.523908,core_stable,False,True,False
5667,13.567423,branch_miss,False,True,False
5668,12.105461,core_stable,False,True,False
5669,12.144509,core_stable,False,True,False
5670,12.599,core_stable,False,True,False
5671,12.184517,core_stable,False,True,False
5672,14.900067,interrupt_delay,False,True,False
5673,12.601534,core_stable,False,True,False
5674,15.459442,interrupt_delay,False,True,False
5675,12.35103,core_stable,False,True,False
5676,12.170914,core_stable,False,True,False
5677,13.92568,branch_miss,False,True,False
5678,12.154111,core_stable,False,True,False
5679,12.555919,core_stable,False,True,False
5680,12.154911,core_stable,False,True,False
5681,12.306301,core_stable,False,True,False
5682,12.014163,core_stable,False,True,False
5683,12.117303,core_stable,False,True,False
5684,13.013783,cache_memory_jitter,False,True,False
5685,12.427609,core_stable,False,True,False
5686,12.512437,core_stable,False,True,False
5687,12.692231,core_stable,False,True,False
5688,16.030847,interrupt_delay,False,True,False
5689,13.368988,cache_memory_jitter,False,True,False
5690,12.495498,core_stable,False,True,False
5691,12.066653,core_stable,False,True,False
5692,12.107461,core_stable,False,True,False
5693,12.611137,core_stable,False,True,False
5694,12.319024,core_stable,False,True,False
5695,12.259092,core_stable,False,True,False
5696,12.090578,core_stable,False,True,False
5697,12.342388,core_stable,False,True,False
5698,12.045129,core_stable,False,True,False
5699,12.163153,core_stable,False,True,False
5700,12.227485,core_stable,False,True,False
5701,13.457263,cache_memory_jitter,False,True,False
5702,12.077696,core_stable,False,True,False
5703,13.202245,cache_memory_jitter,False,True,False
5704,12.305181,core_stable,False,True,False
5705,12.247489,core_stable,False,True,False
5706,13.247083,cache_memory_jitter,False,True,False
5707,12.04769,core_stable,False,True,False
5708,12.047369,core_stable,False,True,False
5709,12.77866,core_stable,False,True,False
5710,12.327586,core_stable,False,True,False
5711,12.225325,core_stable,False,True,False
5712,12.539647,core_stable,False,True,False
5713,16.205275,interrupt_delay,False,True,False
5714,12.74945,core_stable,False,True,False
5715,12.814112,cache_memory_jitter,False,True,False
5716,12.386877,core_stable,False,True,False
5717,12.147229,core_stable,False,True,False
5718,12.236287,core_stable,False,True,False
5719,12.578326,core_stable,False,True,False
5720,12.621941,core_stable,False,True,False
5721,12.227566,core_stable,False,True,False
5722,13.337461,cache_memory_jitter,False,True,False
5723,12.867358,cache_memory_jitter,False,True,False
5724,12.154511,core_stable,False,True,False
5725,12.291658,core_stable,False,True,False
5726,13.289119,cache_memory_jitter,False,True,False
5727,12.108982,core_stable,False,True,False
5728,12.422407,core_stable,False,True,False
5729,12.157151,core_stable,False,True,False
5730,15.50756,interrupt_delay,False,True,False
5731,12.282376,core_stable,False,True,False
5732,12.014963,core_stable,False,True,False
5733,12.05153,core_stable,False,True,False
5734,12.62034,core_stable,False,True,False
5735,12.296059,core_stable,False,True,False
5736,15.495531,interrupt_delay,False,True,False
5737,12.523508,core_stable,False,True,False
5738,12.613138,core_stable,False,True,False
5739,13.427838,cache_memory_jitter,False,True,False
5740,12.170594,core_stable,False,True,False
5741,12.75145,core_stable,False,True,False
5742,12.379676,core_stable,False,True,False
5743,12.221004,core_stable,False,True,False
5744,12.130026,core_stable,False,True,False
5745,12.575792,core_stable,False,True,False
5746,12.072975,core_stable,False,True,False
5747,12.383037,core_stable,False,True,False
5748,12.208122,core_stable,False,True,False
5749,12.202521,core_stable,False,True,False
5750,12.492164,core_stable,False,True,False
5751,12.717706,core_stable,False,True,False
5752,12.012643,core_stable,False,True,False
5753,12.114503,core_stable,False,True,False
5754,12.321904,core_stable,False,True,False
5755,12.15003,core_stable,False,True,False
5756,12.848441,cache_memory_jitter,False,True,False
5757,12.448283,core_stable,False,True,False
5758,12.732511,core_stable,False,True,False
5759,12.61994,core_stable,False,True,False
5760,12.25221,core_stable,False,True,False
5761,13.72371,branch_miss,False,True,False
5762,18.011122,worst_case_protection_path,False,True,False
5763,12.555252,core_stable,False,True,False
5764,12.311822,core_stable,False,True,False
5765,12.630744,core_stable,False,True,False
5766,12.138028,core_stable,False,True,False
5767,12.397199,core_stable,False,True,False
5768,13.273706,cache_memory_jitter,False,True,False
5769,12.367674,core_stable,False,True,False
5770,13.240077,cache_memory_jitter,False,True,False
5771,16.654636,worst_case_protection_path,False,True,False
5772,12.582061,core_stable,False,True,False
5773,12.196519,core_stable,False,True,False
5774,12.004801,core_stable,False,True,False
5775,12.240528,core_stable,False,True,False
5776,12.645549,core_stable,False,True,False
5777,12.261972,core_stable,False,True,False
5778,12.389518,core_stable,False,True,False
5779,12.484428,core_stable,False,True,False
5780,12.421607,core_stable,False,True,False
5781,12.324305,core_stable,False,True,False
5782,13.363383,cache_memory_jitter,False,True,False
5783,12.340868,core_stable,False,True,False
5784,15.098555,interrupt_delay,False,True,False
5785,12.629677,core_stable,False,True,False
5786,12.246609,core_stable,False,True,False
5787,12.943023,cache_memory_jitter,False,True,False
5788,12.262773,core_stable,False,True,False
5789,12.525909,core_stable,False,True,False
5790,12.564588,core_stable,False,True,False
5791,14.833904,interrupt_delay,False,True,False
5792,12.644348,core_stable,False,True,False
5793,12.168434,core_stable,False,True,False
5794,12.756385,core_stable,False,True,False
5795,13.795842,branch_miss,False,True,False
5796,12.535645,core_stable,False,True,False
5797,12.523641,core_stable,False,True,False
5798,13.420832,cache_memory_jitter,False,True,False
5799,12.764121,core_stable,False,True,False
5800,12.393199,core_stable,False,True,False
5801,12.260612,core_stable,False,True,False
5802,12.741314,core_stable,False,True,False
5803,12.471891,core_stable,False,True,False
5804,12.644081,core_stable,False,True,False
5805,13.023592,cache_memory_jitter,False,True,False
5806,12.006481,core_stable,False,True,False
5807,12.229246,core_stable,False,True,False
5808,12.732244,core_stable,False,True,False
5809,12.692764,core_stable,False,True,False
5810,12.195799,core_stable,False,True,False
5811,12.286937,core_stable,False,True,False
5812,12.54925,core_stable,False,True,False
5813,12.315983,core_stable,False,True,False
5814,12.207481,core_stable,False,True,False
5815,13.575839,branch_miss,False,True,False
5816,14.845934,interrupt_delay,False,True,False
5817,12.068414,core_stable,False,True,False
5818,13.317844,cache_memory_jitter,False,True,False
5819,12.207321,core_stable,False,True,False
5820,12.00192,core_stable,False,True,False
5821,12.331026,core_stable,False,True,False
5822,12.868058,cache_memory_jitter,False,True,False
5823,13.481084,cache_memory_jitter,False,True,False
5824,12.794665,core_stable,False,True,False
5825,13.60349,branch_miss,False,True,False
5826,12.086177,core_stable,False,True,False
5827,12.771991,core_stable,False,True,False
5828,12.754785,core_stable,False,True,False
5829,12.169074,core_stable,False,True,False
5830,12.753318,core_stable,False,True,False
5831,13.537368,branch_miss,False,True,False
5832,12.193479,core_stable,False,True,False
5833,12.245729,core_stable,False,True,False
5834,12.111302,core_stable,False,True,False
5835,12.994166,cache_memory_jitter,False,True,False
5836,12.771057,core_stable,False,True,False
5837,12.491497,core_stable,False,True,False
5838,12.046809,core_stable,False,True,False
5839,13.087346,cache_memory_jitter,False,True,False
5840,12.142589,core_stable,False,True,False
5841,12.561921,core_stable,False,True,False
5842,12.089298,core_stable,False,True,False
5843,12.556319,core_stable,False,True,False
5844,14.268514,interrupt_delay,False,True,False
5845,12.669023,core_stable,False,True,False
5846,12.267894,core_stable,False,True,False
5847,12.135787,core_stable,False,True,False
5848,12.490564,core_stable,False,True,False
5849,12.005441,core_stable,False,True,False
5850,12.466822,core_stable,False,True,False
5851,12.812711,cache_memory_jitter,False,True,False
5852,12.092018,core_stable,False,True,False
5853,13.379497,cache_memory_jitter,False,True,False
5854,12.679693,core_stable,False,True,False
5855,12.15163,core_stable,False,True,False
5856,12.529376,core_stable,False,True,False
5857,17.101075,worst_case_protection_path,False,True,False
5858,12.308302,core_stable,False,True,False
5859,12.714371,core_stable,False,True,False
5860,12.027285,core_stable,False,True,False
5861,15.050436,interrupt_delay,False,True,False
5862,13.227466,cache_memory_jitter,False,True,False
5863,12.445082,core_stable,False,True,False
5864,12.442281,core_stable,False,True,False
5865,12.718906,core_stable,False,True,False
5866,12.805705,cache_memory_jitter,False,True,False
5867,13.670813,branch_miss,False,True,False
5868,12.111942,core_stable,False,True,False
5869,12.370234,core_stable,False,True,False
5870,12.564988,core_stable,False,True,False
5871,12.327666,core_stable,False,True,False
5872,12.943723,cache_memory_jitter,False,True,False
5873,12.522708,core_stable,False,True,False
5874,13.302431,cache_memory_jitter,False,True,False
5875,12.077536,core_stable,False,True,False
5876,12.983657,cache_memory_jitter,False,True,False
5877,12.264533,core_stable,False,True,False
5878,12.257011,core_stable,False,True,False
5879,12.75105,core_stable,False,True,False
5880,12.278936,core_stable,False,True,False
5881,13.96896,branch_miss,False,True,False
5882,12.469623,core_stable,False,True,False
5883,12.078656,core_stable,False,True,False
5884,12.740914,core_stable,False,True,False
5885,12.778259,core_stable,False,True,False
5886,12.396959,core_stable,False,True,False
5887,12.213963,core_stable,False,True,False
5888,13.544582,branch_miss,False,True,False
5889,12.737312,core_stable,False,True,False
5890,12.011042,core_stable,False,True,False
5891,12.121384,core_stable,False,True,False
5892,12.307982,core_stable,False,True,False
5893,12.077055,core_stable,False,True,False
5894,13.458665,cache_memory_jitter,False,True,False
5895,17.650537,worst_case_protection_path,False,True,False
5896,12.76092,core_stable,False,True,False
5897,13.724912,branch_miss,False,True,False
5898,12.453084,core_stable,False,True,False
5899,13.271604,cache_memory_jitter,False,True,False
5900,12.027125,core_stable,False,True,False
5901,12.59033,core_stable,False,True,False
5902,12.069854,core_stable,False,True,False
5903,12.54018,core_stable,False,True,False
5904,12.05225,core_stable,False,True,False
5905,12.354071,core_stable,False,True,False
5906,12.022565,core_stable,False,True,False
5907,12.284857,core_stable,False,True,False
5908,12.208282,core_stable,False,True,False
5909,12.308862,core_stable,False,True,False
5910,12.174275,core_stable,False,True,False
5911,12.329906,core_stable,False,True,False
5912,13.675622,branch_miss,False,True,False
5913,12.116103,core_stable,False,True,False
5914,12.04961,core_stable,False,True,False
5915,12.713304,core_stable,False,True,False
5916,12.127866,core_stable,False,True,False
5917,12.771591,core_stable,False,True,False
5918,12.52084,core_stable,False,True,False
5919,12.619006,core_stable,False,True,False
5920,12.344549,core_stable,False,True,False
5921,12.847741,cache_memory_jitter,False,True,False
5922,14.436928,interrupt_delay,False,True,False
5923,15.603797,interrupt_delay,False,True,False
5924,12.792131,core_stable,False,True,False
5925,12.387037,core_stable,False,True,False
5926,12.344789,core_stable,False,True,False
5927,12.007281,core_stable,False,True,False
5928,12.160672,core_stable,False,True,False
5929,12.744782,core_stable,False,True,False
5930,12.428009,core_stable,False,True,False
5931,13.542177,branch_miss,False,True,False
5932,12.420807,core_stable,False,True,False
5933,12.070094,core_stable,False,True,False
5934,12.357912,core_stable,False,True,False
5935,12.4987,core_stable,False,True,False
5936,13.195939,cache_memory_jitter,False,True,False
5937,12.157632,core_stable,False,True,False
5938,12.089858,core_stable,False,True,False
5939,12.583128,core_stable,False,True,False
5940,15.152688,interrupt_delay,False,True,False
5941,12.047289,core_stable,False,True,False
5942,14.809845,interrupt_delay,False,True,False
5943,12.004401,core_stable,False,True,False
5944,12.076415,core_stable,False,True,False
5945,12.025125,core_stable,False,True,False
5946,12.007602,core_stable,False,True,False
5947,12.039128,core_stable,False,True,False
5948,12.397439,core_stable,False,True,False
5949,12.054491,core_stable,False,True,False
5950,12.029606,core_stable,False,True,False
5951,14.839919,interrupt_delay,False,True,False
5952,13.370389,cache_memory_jitter,False,True,False
5953,12.62941,core_stable,False,True,False
5954,12.24981,core_stable,False,True,False
5955,12.019044,core_stable,False,True,False
5956,13.509718,branch_miss,False,True,False
5957,15.483501,interrupt_delay,False,True,False
5958,12.196839,core_stable,False,True,False
5959,12.070494,core_stable,False,True,False
5960,12.139548,core_stable,False,True,False
5961,12.492964,core_stable,False,True,False
5962,12.692631,core_stable,False,True,False
5963,12.033607,core_stable,False,True,False
5964,12.292458,core_stable,False,True,False
5965,14.202351,interrupt_delay,False,True,False
5966,13.354976,cache_memory_jitter,False,True,False
5967,12.570857,core_stable,False,True,False
5968,12.208922,core_stable,False,True,False
5969,12.704502,core_stable,False,True,False
5970,13.59267,branch_miss,False,True,False
5971,12.266613,core_stable,False,True,False
5972,12.296139,core_stable,False,True,False
5973,12.093939,core_stable,False,True,False
5974,12.138428,core_stable,False,True,False
5975,12.128106,core_stable,False,True,False
5976,14.019452,branch_miss,False,True,False
5977,12.091938,core_stable,False,True,False
5978,12.229966,core_stable,False,True,False
5979,12.044249,core_stable,False,True,False
5980,12.081056,core_stable,False,True,False
5981,12.078416,core_stable,False,True,False
5982,13.048113,cache_memory_jitter,False,True,False
5983,12.267654,core_stable,False,True,False
5984,12.778126,core_stable,False,True,False
5985,12.15019,core_stable,False,True,False
5986,12.661954,core_stable,False,True,False
5987,12.014723,core_stable,False,True,False
5988,12.106741,core_stable,False,True,False
5989,12.904489,cache_memory_jitter,False,True,False
5990,12.662087,core_stable,False,True,False
5991,12.188438,core_stable,False,True,False
5992,12.20164,core_stable,False,True,False
5993,12.345829,core_stable,False,True,False
5994,12.292058,core_stable,False,True,False
5995,12.690897,core_stable,False,True,False
5996,12.222044,core_stable,False,True,False
5997,12.527776,core_stable,False,True,False
5998,12.323585,core_stable,False,True,False
5999,12.309422,core_stable,False,True,False
6000,12.431344,core_stable,False,True,False
6001,12.338308,core_stable,False,True,False
6002,14.012239,branch_miss,False,True,False
6003,12.774792,core_stable,False,True,False
6004,12.430277,core_stable,False,True,False
6005,12.216443,core_stable,False,True,False
6006,12.231886,core_stable,False,True,False
6007,12.871561,cache_memory_jitter,False,True,False
6008,12.41107,core_stable,False,True,False
6009,13.211353,cache_memory_jitter,False,True,False
6010,13.046711,cache_memory_jitter,False,True,False
6011,12.187798,core_stable,False,True,False
6012,12.336227,core_stable,False,True,False
6013,12.257171,core_stable,False,True,False
6014,12.731711,core_stable,False,True,False
6015,12.702901,core_stable,False,True,False
6016,12.612471,core_stable,False,True,False
6017,12.212202,core_stable,False,True,False
6018,12.237327,core_stable,False,True,False
6019,12.643148,core_stable,False,True,False
6020,12.084577,core_stable,False,True,False
6021,16.175202,interrupt_delay,False,True,False
6022,12.681427,core_stable,False,True,False
6023,12.314383,core_stable,False,True,False
6024,12.210362,core_stable,False,True,False
6025,12.187638,core_stable,False,True,False
6026,12.786662,core_stable,False,True,False
6027,16.127083,interrupt_delay,False,True,False
6028,13.127981,cache_memory_jitter,False,True,False
6029,12.711704,core_stable,False,True,False
6030,12.374795,core_stable,False,True,False
6031,12.699833,core_stable,False,True,False
6032,12.744648,core_stable,False,True,False
6033,12.008242,core_stable,False,True,False
6034,12.074335,core_stable,False,True,False
6035,12.15187,core_stable,False,True,False
6036,12.596065,core_stable,False,True,False
6037,12.538313,core_stable,False,True,False
6038,12.078816,core_stable,False,True,False
6039,12.29838,core_stable,False,True,False
6040,13.111167,cache_memory_jitter,False,True,False
6041,13.004675,cache_memory_jitter,False,True,False
6042,12.402668,core_stable,False,True,False
6043,12.678226,core_stable,False,True,False
6044,12.360152,core_stable,False,True,False
6045,12.653685,core_stable,False,True,False
6046,13.800651,branch_miss,False,True,False
6047,12.309502,core_stable,False,True,False
6048,12.623541,core_stable,False,True,False
6049,13.758574,branch_miss,False,True,False
6050,12.170674,core_stable,False,True,False
6051,12.108502,core_stable,False,True,False
6052,12.429743,core_stable,False,True,False
6053,14.454972,interrupt_delay,False,True,False
6054,12.635145,core_stable,False,True,False
6055,12.548716,core_stable,False,True,False
6056,12.123625,core_stable,False,True,False
6057,12.387598,core_stable,False,True,False
6058,12.04929,core_stable,False,True,False
6059,13.973769,branch_miss,False,True,False
6060,12.274775,core_stable,False,True,False
6061,12.44108,core_stable,False,True,False
6062,12.625408,core_stable,False,True,False
6063,12.232687,core_stable,False,True,False
6064,13.257592,cache_memory_jitter,False,True,False
6065,12.171074,core_stable,False,True,False
6066,12.085777,core_stable,False,True,False
6067,12.521107,core_stable,False,True,False
6068,12.524575,core_stable,False,True,False
6069,15.405309,interrupt_delay,False,True,False
6070,12.34783,core_stable,False,True,False
6071,12.092739,core_stable,False,True,False
6072,12.516439,core_stable,False,True,False
6073,12.56112,core_stable,False,True,False
6074,12.307341,core_stable,False,True,False
6075,12.436145,core_stable,False,True,False
6076,12.56899,core_stable,False,True,False
6077,12.787863,core_stable,False,True,False
6078,12.135147,core_stable,False,True,False
6079,12.698366,core_stable,False,True,False
6080,12.293259,core_stable,False,True,False
6081,12.759587,core_stable,False,True,False
6082,12.022725,core_stable,False,True,False
6083,12.612204,core_stable,False,True,False
6084,12.208442,core_stable,False,True,False
6085,12.563521,core_stable,False,True,False
6086,12.562454,core_stable,False,True,False
6087,12.456419,core_stable,False,True,False
6088,12.344629,core_stable,False,True,False
6089,13.463569,cache_memory_jitter,False,True,False
6090,13.367586,cache_memory_jitter,False,True,False
6091,12.037127,core_stable,False,True,False
6092,12.258852,core_stable,False,True,False
6093,14.085574,branch_miss,False,True,False
6094,12.735445,core_stable,False,True,False
6095,12.183157,core_stable,False,True,False
6096,13.577041,branch_miss,False,True,False
6097,12.169474,core_stable,False,True,False
6098,12.115783,core_stable,False,True,False
6099,12.473758,core_stable,False,True,False
6100,12.388158,core_stable,False,True,False
6101,12.394719,core_stable,False,True,False
6102,12.672491,core_stable,False,True,False
6103,12.392158,core_stable,False,True,False
6104,12.20044,core_stable,False,True,False
6105,12.332146,core_stable,False,True,False
6106,12.211642,core_stable,False,True,False
6107,12.352871,core_stable,False,True,False
6108,12.273015,core_stable,False,True,False
6109,12.042088,core_stable,False,True,False
6110,12.294939,core_stable,False,True,False
6111,12.685829,core_stable,False,True,False
6112,12.206761,core_stable,False,True,False
6113,12.376395,core_stable,False,True,False
6114,12.142669,core_stable,False,True,False
6115,12.785995,core_stable,False,True,False
6116,12.514438,core_stable,False,True,False
6117,13.382299,cache_memory_jitter,False,True,False
6118,12.031926,core_stable,False,True,False
6119,12.114343,core_stable,False,True,False
6120,12.543515,core_stable,False,True,False
6121,12.473491,core_stable,False,True,False
6122,13.261796,cache_memory_jitter,False,True,False
6123,15.814314,interrupt_delay,False,True,False
6124,13.609501,branch_miss,False,True,False
6125,12.700767,core_stable,False,True,False
6126,12.128906,core_stable,False,True,False
6127,12.418139,core_stable,False,True,False
6128,12.203561,core_stable,False,True,False
6129,12.312302,core_stable,False,True,False
6130,12.710637,core_stable,False,True,False
6131,13.837919,branch_miss,False,True,False
6132,12.225885,core_stable,False,True,False
6133,12.437079,core_stable,False,True,False
6134,13.682835,branch_miss,False,True,False
6135,12.35215,core_stable,False,True,False
6136,12.379916,core_stable,False,True,False
6137,14.023059,branch_miss,False,True,False
6138,12.78026,core_stable,False,True,False
6139,12.453885,core_stable,False,True,False
6140,12.44895,core_stable,False,True,False
6141,12.018164,core_stable,False,True,False
6142,12.180196,core_stable,False,True,False
6143,12.002961,core_stable,False,True,False
6144,12.088178,core_stable,False,True,False
6145,12.612604,core_stable,False,True,False
6146,12.276935,core_stable,False,True,False
6147,12.795732,core_stable,False,True,False
6148,12.273655,core_stable,False,True,False
6149,12.070654,core_stable,False,True,False
6150,12.697432,core_stable,False,True,False
6151,12.256291,core_stable,False,True,False
6152,12.289978,core_stable,False,True,False
6153,12.021524,core_stable,False,True,False
6154,12.320464,core_stable,False,True,False
6155,14.960215,interrupt_delay,False,True,False
6156,12.796932,core_stable,False,True,False
6157,12.563254,core_stable,False,True,False
6158,12.819016,cache_memory_jitter,False,True,False
6159,12.423741,core_stable,False,True,False
6160,12.018484,core_stable,False,True,False
6161,12.236527,core_stable,False,True,False
6162,12.032567,core_stable,False,True,False
6163,12.571924,core_stable,False,True,False
6164,12.19948,core_stable,False,True,False
6165,12.141948,core_stable,False,True,False
6166,12.384717,core_stable,False,True,False
6167,12.215403,core_stable,False,True,False
6168,12.032807,core_stable,False,True,False
6169,12.140828,core_stable,False,True,False
6170,12.205801,core_stable,False,True,False
6171,12.175635,core_stable,False,True,False
6172,12.459486,core_stable,False,True,False
6173,12.613671,core_stable,False,True,False
6174,12.208202,core_stable,False,True,False
6175,12.657819,core_stable,False,True,False
6176,12.421874,core_stable,False,True,False
6177,13.071933,cache_memory_jitter,False,True,False
6178,12.676759,core_stable,False,True,False
6179,12.433078,core_stable,False,True,False
6180,12.339268,core_stable,False,True,False
6181,12.041288,core_stable,False,True,False
6182,12.379116,core_stable,False,True,False
6183,13.41803,cache_memory_jitter,False,True,False
6184,12.71864,core_stable,False,True,False
6185,12.488163,core_stable,False,True,False
6186,13.364784,cache_memory_jitter,False,True,False
6187,12.77079,core_stable,False,True,False
6188,12.057211,core_stable,False,True,False
6189,12.006961,core_stable,False,True,False
6190,13.174221,cache_memory_jitter,False,True,False
6191,13.995408,branch_miss,False,True,False
6192,13.059322,cache_memory_jitter,False,True,False
6193,12.640747,core_stable,False,True,False
6194,12.73878,core_stable,False,True,False
6195,13.768192,branch_miss,False,True,False
6196,13.1504,cache_memory_jitter,False,True,False
6197,12.524842,core_stable,False,True,False
6198,13.536166,branch_miss,False,True,False
6199,12.602067,core_stable,False,True,False
6200,12.464822,core_stable,False,True,False
6201,12.042408,core_stable,False,True,False
6202,12.652484,core_stable,False,True,False
6203,12.322224,core_stable,False,True,False
6204,14.286558,interrupt_delay,False,True,False
6205,12.546982,core_stable,False,True,False
6206,12.714238,core_stable,False,True,False
6207,12.080496,core_stable,False,True,False
6208,12.064973,core_stable,False,True,False
6209,13.233772,cache_memory_jitter,False,True,False
6210,13.823493,branch_miss,False,True,False
6211,12.330546,core_stable,False,True,False
6212,12.028246,core_stable,False,True,False
6213,13.189634,cache_memory_jitter,False,True,False
6214,12.577793,core_stable,False,True,False
6215,13.798247,branch_miss,False,True,False
6216,12.25133,core_stable,False,True,False
6217,12.377035,core_stable,False,True,False
6218,12.057131,core_stable,False,True,False
6219,13.457964,cache_memory_jitter,False,True,False
6220,12.039928,core_stable,False,True,False
6221,12.708103,core_stable,False,True,False
6222,13.849941,branch_miss,False,True,False
6223,12.791197,core_stable,False,True,False
6224,12.479627,core_stable,False,True,False
6225,12.1998,core_stable,False,True,False
6226,13.034801,cache_memory_jitter,False,True,False
6227,12.113943,core_stable,False,True,False
6228,12.48136,core_stable,False,True,False
6229,12.581127,core_stable,False,True,False
6230,12.632878,core_stable,False,True,False
6231,12.504702,core_stable,False,True,False
6232,14.593313,interrupt_delay,False,True,False
6233,13.780214,branch_miss,False,True,False
6234,12.696099,core_stable,False,True,False
6235,12.372394,core_stable,False,True,False
6236,12.030006,core_stable,False,True,False
6237,14.061529,branch_miss,False,True,False
6238,12.508836,core_stable,False,True,False
6239,12.356391,core_stable,False,True,False
6240,13.584254,branch_miss,False,True,False
6241,12.671024,core_stable,False,True,False
6242,12.592331,core_stable,False,True,False
6243,12.736379,core_stable,False,True,False
6244,12.110582,core_stable,False,True,False
6245,12.330866,core_stable,False,True,False
6246,13.583052,branch_miss,False,True,False
6247,12.381436,core_stable,False,True,False
6248,12.165473,core_stable,False,True,False
6249,12.108582,core_stable,False,True,False
6250,15.92258,interrupt_delay,False,True,False
6251,12.485228,core_stable,False,True,False
6252,12.15099,core_stable,False,True,False
6253,12.212523,core_stable,False,True,False
6254,12.068734,core_stable,False,True,False
6255,12.24853,core_stable,False,True,False
6256,12.263893,core_stable,False,True,False
6257,12.776926,core_stable,False,True,False
6258,12.106501,core_stable,False,True,False
6259,13.046011,cache_memory_jitter,False,True,False
6260,12.489763,core_stable,False,True,False
6261,13.319245,cache_memory_jitter,False,True,False
6262,12.366793,core_stable,False,True,False
6263,12.161952,core_stable,False,True,False
6264,13.491593,cache_memory_jitter,False,True,False
6265,12.4991,core_stable,False,True,False
6266,12.765855,core_stable,False,True,False
6267,12.525375,core_stable,False,True,False
6268,12.179316,core_stable,False,True,False
6269,12.481494,core_stable,False,True,False
6270,12.745182,core_stable,False,True,False
6271,12.373755,core_stable,False,True,False
6272,12.486829,core_stable,False,True,False
6273,13.228868,cache_memory_jitter,False,True,False
6274,12.999071,cache_memory_jitter,False,True,False
6275,12.446816,core_stable,False,True,False
6276,17.770732,worst_case_protection_path,False,True,False
6277,12.507503,core_stable,False,True,False
6278,12.837232,cache_memory_jitter,False,True,False
6279,12.762788,core_stable,False,True,False
6280,12.344069,core_stable,False,True,False
6281,15.236895,interrupt_delay,False,True,False
6282,12.852645,cache_memory_jitter,False,True,False
6283,12.125385,core_stable,False,True,False
6284,12.415205,core_stable,False,True,False
6285,12.130346,core_stable,False,True,False
6286,14.352721,interrupt_delay,False,True,False
6287,12.222925,core_stable,False,True,False
6288,12.20172,core_stable,False,True,False
6289,13.656387,branch_miss,False,True,False
6290,12.545248,core_stable,False,True,False
6291,12.997669,cache_memory_jitter,False,True,False
6292,12.191878,core_stable,False,True,False
6293,12.153391,core_stable,False,True,False
6294,12.171714,core_stable,False,True,False
6295,12.497099,core_stable,False,True,False
6296,12.05009,core_stable,False,True,False
6297,12.104181,core_stable,False,True,False
6298,12.231966,core_stable,False,True,False
6299,12.211882,core_stable,False,True,False
6300,12.077776,core_stable,False,True,False
6301,12.613271,core_stable,False,True,False
6302,13.057921,cache_memory_jitter,False,True,False
6303,12.4012,core_stable,False,True,False
6304,12.207161,core_stable,False,True,False
6305,12.00072,core_stable,False,True,False
6306,12.336307,core_stable,False,True,False
6307,13.376694,cache_memory_jitter,False,True,False
6308,12.139228,core_stable,False,True,False
6309,12.719707,core_stable,False,True,False
6310,12.854747,cache_memory_jitter,False,True,False
6311,12.623141,core_stable,False,True,False
6312,12.769723,core_stable,False,True,False
6313,12.330146,core_stable,False,True,False
6314,12.680093,core_stable,False,True,False
6315,13.062825,cache_memory_jitter,False,True,False
6316,12.725575,core_stable,False,True,False
6317,12.703968,core_stable,False,True,False
6318,12.607002,core_stable,False,True,False
6319,12.117864,core_stable,False,True,False
6320,15.730107,interrupt_delay,False,True,False
6321,12.054331,core_stable,False,True,False
6322,13.797044,branch_miss,False,True,False
6323,12.083457,core_stable,False,True,False
6324,12.05121,core_stable,False,True,False
6325,12.384477,core_stable,False,True,False
6326,13.169317,cache_memory_jitter,False,True,False
6327,12.611537,core_stable,False,True,False
6328,12.154831,core_stable,False,True,False
6329,12.487629,core_stable,False,True,False
6330,12.623408,core_stable,False,True,False
6331,12.606202,core_stable,False,True,False
6332,13.143394,cache_memory_jitter,False,True,False
6333,12.090418,core_stable,False,True,False
6334,12.753585,core_stable,False,True,False
6335,12.066413,core_stable,False,True,False
6336,12.257091,core_stable,False,True,False
6337,12.308382,core_stable,False,True,False
6338,12.163073,core_stable,False,True,False
6339,12.316543,core_stable,False,True,False
6340,12.72971,core_stable,False,True,False
6341,12.422274,core_stable,False,True,False
6342,12.574458,core_stable,False,True,False
6343,13.145496,cache_memory_jitter,False,True,False
6344,12.04985,core_stable,False,True,False
6345,12.68983,core_stable,False,True,False
6346,12.67049,core_stable,False,True,False
6347,12.020484,core_stable,False,True,False
6348,12.311342,core_stable,False,True,False
6349,12.573124,core_stable,False,True,False
6350,12.542848,core_stable,False,True,False
6351,12.689963,core_stable,False,True,False
6352,12.342629,core_stable,False,True,False
6353,13.401916,cache_memory_jitter,False,True,False
6354,12.196679,core_stable,False,True,False
6355,12.568323,core_stable,False,True,False
6356,12.078256,core_stable,False,True,False
6357,12.217804,core_stable,False,True,False
6358,12.146669,core_stable,False,True,False
6359,12.621674,core_stable,False,True,False
6360,12.533778,core_stable,False,True,False
6361,12.378556,core_stable,False,True,False
6362,12.024725,core_stable,False,True,False
6363,13.550593,branch_miss,False,True,False
6364,16.439852,interrupt_delay,False,True,False
6365,12.648616,core_stable,False,True,False
6366,15.164717,interrupt_delay,False,True,False
6367,13.985791,branch_miss,False,True,False
6368,12.758786,core_stable,False,True,False
6369,12.493498,core_stable,False,True,False
6370,13.698464,branch_miss,False,True,False
6371,12.246769,core_stable,False,True,False
6372,12.118904,core_stable,False,True,False
6373,12.054091,core_stable,False,True,False
6374,12.766789,core_stable,False,True,False
6375,13.399114,cache_memory_jitter,False,True,False
6376,12.269334,core_stable,False,True,False
6377,12.115863,core_stable,False,True,False
6378,12.39848,core_stable,False,True,False
6379,12.15011,core_stable,False,True,False
6380,12.7992,core_stable,False,True,False
6381,12.165313,core_stable,False,True,False
6382,12.05025,core_stable,False,True,False
6383,13.120975,cache_memory_jitter,False,True,False
6384,12.51964,core_stable,False,True,False
6385,12.49043,core_stable,False,True,False
6386,13.078939,cache_memory_jitter,False,True,False
6387,12.791064,core_stable,False,True,False
6388,12.786395,core_stable,False,True,False
6389,12.73918,core_stable,False,True,False
6390,14.011037,branch_miss,False,True,False
6391,13.204347,cache_memory_jitter,False,True,False
6392,12.626876,core_stable,False,True,False
6393,12.741714,core_stable,False,True,False
6394,12.14827,core_stable,False,True,False
6395,12.124665,core_stable,False,True,False
6396,12.693031,core_stable,False,True,False
6397,12.14923,core_stable,False,True,False
6398,12.363993,core_stable,False,True,False
6399,12.364553,core_stable,False,True,False
6400,12.973849,cache_memory_jitter,False,True,False
6401,12.319184,core_stable,False,True,False
6402,12.255091,core_stable,False,True,False
6403,12.023605,core_stable,False,True,False
6404,12.162352,core_stable,False,True,False
6405,12.688096,core_stable,False,True,False
6406,12.785595,core_stable,False,True,False
6407,13.345868,cache_memory_jitter,False,True,False
6408,12.230686,core_stable,False,True,False
6409,12.361992,core_stable,False,True,False
6410,12.561254,core_stable,False,True,False
6411,12.52911,core_stable,False,True,False
6412,12.97455,cache_memory_jitter,False,True,False
6413,12.57966,core_stable,False,True,False
6414,12.585662,core_stable,False,True,False
6415,12.038248,core_stable,False,True,False
6416,12.133387,core_stable,False,True,False
6417,12.244449,core_stable,False,True,False
6418,12.168994,core_stable,False,True,False
6419,12.179156,core_stable,False,True,False
6420,15.08051,interrupt_delay,False,True,False
6421,12.785195,core_stable,False,True,False
6422,12.289258,core_stable,False,True,False
6423,12.020884,core_stable,False,True,False
6424,12.239728,core_stable,False,True,False
6425,12.184917,core_stable,False,True,False
6426,12.365353,core_stable,False,True,False
6427,12.217644,core_stable,False,True,False
6428,12.038888,core_stable,False,True,False
6429,12.079856,core_stable,False,True,False
6430,12.352951,core_stable,False,True,False
6431,12.341108,core_stable,False,True,False
6432,12.276535,core_stable,False,True,False
6433,12.285897,core_stable,False,True,False
6434,13.18473,cache_memory_jitter,False,True,False
6435,13.339562,cache_memory_jitter,False,True,False
6436,12.279336,core_stable,False,True,False
6437,12.241088,core_stable,False,True,False
6438,12.361032,core_stable,False,True,False
6439,13.122376,cache_memory_jitter,False,True,False
6440,12.367514,core_stable,False,True,False
6441,13.350772,cache_memory_jitter,False,True,False
6442,12.971047,cache_memory_jitter,False,True,False
6443,12.749583,core_stable,False,True,False
6444,12.657286,core_stable,False,True,False
6445,12.562588,core_stable,False,True,False
6446,12.799733,core_stable,False,True,False
6447,12.026005,core_stable,False,True,False
6448,13.512122,branch_miss,False,True,False
6449,12.026565,core_stable,False,True,False
6450,12.046249,core_stable,False,True,False
6451,12.173555,core_stable,False,True,False
6452,12.792664,core_stable,False,True,False
6453,12.422141,core_stable,False,True,False
6454,12.540447,core_stable,False,True,False
6455,13.308736,cache_memory_jitter,False,True,False
6456,12.652618,core_stable,False,True,False
6457,13.438347,cache_memory_jitter,False,True,False
6458,12.318624,core_stable,False,True,False
6459,12.416405,core_stable,False,True,False
6460,13.190335,cache_memory_jitter,False,True,False
6461,12.291578,core_stable,False,True,False
6462,12.291818,core_stable,False,True,False
6463,12.125465,core_stable,False,True,False
6464,12.2979,core_stable,False,True,False
6465,12.074495,core_stable,False,True,False
6466,13.181927,cache_memory_jitter,False,True,False
6467,12.057932,core_stable,False,True,False
6468,12.763988,core_stable,False,True,False
6469,12.319744,core_stable,False,True,False
6470,12.05177,core_stable,False,True,False
6471,12.137868,core_stable,False,True,False
6472,12.400667,core_stable,False,True,False
6473,12.47856,core_stable,False,True,False
6474,12.122745,core_stable,False,True,False
6475,12.683028,core_stable,False,True,False
6476,12.675292,core_stable,False,True,False
6477,16.319556,interrupt_delay,False,True,False
6478,13.404718,cache_memory_jitter,False,True,False
6479,12.054891,core_stable,False,True,False
6480,12.676492,core_stable,False,True,False
6481,16.024832,interrupt_delay,False,True,False
6482,12.242529,core_stable,False,True,False
6483,13.082442,cache_memory_jitter,False,True,False
6484,12.034327,core_stable,False,True,False
6485,12.008962,core_stable,False,True,False
6486,12.159312,core_stable,False,True,False
6487,12.070174,core_stable,False,True,False
6488,12.263813,core_stable,False,True,False
6489,12.379516,core_stable,False,True,False
6490,12.588596,core_stable,False,True,False
6491,12.321104,core_stable,False,True,False
6492,12.261812,core_stable,False,True,False
6493,12.293659,core_stable,False,True,False
6494,12.146749,core_stable,False,True,False
6495,12.684895,core_stable,False,True,False
6496,12.361592,core_stable,False,True,False
6497,12.386557,core_stable,False,True,False
6498,13.298928,cache_memory_jitter,False,True,False
6499,12.564855,core_stable,False,True,False
6500,12.082096,core_stable,False,True,False
6501,12.210522,core_stable,False,True,False
6502,12.340788,core_stable,False,True,False
6503,12.242208,core_stable,False,True,False
6504,16.21129,interrupt_delay,False,True,False
6505,12.064893,core_stable,False,True,False
6506,12.836531,cache_memory_jitter,False,True,False
6507,12.447082,core_stable,False,True,False
6508,12.143949,core_stable,False,True,False
6509,12.684495,core_stable,False,True,False
6510,12.470023,core_stable,False,True,False
6511,12.133947,core_stable,False,True,False
6512,12.232286,core_stable,False,True,False
6513,12.063613,core_stable,False,True,False
6514,12.359112,core_stable,False,True,False
6515,12.193719,core_stable,False,True,False
6516,12.720373,core_stable,False,True,False
6517,12.375435,core_stable,False,True,False
6518,12.391118,core_stable,False,True,False
6519,12.234447,core_stable,False,True,False
6520,12.077375,core_stable,False,True,False
6521,14.316632,interrupt_delay,False,True,False
6522,12.463354,core_stable,False,True,False
6523,17.324294,worst_case_protection_path,False,True,False
6524,12.237087,core_stable,False,True,False
6525,12.188678,core_stable,False,True,False
6526,12.586996,core_stable,False,True,False
6527,13.709284,branch_miss,False,True,False
6528,12.759053,core_stable,False,True,False
6529,14.002621,branch_miss,False,True,False
6530,14.280544,interrupt_delay,False,True,False
6531,12.15171,core_stable,False,True,False
6532,12.830926,cache_memory_jitter,False,True,False
6533,12.630877,core_stable,False,True,False
6534,12.354391,core_stable,False,True,False
6535,12.553918,core_stable,False,True,False
6536,13.300329,cache_memory_jitter,False,True,False
6537,12.396399,core_stable,False,True,False
6538,12.864555,cache_memory_jitter,False,True,False
6539,12.43121,core_stable,False,True,False
6540,12.034487,core_stable,False,True,False
6541,12.66062,core_stable,False,True,False
6542,12.543915,core_stable,False,True,False
6543,12.368634,core_stable,False,True,False
6544,12.15067,core_stable,False,True,False
6545,15.790255,interrupt_delay,False,True,False
6546,12.041048,core_stable,False,True,False
6547,12.67876,core_stable,False,True,False
6548,12.491897,core_stable,False,True,False
6549,12.640614,core_stable,False,True,False
6550,12.260372,core_stable,False,True,False
6551,12.785729,core_stable,False,True,False
6552,12.35127,core_stable,False,True,False
6553,13.373892,cache_memory_jitter,False,True,False
6554,12.283897,core_stable,False,True,False
6555,12.179556,core_stable,False,True,False
6556,12.592864,core_stable,False,True,False
6557,12.384157,core_stable,False,True,False
6558,12.287658,core_stable,False,True,False
6559,12.264293,core_stable,False,True,False
6560,12.062973,core_stable,False,True,False
6561,12.445615,core_stable,False,True,False
6562,12.104501,core_stable,False,True,False
6563,12.153631,core_stable,False,True,False
6564,12.211002,core_stable,False,True,False
6565,13.324149,cache_memory_jitter,False,True,False
6566,12.341028,core_stable,False,True,False
6567,12.72931,core_stable,False,True,False
6568,14.184307,interrupt_delay,False,True,False
6569,13.498599,cache_memory_jitter,False,True,False
6570,12.633678,core_stable,False,True,False
6571,13.199442,cache_memory_jitter,False,True,False
6572,12.504435,core_stable,False,True,False
6573,12.276455,core_stable,False,True,False
6574,12.224285,core_stable,False,True,False
6575,12.117544,core_stable,False,True,False
6576,13.896827,branch_miss,False,True,False
6577,12.65075,core_stable,False,True,False
6578,12.340708,core_stable,False,True,False
6579,12.9164,cache_memory_jitter,False,True,False
6580,12.090338,core_stable,False,True,False
6581,13.013083,cache_memory_jitter,False,True,False
6582,12.129626,core_stable,False,True,False
6583,12.627009,core_stable,False,True,False
6584,12.433745,core_stable,False,True,False
6585,12.443881,core_stable,False,True,False
6586,14.966229,interrupt_delay,False,True,False
6587,12.609537,core_stable,False,True,False
6588,12.680894,core_stable,False,True,False
6589,12.427876,core_stable,False,True,False
6590,15.754166,interrupt_delay,False,True,False
6591,12.085217,core_stable,False,True,False
6592,12.374155,core_stable,False,True,False
6593,12.00056,core_stable,False,True,False
6594,12.377516,core_stable,False,True,False
6595,12.352631,core_stable,False,True,False
6596,13.070532,cache_memory_jitter,False,True,False
6597,12.760787,core_stable,False,True,False
6598,16.253394,interrupt_delay,False,True,False
6599,12.043129,core_stable,False,True,False
6600,12.845639,cache_memory_jitter,False,True,False
6601,12.113223,core_stable,False,True,False
6602,12.335187,core_stable,False,True,False
6603,12.085137,core_stable,False,True,False
6604,12.025685,core_stable,False,True,False
6605,12.343029,core_stable,False,True,False
6606,12.303421,core_stable,False,True,False
6607,13.746552,branch_miss,False,True,False
6608,14.605342,interrupt_delay,False,True,False
6609,12.499633,core_stable,False,True,False
6610,12.596199,core_stable,False,True,False
6611,12.648216,core_stable,False,True,False
6612,12.078896,core_stable,False,True,False
6613,12.696632,core_stable,False,True,False
6614,12.269414,core_stable,False,True,False
6615,12.684628,core_stable,False,True,False
6616,13.424335,cache_memory_jitter,False,True,False
6617,12.357031,core_stable,False,True,False
6618,15.200806,interrupt_delay,False,True,False
6619,12.492297,core_stable,False,True,False
6620,12.641947,core_stable,False,True,False
6621,12.271574,core_stable,False,True,False
6622,12.357191,core_stable,False,True,False
6623,13.072634,cache_memory_jitter,False,True,False
6624,12.482161,core_stable,False,True,False
6625,12.140908,core_stable,False,True,False
6626,12.155711,core_stable,False,True,False
6627,12.549383,core_stable,False,True,False
6628,12.461354,core_stable,False,True,False
6629,12.486962,core_stable,False,True,False
6630,12.107381,core_stable,False,True,False
6631,12.695165,core_stable,False,True,False
6632,15.23088,interrupt_delay,False,True,False
6633,12.705569,core_stable,False,True,False
6634,12.500834,core_stable,False,True,False
6635,12.385517,core_stable,False,True,False
6636,12.067854,core_stable,False,True,False
6637,12.441881,core_stable,False,True,False
6638,15.904536,interrupt_delay,False,True,False
6639,12.025365,core_stable,False,True,False
6640,12.635412,core_stable,False,True,False
6641,12.387117,core_stable,False,True,False
6642,13.164412,cache_memory_jitter,False,True,False
6643,12.20108,core_stable,False,True,False
6644,12.126505,core_stable,False,True,False
6645,12.084897,core_stable,False,True,False
6646,12.748783,core_stable,False,True,False
6647,12.320704,core_stable,False,True,False
6648,18.182829,worst_case_protection_path,False,True,False
6649,14.545194,interrupt_delay,False,True,False
6650,14.02907,branch_miss,False,True,False
6651,12.074255,core_stable,False,True,False
6652,14.036283,branch_miss,False,True,False
6653,12.649016,core_stable,False,True,False
6654,12.487362,core_stable,False,True,False
6655,12.14955,core_stable,False,True,False
6656,12.754918,core_stable,False,True,False
6657,12.673158,core_stable,False,True,False
6658,12.429476,core_stable,False,True,False
6659,12.120824,core_stable,False,True,False
6660,12.680627,core_stable,False,True,False
6661,12.747716,core_stable,False,True,False
6662,13.595074,branch_miss,False,True,False
6663,12.271334,core_stable,False,True,False
6664,12.569123,core_stable,False,True,False
6665,12.156111,core_stable,False,True,False
6666,16.403763,interrupt_delay,False,True,False
6667,12.451751,core_stable,False,True,False
6668,12.243409,core_stable,False,True,False
6669,12.322064,core_stable,False,True,False
6670,12.601,core_stable,False,True,False
6671,12.125785,core_stable,False,True,False
6672,12.701034,core_stable,False,True,False
6673,12.374315,core_stable,False,True,False
6674,12.109062,core_stable,False,True,False
6675,14.03989,branch_miss,False,True,False
6676,12.132587,core_stable,False,True,False
6677,12.223645,core_stable,False,True,False
6678,12.331266,core_stable,False,True,False
6679,12.511104,core_stable,False,True,False
6680,12.176355,core_stable,False,True,False
6681,13.448156,cache_memory_jitter,False,True,False
6682,13.390706,cache_memory_jitter,False,True,False
6683,12.086257,core_stable,False,True,False
6684,12.526442,core_stable,False,True,False
6685,12.582728,core_stable,False,True,False
6686,12.105941,core_stable,False,True,False
6687,12.115063,core_stable,False,True,False
6688,12.52991,core_stable,False,True,False
6689,12.180596,core_stable,False,True,False
6690,13.104161,cache_memory_jitter,False,True,False
6691,12.778526,core_stable,False,True,False
6692,12.467756,core_stable,False,True,False
6693,13.640758,branch_miss,False,True,False
6694,12.066973,core_stable,False,True,False
6695,12.942322,cache_memory_jitter,False,True,False
6696,14.924126,interrupt_delay,False,True,False
6697,12.389038,core_stable,False,True,False
6698,12.566989,core_stable,False,True,False
6699,12.392719,core_stable,False,True,False
6700,12.126185,core_stable,False,True,False
6701,12.35031,core_stable,False,True,False
6702,12.565255,core_stable,False,True,False
6703,12.407869,core_stable,False,True,False
6704,12.590997,core_stable,False,True,False
6705,12.257572,core_stable,False,True,False
6706,12.727309,core_stable,False,True,False
6707,12.159232,core_stable,False,True,False
6708,12.246049,core_stable,False,True,False
6709,12.134427,core_stable,False,True,False
6710,12.080736,core_stable,False,True,False
6711,12.124905,core_stable,False,True,False
6712,12.19972,core_stable,False,True,False
6713,12.501234,core_stable,False,True,False
6714,12.203401,core_stable,False,True,False
6715,12.502834,core_stable,False,True,False
6716,13.380197,cache_memory_jitter,False,True,False
6717,13.490192,cache_memory_jitter,False,True,False
6718,12.253251,core_stable,False,True,False
6719,12.364233,core_stable,False,True,False
6720,13.710486,branch_miss,False,True,False
6721,12.861052,cache_memory_jitter,False,True,False
6722,12.383277,core_stable,False,True,False
6723,12.023285,core_stable,False,True,False
6724,12.231646,core_stable,False,True,False
6725,12.159392,core_stable,False,True,False
6726,12.347109,core_stable,False,True,False
6727,12.353511,core_stable,False,True,False
6728,13.930489,branch_miss,False,True,False
6729,13.779011,branch_miss,False,True,False
6730,12.701567,core_stable,False,True,False
6731,12.19964,core_stable,False,True,False
6732,12.209082,core_stable,False,True,False
6733,12.074895,core_stable,False,True,False
6734,12.421474,core_stable,False,True,False
6735,12.457486,core_stable,False,True,False
6736,13.444653,cache_memory_jitter,False,True,False
6737,12.306461,core_stable,False,True,False
6738,12.587796,core_stable,False,True,False
6739,12.502568,core_stable,False,True,False
6740,12.377756,core_stable,False,True,False
6741,12.447883,core_stable,False,True,False
6742,12.04857,core_stable,False,True,False
6743,12.425742,core_stable,False,True,False
6744,12.05201,core_stable,False,True,False
6745,12.119944,core_stable,False,True,False
6746,13.471275,cache_memory_jitter,False,True,False
6747,12.184997,core_stable,False,True,False
6748,14.497076,interrupt_delay,False,True,False
6749,13.411724,cache_memory_jitter,False,True,False
6750,12.332306,core_stable,False,True,False
6751,14.06754,branch_miss,False,True,False
6752,12.225245,core_stable,False,True,False
6753,13.803056,branch_miss,False,True,False
6754,12.503901,core_stable,False,True,False
6755,12.409603,core_stable,False,True,False
6756,12.302541,core_stable,False,True,False
6757,12.612738,core_stable,False,True,False
6758,12.729577,core_stable,False,True,False
6759,12.15051,core_stable,False,True,False
6760,12.029046,core_stable,False,True,False
6761,14.045901,branch_miss,False,True,False
6762,12.153471,core_stable,False,True,False
6763,12.743181,core_stable,False,True,False
6764,13.439748,cache_memory_jitter,False,True,False
6765,13.067029,cache_memory_jitter,False,True,False
6766,12.275095,core_stable,False,True,False
6767,12.752384,core_stable,False,True,False
6768,12.682494,core_stable,False,True,False
6769,13.216257,cache_memory_jitter,False,True,False
6770,12.537379,core_stable,False,True,False
6771,12.069374,core_stable,False,True,False
6772,12.160992,core_stable,False,True,False
6773,12.080896,core_stable,False,True,False
6774,12.152511,core_stable,False,True,False
6775,15.694019,interrupt_delay,False,True,False
6776,12.580594,core_stable,False,True,False
6777,14.031474,branch_miss,False,True,False
6778,12.221484,core_stable,False,True,False
6779,12.139628,core_stable,False,True,False
6780,12.109542,core_stable,False,True,False
6781,12.180036,core_stable,False,True,False
6782,15.291028,interrupt_delay,False,True,False
6783,12.475625,core_stable,False,True,False
6784,12.156351,core_stable,False,True,False
6785,12.243169,core_stable,False,True,False
6786,12.746516,core_stable,False,True,False
6787,12.697566,core_stable,False,True,False
6788,12.20212,core_stable,False,True,False
6789,12.380956,core_stable,False,True,False
6790,12.468423,core_stable,False,True,False
6791,12.690097,core_stable,False,True,False
6792,12.063773,core_stable,False,True,False
6793,12.023845,core_stable,False,True,False
6794,12.091058,core_stable,False,True,False
6795,12.262372,core_stable,False,True,False
6796,12.979454,cache_memory_jitter,False,True,False
6797,12.203081,core_stable,False,True,False
6798,12.553384,core_stable,False,True,False
6799,12.271094,core_stable,False,True,False
6800,13.528953,branch_miss,False,True,False
6801,13.479683,cache_memory_jitter,False,True,False
6802,12.19852,core_stable,False,True,False
6803,12.285417,core_stable,False,True,False
6804,12.342308,core_stable,False,True,False
6805,13.165113,cache_memory_jitter,False,True,False
6806,12.434945,core_stable,False,True,False
6807,12.119224,core_stable,False,True,False
6808,12.329186,core_stable,False,True,False
6809,12.255491,core_stable,False,True,False
6810,12.565388,core_stable,False,True,False
6811,12.211802,core_stable,False,True,False
6812,12.828124,cache_memory_jitter,False,True,False
6813,13.361281,cache_memory_jitter,False,True,False
6814,12.639413,core_stable,False,True,False
6815,12.608069,core_stable,False,True,False
6816,13.111867,cache_memory_jitter,False,True,False
6817,12.410137,core_stable,False,True,False
6818,16.235349,interrupt_delay,False,True,False
6819,12.159872,core_stable,False,True,False
6820,13.237975,cache_memory_jitter,False,True,False
6821,12.102981,core_stable,False,True,False
6822,12.366153,core_stable,False,True,False
6823,13.193137,cache_memory_jitter,False,True,False
6824,12.756519,core_stable,False,True,False
6825,12.722107,core_stable,False,True,False
6826,12.180676,core_stable,False,True,False
6827,13.116071,cache_memory_jitter,False,True,False
6828,12.239808,core_stable,False,True,False
6829,12.339988,core_stable,False,True,False
6830,12.652884,core_stable,False,True,False
6831,12.587529,core_stable,False,True,False
6832,12.258212,core_stable,False,True,False
6833,13.027795,cache_memory_jitter,False,True,False
6834,13.198742,cache_memory_jitter,False,True,False
6835,13.223263,cache_memory_jitter,False,True,False
6836,12.220284,core_stable,False,True,False
6837,12.020324,core_stable,False,True,False
6838,12.503501,core_stable,False,True,False
6839,12.354631,core_stable,False,True,False
6840,12.441747,core_stable,False,True,False
6841,12.257732,core_stable,False,True,False
6842,12.109142,core_stable,False,True,False
6843,12.207722,core_stable,False,True,False
6844,12.157792,core_stable,False,True,False
6845,12.661154,core_stable,False,True,False
6846,12.624075,core_stable,False,True,False
6847,12.585262,core_stable,False,True,False
6848,13.39491,cache_memory_jitter,False,True,False
6849,12.779993,core_stable,False,True,False
6850,12.408269,core_stable,False,True,False
6851,12.183317,core_stable,False,True,False
6852,12.440147,core_stable,False,True,False
6853,12.264213,core_stable,False,True,False
6854,13.446054,cache_memory_jitter,False,True,False
6855,12.355351,core_stable,False,True,False
6856,13.291221,cache_memory_jitter,False,True,False
6857,12.971747,cache_memory_jitter,False,True,False
6858,15.182762,interrupt_delay,False,True,False
6859,12.063693,core_stable,False,True,False
6860,12.387998,core_stable,False,True,False
6861,12.114423,core_stable,False,True,False
6862,12.258612,core_stable,False,True,False
6863,12.613538,core_stable,False,True,False
6864,12.108102,core_stable,False,True,False
6865,12.126025,core_stable,False,True,False
6866,12.690764,core_stable,False,True,False
6867,12.208522,core_stable,False,True,False
6868,12.335747,core_stable,False,True,False
6869,12.219564,core_stable,False,True,False
6870,12.043529,core_stable,False,True,False
6871,12.910795,cache_memory_jitter,False,True,False
6872,12.189718,core_stable,False,True,False
6873,12.682761,core_stable,False,True,False
6874,13.284916,cache_memory_jitter,False,True,False
6875,15.772211,interrupt_delay,False,True,False
6876,12.363513,core_stable,False,True,False
6877,12.553518,core_stable,False,True,False
6878,12.777593,core_stable,False,True,False
6879,12.190998,core_stable,False,True,False
6880,12.394799,core_stable,False,True,False
6881,12.513505,core_stable,False,True,False
6882,12.261892,core_stable,False,True,False
6883,12.405202,core_stable,False,True,False
6884,12.740113,core_stable,False,True,False
6885,12.372474,core_stable,False,True,False
6886,13.358479,cache_memory_jitter,False,True,False
6887,12.089938,core_stable,False,True,False
6888,12.066493,core_stable,False,True,False
6889,12.354311,core_stable,False,True,False
6890,12.577659,core_stable,False,True,False
6891,12.123385,core_stable,False,True,False
6892,12.129786,core_stable,False,True,False
6893,12.662354,core_stable,False,True,False
6894,12.610203,core_stable,False,True,False
6895,12.043049,core_stable,False,True,False
6896,12.791597,core_stable,False,True,False
6897,12.182517,core_stable,False,True,False
6898,12.309342,core_stable,False,True,False
6899,12.767322,core_stable,False,True,False
6900,12.367834,core_stable,False,True,False
6901,13.258993,cache_memory_jitter,False,True,False
6902,13.614309,branch_miss,False,True,False
6903,12.140668,core_stable,False,True,False
6904,12.215323,core_stable,False,True,False
6905,12.220044,core_stable,False,True,False
6906,12.339908,core_stable,False,True,False
6907,14.94217,interrupt_delay,False,True,False
6908,12.222845,core_stable,False,True,False
6909,13.156706,cache_memory_jitter,False,True,False
6910,12.167393,core_stable,False,True,False
6911,12.411337,core_stable,False,True,False
6912,12.890477,cache_memory_jitter,False,True,False
6913,12.059132,core_stable,False,True,False
6914,12.115543,core_stable,False,True,False
6915,12.332226,core_stable,False,True,False
6916,12.002561,core_stable,False,True,False
6917,16.433837,interrupt_delay,False,True,False
6918,12.401334,core_stable,False,True,False
6919,12.088498,core_stable,False,True,False
6920,12.142188,core_stable,False,True,False
6921,12.436546,core_stable,False,True,False
6922,12.61914,core_stable,False,True,False
6923,12.666622,core_stable,False,True,False
6924,12.19812,core_stable,False,True,False
6925,12.440547,core_stable,False,True,False
6926,13.984588,branch_miss,False,True,False
6927,13.038304,cache_memory_jitter,False,True,False
6928,12.388558,core_stable,False,True,False
6929,12.465889,core_stable,False,True,False
6930,12.436812,core_stable,False,True,False
6931,18.096976,worst_case_protection_path,False,True,False
6932,12.185637,core_stable,False,True,False
6933,12.39976,core_stable,False,True,False
6934,14.001419,branch_miss,False,True,False
6935,12.225565,core_stable,False,True,False
6936,12.282136,core_stable,False,True,False
6937,17.873757,worst_case_protection_path,False,True,False
6938,12.05217,core_stable,False,True,False
6939,13.296826,cache_memory_jitter,False,True,False
6940,12.327105,core_stable,False,True,False
6941,12.363673,core_stable,False,True,False
6942,12.090018,core_stable,False,True,False
6943,12.159152,core_stable,False,True,False
6944,17.908098,worst_case_protection_path,False,True,False
6945,12.120264,core_stable,False,True,False
6946,12.120664,core_stable,False,True,False
6947,12.454552,core_stable,False,True,False
6948,12.388318,core_stable,False,True,False
6949,12.295179,core_stable,False,True,False
6950,12.146109,core_stable,False,True,False
6951,13.104861,cache_memory_jitter,False,True,False
6952,12.661554,core_stable,False,True,False
6953,12.209162,core_stable,False,True,False
6954,12.728776,core_stable,False,True,False
6955,12.067934,core_stable,False,True,False
6956,12.755719,core_stable,False,True,False
6957,12.24957,core_stable,False,True,False
6958,13.193838,cache_memory_jitter,False,True,False
6959,12.735712,core_stable,False,True,False
6960,12.659286,core_stable,False,True,False
6961,12.337027,core_stable,False,True,False
6962,12.19924,core_stable,False,True,False
6963,12.118184,core_stable,False,True,False
6964,12.171554,core_stable,False,True,False
6965,12.120344,core_stable,False,True,False
6966,12.532444,core_stable,False,True,False
6967,12.305981,core_stable,False,True,False
6968,12.924807,cache_memory_jitter,False,True,False
6969,12.597266,core_stable,False,True,False
6970,12.421074,core_stable,False,True,False
6971,12.219004,core_stable,False,True,False
6972,15.351176,interrupt_delay,False,True,False
6973,12.790263,core_stable,False,True,False
6974,12.740247,core_stable,False,True,False
6975,12.19876,core_stable,False,True,False
6976,13.414527,cache_memory_jitter,False,True,False
6977,12.369354,core_stable,False,True,False
6978,12.765322,core_stable,False,True,False
6979,12.266133,core_stable,False,True,False
6980,13.905243,branch_miss,False,True,False
6981,12.164033,core_stable,False,True,False
6982,12.510837,core_stable,False,True,False
6983,13.596276,branch_miss,False,True,False
6984,12.438413,core_stable,False,True,False
6985,12.018644,core_stable,False,True,False
6986,12.63101,core_stable,False,True,False
6987,12.376555,core_stable,False,True,False
6988,12.566455,core_stable,False,True,False
6989,12.180516,core_stable,False,True,False
6990,12.71077,core_stable,False,True,False
6991,12.395759,core_stable,False,True,False
6992,12.686229,core_stable,False,True,False
6993,12.1021,core_stable,False,True,False
6994,12.391358,core_stable,False,True,False
6995,13.030598,cache_memory_jitter,False,True,False
6996,12.306141,core_stable,False,True,False
6997,12.608469,core_stable,False,True,False
6998,12.080656,core_stable,False,True,False
6999,12.00008,core_stable,False,True,False
7000,12.05017,core_stable,False,True,False
7001,12.355671,core_stable,False,True,False
7002,12.217083,core_stable,False,True,False
7003,15.573723,interrupt_delay,False,True,False
7004,13.02219,cache_memory_jitter,False,True,False
7005,12.430143,core_stable,False,True,False
7006,12.593398,core_stable,False,True,False
7007,12.758386,core_stable,False,True,False
7008,12.887675,cache_memory_jitter,False,True,False
7009,12.591664,core_stable,False,True,False
7010,12.108662,core_stable,False,True,False
7011,12.174435,core_stable,False,True,False
7012,14.073552,branch_miss,False,True,False
7013,13.395611,cache_memory_jitter,False,True,False
7014,12.766122,core_stable,False,True,False
7015,12.226285,core_stable,False,True,False
7016,12.104661,core_stable,False,True,False
7017,12.532578,core_stable,False,True,False
7018,12.25101,core_stable,False,True,False
7019,12.143869,core_stable,False,True,False
7020,12.14859,core_stable,False,True,False
7021,13.668409,branch_miss,False,True,False
7022,12.613004,core_stable,False,True,False
7023,12.418273,core_stable,False,True,False
7024,12.019524,core_stable,False,True,False
7025,12.173395,core_stable,False,True,False
7026,12.368554,core_stable,False,True,False
7027,12.273335,core_stable,False,True,False
7028,12.239408,core_stable,False,True,False
7029,12.311422,core_stable,False,True,False
7030,12.464688,core_stable,False,True,False
7031,12.784128,core_stable,False,True,False
7032,12.458686,core_stable,False,True,False
7033,12.190438,core_stable,False,True,False
7034,12.563788,core_stable,False,True,False
7035,15.615826,interrupt_delay,False,True,False
7036,12.110742,core_stable,False,True,False
7037,12.013523,core_stable,False,True,False
7038,12.381036,core_stable,False,True,False
7039,12.920603,cache_memory_jitter,False,True,False
7040,12.85895,cache_memory_jitter,False,True,False
7041,15.35719,interrupt_delay,False,True,False
7042,12.529643,core_stable,False,True,False
7043,12.759853,core_stable,False,True,False
7044,12.726242,core_stable,False,True,False
7045,13.209951,cache_memory_jitter,False,True,False
7046,12.584728,core_stable,False,True,False
7047,12.650617,core_stable,False,True,False
7048,12.15075,core_stable,False,True,False
7049,12.256931,core_stable,False,True,False
7050,12.775592,core_stable,False,True,False
7051,12.316783,core_stable,False,True,False
7052,12.464021,core_stable,False,True,False
7053,12.534578,core_stable,False,True,False
7054,12.224525,core_stable,False,True,False
7055,12.036647,core_stable,False,True,False
7056,12.6989,core_stable,False,True,False
7057,14.08918,branch_miss,False,True,False
7058,12.554585,core_stable,False,True,False
7059,12.515772,core_stable,False,True,False
7060,12.337347,core_stable,False,True,False
7061,12.815513,cache_memory_jitter,False,True,False
7062,12.686095,core_stable,False,True,False
7063,12.239648,core_stable,False,True,False
7064,12.169794,core_stable,False,True,False
7065,13.205748,cache_memory_jitter,False,True,False
7066,12.980855,cache_memory_jitter,False,True,False
7067,12.15083,core_stable,False,True,False
7068,13.786225,branch_miss,False,True,False
7069,14.1001,interrupt_delay,False,True,False
7070,12.170994,core_stable,False,True,False
7071,12.320544,core_stable,False,True,False
7072,12.176915,core_stable,False,True,False
7073,12.155151,core_stable,False,True,False
7074,12.552317,core_stable,False,True,False
7075,12.584595,core_stable,False,True,False
7076,12.720774,core_stable,False,True,False
7077,12.380316,core_stable,False,True,False
7078,12.335507,core_stable,False,True,False
7079,12.214763,core_stable,False,True,False
7080,12.828825,cache_memory_jitter,False,True,False
7081,12.594598,core_stable,False,True,False
7082,12.279816,core_stable,False,True,False
7083,12.055131,core_stable,False,True,False
7084,12.378796,core_stable,False,True,False
7085,13.096454,cache_memory_jitter,False,True,False
7086,12.699967,core_stable,False,True,False
7087,13.387904,cache_memory_jitter,False,True,False
7088,12.458553,core_stable,False,True,False
7089,12.083137,core_stable,False,True,False
7090,12.471757,core_stable,False,True,False
7091,13.733328,branch_miss,False,True,False
7092,12.167874,core_stable,False,True,False
7093,12.172835,core_stable,False,True,False
7094,12.571257,core_stable,False,True,False
7095,13.693655,branch_miss,False,True,False
7096,12.519773,core_stable,False,True,False
7097,12.302861,core_stable,False,True,False
7098,12.945825,cache_memory_jitter,False,True,False
7099,12.527242,core_stable,False,True,False
7100,12.191078,core_stable,False,True,False
7101,15.266969,interrupt_delay,False,True,False
7102,12.235407,core_stable,False,True,False
7103,12.191398,core_stable,False,True,False
7104,12.075055,core_stable,False,True,False
7105,12.139708,core_stable,False,True,False
7106,12.501501,core_stable,False,True,False
7107,13.088747,cache_memory_jitter,False,True,False
7108,12.372154,core_stable,False,True,False
7109,12.773591,core_stable,False,True,False
7110,13.144095,cache_memory_jitter,False,True,False
7111,12.304301,core_stable,False,True,False
7112,13.244981,cache_memory_jitter,False,True,False
7113,12.174675,core_stable,False,True,False
7114,12.566722,core_stable,False,True,False
7115,12.10242,core_stable,False,True,False
7116,13.85475,branch_miss,False,True,False
7117,12.313503,core_stable,False,True,False
7118,12.160192,core_stable,False,True,False
7119,15.549664,interrupt_delay,False,True,False
7120,12.378316,core_stable,False,True,False
7121,12.466422,core_stable,False,True,False
7122,12.197079,core_stable,False,True,False
7123,12.289498,core_stable,False,True,False
7124,12.030406,core_stable,False,True,False
7125,12.228206,core_stable,False,True,False
7126,12.480027,core_stable,False,True,False
7127,12.621541,core_stable,False,True,False
7128,12.537646,core_stable,False,True,False
7129,12.170834,core_stable,False,True,False
7130,12.155391,core_stable,False,True,False
7131,12.331986,core_stable,False,True,False
7132,12.344869,core_stable,False,True,False
7133,12.43988,core_stable,False,True,False
7134,12.388078,core_stable,False,True,False
7135,12.75932,core_stable,False,True,False
7136,12.176195,core_stable,False,True,False
7137,12.166433,core_stable,False,True,False
7138,12.949328,cache_memory_jitter,False,True,False
7139,12.239888,core_stable,False,True,False
7140,13.285616,cache_memory_jitter,False,True,False
7141,12.512304,core_stable,False,True,False
7142,12.393519,core_stable,False,True,False
7143,13.165814,cache_memory_jitter,False,True,False
7144,12.153951,core_stable,False,True,False
7145,12.362873,core_stable,False,True,False
7146,12.078176,core_stable,False,True,False
7147,17.392977,worst_case_protection_path,False,True,False
7148,12.268934,core_stable,False,True,False
7149,12.103061,core_stable,False,True,False
7150,12.482561,core_stable,False,True,False
7151,12.265573,core_stable,False,True,False
7152,12.868759,cache_memory_jitter,False,True,False
7153,13.354275,cache_memory_jitter,False,True,False
7154,12.245249,core_stable,False,True,False
7155,12.594998,core_stable,False,True,False
7156,13.408221,cache_memory_jitter,False,True,False
7157,12.008082,core_stable,False,True,False
7158,12.190838,core_stable,False,True,False
7159,14.262499,interrupt_delay,False,True,False
7160,12.76999,core_stable,False,True,False
7161,12.72144,core_stable,False,True,False
7162,12.720107,core_stable,False,True,False
7163,12.46042,core_stable,False,True,False
7164,12.246449,core_stable,False,True,False
7165,12.595532,core_stable,False,True,False
7166,12.39952,core_stable,False,True,False
7167,12.754118,core_stable,False,True,False
7168,12.601267,core_stable,False,True,False
7169,12.130106,core_stable,False,True,False
7170,12.045049,core_stable,False,True,False
7171,12.805004,cache_memory_jitter,False,True,False
7172,12.673424,core_stable,False,True,False
7173,12.41974,core_stable,False,True,False
7174,12.025285,core_stable,False,True,False
7175,12.294299,core_stable,False,True,False
7176,14.936155,interrupt_delay,False,True,False
7177,12.464288,core_stable,False,True,False
7178,12.270214,core_stable,False,True,False
7179,12.72891,core_stable,False,True,False
7180,12.09858,core_stable,False,True,False
7181,13.538571,branch_miss,False,True,False
7182,12.718506,core_stable,False,True,False
7183,12.05041,core_stable,False,True,False
7184,12.952831,cache_memory_jitter,False,True,False
7185,12.827423,cache_memory_jitter,False,True,False
7186,12.292298,core_stable,False,True,False
7187,13.364083,cache_memory_jitter,False,True,False
7188,14.232425,interrupt_delay,False,True,False
7189,12.089138,core_stable,False,True,False
7190,12.338388,core_stable,False,True,False
7191,12.42134,core_stable,False,True,False
7192,12.014643,core_stable,False,True,False
7193,12.857549,cache_memory_jitter,False,True,False
7194,13.371089,cache_memory_jitter,False,True,False
7195,12.558853,core_stable,False,True,False
7196,12.581527,core_stable,False,True,False
7197,12.280776,core_stable,False,True,False
7198,12.340388,core_stable,False,True,False
7199,12.290698,core_stable,False,True,False
7200,12.742514,core_stable,False,True,False
7201,12.542047,core_stable,False,True,False
7202,12.206361,core_stable,False,True,False
7203,12.760387,core_stable,False,True,False
7204,12.426409,core_stable,False,True,False
7205,12.253331,core_stable,False,True,False
7206,12.140748,core_stable,False,True,False
7207,12.064173,core_stable,False,True,False
7208,12.334627,core_stable,False,True,False
7209,12.105061,core_stable,False,True,False
7210,12.192919,core_stable,False,True,False
7211,12.9171,cache_memory_jitter,False,True,False
7212,13.562615,branch_miss,False,True,False
7213,12.091458,core_stable,False,True,False
7214,12.062172,core_stable,False,True,False
7215,12.116343,core_stable,False,True,False
7216,12.092418,core_stable,False,True,False
7217,12.284217,core_stable,False,True,False
7218,12.208682,core_stable,False,True,False
7219,12.412004,core_stable,False,True,False
7220,12.392959,core_stable,False,True,False
7221,12.382557,core_stable,False,True,False
7222,12.071214,core_stable,False,True,False
7223,12.00224,core_stable,False,True,False
7224,12.586729,core_stable,False,True,False
7225,12.880669,cache_memory_jitter,False,True,False
7226,12.343349,core_stable,False,True,False
7227,12.257652,core_stable,False,True,False
7228,12.346149,core_stable,False,True,False
7229,12.765188,core_stable,False,True,False
7230,12.265173,core_stable,False,True,False
7231,12.199,core_stable,False,True,False
7232,12.136987,core_stable,False,True,False
7233,13.10346,cache_memory_jitter,False,True,False
7234,12.013603,core_stable,False,True,False
7235,12.241328,core_stable,False,True,False
7236,12.018084,core_stable,False,True,False
7237,12.564055,core_stable,False,True,False
7238,12.010642,core_stable,False,True,False
7239,12.292699,core_stable,False,True,False
7240,15.79627,interrupt_delay,False,True,False
7241,12.632744,core_stable,False,True,False
7242,13.646769,branch_miss,False,True,False
7243,12.064573,core_stable,False,True,False
7244,12.608203,core_stable,False,True,False
7245,12.746115,core_stable,False,True,False
7246,12.449617,core_stable,False,True,False
7247,12.702234,core_stable,False,True,False
7248,12.281816,core_stable,False,True,False
7249,12.209642,core_stable,False,True,False
7250,12.076735,core_stable,False,True,False
7251,12.179876,core_stable,False,True,False
7252,12.107061,core_stable,False,True,False
7253,12.756252,core_stable,False,True,False
7254,12.372955,core_stable,False,True,False
7255,12.363273,core_stable,False,True,False
7256,12.152991,core_stable,False,True,False
7257,12.700367,core_stable,False,True,False
7258,12.784261,core_stable,False,True,False
7259,12.187317,core_stable,False,True,False
7260,18.045464,worst_case_protection_path,False,True,False
7261,12.089618,core_stable,False,True,False
7262,12.152751,core_stable,False,True,False
7263,12.564722,core_stable,False,True,False
7264,12.774525,core_stable,False,True,False
7265,12.25069,core_stable,False,True,False
7266,12.015843,core_stable,False,True,False
7267,12.081696,core_stable,False,True,False
7268,12.041688,core_stable,False,True,False
7269,12.137067,core_stable,False,True,False
7270,12.131866,core_stable,False,True,False
7271,12.175795,core_stable,False,True,False
7272,12.326785,core_stable,False,True,False
7273,12.820417,cache_memory_jitter,False,True,False
7274,12.253171,core_stable,False,True,False
7275,12.179956,core_stable,False,True,False
7276,13.465671,cache_memory_jitter,False,True,False
7277,12.156671,core_stable,False,True,False
7278,12.112983,core_stable,False,True,False
7279,12.060732,core_stable,False,True,False
7280,12.35015,core_stable,False,True,False
7281,13.226065,cache_memory_jitter,False,True,False
7282,12.022084,core_stable,False,True,False
7283,13.081041,cache_memory_jitter,False,True,False
7284,12.268134,core_stable,False,True,False
7285,12.322785,core_stable,False,True,False
7286,12.596732,core_stable,False,True,False
7287,13.426437,cache_memory_jitter,False,True,False
7288,12.713705,core_stable,False,True,False
7289,12.160432,core_stable,False,True,False
7290,12.551384,core_stable,False,True,False
7291,12.646349,core_stable,False,True,False
7292,13.485287,cache_memory_jitter,False,True,False
7293,12.037768,core_stable,False,True,False
7294,12.34775,core_stable,False,True,False
7295,13.750159,branch_miss,False,True,False
7296,12.745849,core_stable,False,True,False
7297,12.614338,core_stable,False,True,False
7298,12.00248,core_stable,False,True,False
7299,12.037447,core_stable,False,True,False
7300,13.411024,cache_memory_jitter,False,True,False
7301,13.605894,branch_miss,False,True,False
7302,13.855953,branch_miss,False,True,False
7303,12.318224,core_stable,False,True,False
7304,12.110182,core_stable,False,True,False
7305,12.320384,core_stable,False,True,False
7306,12.060652,core_stable,False,True,False
7307,12.393919,core_stable,False,True,False
7308,13.99661,branch_miss,False,True,False
7309,13.019388,cache_memory_jitter,False,True,False
7310,16.078965,interrupt_delay,False,True,False
7311,12.307822,core_stable,False,True,False
7312,12.218924,core_stable,False,True,False
7313,12.078976,core_stable,False,True,False
7314,12.7988,core_stable,False,True,False
7315,12.24757,core_stable,False,True,False
7316,12.054971,core_stable,False,True,False
7317,12.020564,core_stable,False,True,False
7318,13.478982,cache_memory_jitter,False,True,False
7319,12.390078,core_stable,False,True,False
7320,12.233407,core_stable,False,True,False
7321,12.069454,core_stable,False,True,False
7322,12.658353,core_stable,False,True,False
7323,12.310942,core_stable,False,True,False
7324,12.531511,core_stable,False,True,False
7325,12.584195,core_stable,False,True,False
7326,12.470557,core_stable,False,True,False
7327,12.446015,core_stable,False,True,False
7328,12.614872,core_stable,False,True,False
7329,12.713838,core_stable,False,True,False
7330,13.462168,cache_memory_jitter,False,True,False
7331,12.25229,core_stable,False,True,False
7332,12.110022,core_stable,False,True,False
7333,12.205161,core_stable,False,True,False
7334,13.270904,cache_memory_jitter,False,True,False
7335,12.097219,core_stable,False,True,False
7336,12.35207,core_stable,False,True,False
7337,12.507636,core_stable,False,True,False
7338,12.267734,core_stable,False,True,False
7339,12.34991,core_stable,False,True,False
7340,12.297099,core_stable,False,True,False
7341,12.233967,core_stable,False,True,False
7342,12.46002,core_stable,False,True,False
7343,12.385197,core_stable,False,True,False
7344,13.638354,branch_miss,False,True,False
7345,12.561654,core_stable,False,True,False
7346,12.363193,core_stable,False,True,False
7347,12.641681,core_stable,False,True,False
7348,12.388958,core_stable,False,True,False
7349,12.555519,core_stable,False,True,False
7350,12.257411,core_stable,False,True,False
7351,12.14795,core_stable,False,True,False
7352,13.177023,cache_memory_jitter,False,True,False
7353,12.160272,core_stable,False,True,False
7354,12.019284,core_stable,False,True,False
7355,12.721307,core_stable,False,True,False
7356,12.009122,core_stable,False,True,False
7357,12.161152,core_stable,False,True,False
7358,12.522174,core_stable,False,True,False
7359,12.591264,core_stable,False,True,False
7360,13.291922,cache_memory_jitter,False,True,False
7361,12.125225,core_stable,False,True,False
7362,12.104581,core_stable,False,True,False
7363,12.091218,core_stable,False,True,False
7364,12.671824,core_stable,False,True,False
7365,14.047103,branch_miss,False,True,False
7366,12.024805,core_stable,False,True,False
7367,12.136587,core_stable,False,True,False
7368,12.89328,cache_memory_jitter,False,True,False
7369,12.469223,core_stable,False,True,False
7370,12.408936,core_stable,False,True,False
7371,12.223165,core_stable,False,True,False
7372,17.822244,worst_case_protection_path,False,True,False
7373,12.722241,core_stable,False,True,False
7374,12.028806,core_stable,False,True,False
7375,13.893221,branch_miss,False,True,False
7376,12.288458,core_stable,False,True,False
7377,12.53111,core_stable,False,True,False
7378,16.295497,interrupt_delay,False,True,False
7379,13.267401,cache_memory_jitter,False,True,False
7380,12.686762,core_stable,False,True,False
7381,13.078238,cache_memory_jitter,False,True,False
7382,13.427138,cache_memory_jitter,False,True,False
7383,12.143469,core_stable,False,True,False
7384,12.079136,core_stable,False,True,False
7385,12.607669,core_stable,False,True,False
7386,12.185477,core_stable,False,True,False
7387,14.882022,interrupt_delay,False,True,False
7388,12.030966,core_stable,False,True,False
7389,12.710103,core_stable,False,True,False
7390,12.024165,core_stable,False,True,False
7391,12.010882,core_stable,False,True,False
7392,12.163633,core_stable,False,True,False
7393,12.486429,core_stable,False,True,False
7394,12.311982,core_stable,False,True,False
7395,12.042168,core_stable,False,True,False
7396,12.57019,core_stable,False,True,False
7397,13.04531,cache_memory_jitter,False,True,False
7398,13.578243,branch_miss,False,True,False
7399,12.474291,core_stable,False,True,False
7400,12.622341,core_stable,False,True,False
7401,12.221964,core_stable,False,True,False
7402,13.109065,cache_memory_jitter,False,True,False
7403,12.292539,core_stable,False,True,False
7404,12.428409,core_stable,False,True,False
7405,12.361192,core_stable,False,True,False
7406,12.029766,core_stable,False,True,False
7407,12.737046,core_stable,False,True,False
7408,14.083169,branch_miss,False,True,False
7409,12.791864,core_stable,False,True,False
7410,12.498833,core_stable,False,True,False
7411,12.418806,core_stable,False,True,False
7412,12.009522,core_stable,False,True,False
7413,12.181236,core_stable,False,True,False
7414,12.004721,core_stable,False,True,False
7415,12.39904,core_stable,False,True,False
7416,12.329266,core_stable,False,True,False
7417,12.291018,core_stable,False,True,False
7418,12.617939,core_stable,False,True,False
7419,12.544848,core_stable,False,True,False
7420,15.212836,interrupt_delay,False,True,False
7421,12.015123,core_stable,False,True,False
7422,14.081967,branch_miss,False,True,False
7423,16.187231,interrupt_delay,False,True,False
7424,16.493985,interrupt_delay,False,True,False
7425,12.371834,core_stable,False,True,False
7426,12.749183,core_stable,False,True,False
7427,12.30246,core_stable,False,True,False
7428,12.031286,core_stable,False,True,False
7429,12.29766,core_stable,False,True,False
7430,12.528176,core_stable,False,True,False
7431,12.500567,core_stable,False,True,False
7432,12.171154,core_stable,False,True,False
7433,12.241488,core_stable,False,True,False
7434,12.790397,core_stable,False,True,False
7435,12.794398,core_stable,False,True,False
7436,13.809067,branch_miss,False,True,False
7437,12.660487,core_stable,False,True,False
7438,12.383917,core_stable,False,True,False
7439,12.123225,core_stable,False,True,False
7440,13.922074,branch_miss,False,True,False
7441,12.259252,core_stable,False,True,False
7442,12.067694,core_stable,False,True,False
7443,15.032392,interrupt_delay,False,True,False
7444,12.153231,core_stable,False,True,False
7445,13.312239,cache_memory_jitter,False,True,False
7446,12.517506,core_stable,False,True,False
7447,12.454818,core_stable,False,True,False
7448,12.280696,core_stable,False,True,False
7449,12.53938,core_stable,False,True,False
7450,12.188278,core_stable,False,True,False
7451,12.211162,core_stable,False,True,False
7452,12.306941,core_stable,False,True,False
7453,12.542714,core_stable,False,True,False
7454,13.48879,cache_memory_jitter,False,True,False
7455,13.309437,cache_memory_jitter,False,True,False
7456,12.005921,core_stable,False,True,False
7457,12.706769,core_stable,False,True,False
7458,12.738379,core_stable,False,True,False
7459,12.562988,core_stable,False,True,False
7460,12.292939,core_stable,False,True,False
7461,12.118504,core_stable,False,True,False
7462,12.422941,core_stable,False,True,False
7463,12.538446,core_stable,False,True,False
7464,12.09882,core_stable,False,True,False
7465,12.264453,core_stable,False,True,False
7466,12.35239,core_stable,False,True,False
7467,12.183237,core_stable,False,True,False
7468,12.253891,core_stable,False,True,False
7469,12.488563,core_stable,False,True,False
7470,12.15115,core_stable,False,True,False
7471,13.234472,cache_memory_jitter,False,True,False
7472,13.563817,branch_miss,False,True,False
7473,12.058492,core_stable,False,True,False
7474,12.173155,core_stable,False,True,False
7475,12.714505,core_stable,False,True,False
7476,12.143389,core_stable,False,True,False
7477,12.259572,core_stable,False,True,False
7478,12.574325,core_stable,False,True,False
7479,12.303341,core_stable,False,True,False
7480,12.704635,core_stable,False,True,False
7481,12.009922,core_stable,False,True,False
7482,12.316623,core_stable,False,True,False
7483,12.174035,core_stable,False,True,False
7484,12.283497,core_stable,False,True,False
7485,12.359032,core_stable,False,True,False
7486,12.876465,cache_memory_jitter,False,True,False
7487,12.073695,core_stable,False,True,False
7488,12.004481,core_stable,False,True,False
7489,12.581927,core_stable,False,True,False
7490,12.238848,core_stable,False,True,False
7491,16.271438,interrupt_delay,False,True,False
7492,13.133586,cache_memory_jitter,False,True,False
7493,13.109765,cache_memory_jitter,False,True,False
7494,15.278998,interrupt_delay,False,True,False
7495,12.544181,core_stable,False,True,False
7496,13.777809,branch_miss,False,True,False
7497,12.30206,core_stable,False,True,False
7498,12.010802,core_stable,False,True,False
7499,13.75617,branch_miss,False,True,False
7500,12.274855,core_stable,False,True,False
7501,12.982256,cache_memory_jitter,False,True,False
7502,12.231566,core_stable,False,True,False
7503,12.413871,core_stable,False,True,False
7504,12.238448,core_stable,False,True,False
7505,13.064927,cache_memory_jitter,False,True,False
7506,12.252691,core_stable,False,True,False
7507,12.63968,core_stable,False,True,False
7508,12.698499,core_stable,False,True,False
7509,12.088018,core_stable,False,True,False
7510,12.924106,cache_memory_jitter,False,True,False
7511,12.77039,core_stable,False,True,False
7512,12.20116,core_stable,False,True,False
7513,12.103621,core_stable,False,True,False
7514,12.194519,core_stable,False,True,False
7515,12.594865,core_stable,False,True,False
7516,12.447349,core_stable,False,True,False
7517,12.454952,core_stable,False,True,False
7518,14.695564,interrupt_delay,False,True,False
7519,12.335987,core_stable,False,True,False
7520,12.111382,core_stable,False,True,False
7521,12.260052,core_stable,False,True,False
7522,13.069131,cache_memory_jitter,False,True,False
7523,12.402801,core_stable,False,True,False
7524,14.01825,branch_miss,False,True,False
7525,12.125945,core_stable,False,True,False
7526,17.599025,worst_case_protection_path,False,True,False
7527,15.760181,interrupt_delay,False,True,False
7528,12.174515,core_stable,False,True,False
7529,12.116823,core_stable,False,True,False
7530,12.312062,core_stable,False,True,False
7531,13.074035,cache_memory_jitter,False,True,False
7532,12.793998,core_stable,False,True,False
7533,12.076255,core_stable,False,True,False
7534,18.2,worst_case_protection_path,False,True,False
7535,12.518706,core_stable,False,True,False
7536,12.692497,core_stable,False,True,False
7537,12.24973,core_stable,False,True,False
7538,12.355111,core_stable,False,True,False
7539,12.315743,core_stable,False,True,False
7540,12.696232,core_stable,False,True,False
7541,12.989262,cache_memory_jitter,False,True,False
7542,12.392318,core_stable,False,True,False
7543,12.418673,core_stable,False,True,False
7544,12.400534,core_stable,False,True,False
7545,13.590265,branch_miss,False,True,False
7546,12.281176,core_stable,False,True,False
7547,12.223885,core_stable,False,True,False
7548,12.793331,core_stable,False,True,False
7549,12.549917,core_stable,False,True,False
7550,12.585795,core_stable,False,True,False
7551,13.474778,cache_memory_jitter,False,True,False
7552,12.088098,core_stable,False,True,False
7553,12.014243,core_stable,False,True,False
7554,12.742381,core_stable,False,True,False
7555,12.474425,core_stable,False,True,False
7556,14.037485,branch_miss,False,True,False
7557,12.64875,core_stable,False,True,False
7558,12.967544,cache_memory_jitter,False,True,False
7559,12.055771,core_stable,False,True,False
7560,12.491631,core_stable,False,True,False
7561,12.733711,core_stable,False,True,False
7562,13.163011,cache_memory_jitter,False,True,False
7563,13.545784,branch_miss,False,True,False
7564,13.201544,cache_memory_jitter,False,True,False
7565,12.377916,core_stable,False,True,False
7566,12.287978,core_stable,False,True,False
7567,12.062733,core_stable,False,True,False
7568,13.005376,cache_memory_jitter,False,True,False
7569,12.114983,core_stable,False,True,False
7570,12.229806,core_stable,False,True,False
7571,16.181216,interrupt_delay,False,True,False
7572,12.281576,core_stable,False,True,False
7573,12.445482,core_stable,False,True,False
7574,12.139868,core_stable,False,True,False
7575,14.737667,interrupt_delay,False,True,False
7576,12.443481,core_stable,False,True,False
7577,12.056011,core_stable,False,True,False
7578,12.78933,core_stable,False,True,False
7579,12.341988,core_stable,False,True,False
7580,12.569256,core_stable,False,True,False
7581,12.343669,core_stable,False,True,False
7582,12.373195,core_stable,False,True,False
7583,12.053691,core_stable,False,True,False
7584,12.044089,core_stable,False,True,False
7585,12.428543,core_stable,False,True,False
7586,12.522441,core_stable,False,True,False
7587,12.267493,core_stable,False,True,False
7588,14.791801,interrupt_delay,False,True,False
7589,13.914861,branch_miss,False,True,False
7590,12.164273,core_stable,False,True,False
7591,13.829504,branch_miss,False,True,False
7592,12.026165,core_stable,False,True,False
7593,13.336059,cache_memory_jitter,False,True,False
7594,12.259012,core_stable,False,True,False
7595,12.600467,core_stable,False,True,False
7596,12.643815,core_stable,False,True,False
7597,12.816914,cache_memory_jitter,False,True,False
7598,12.574725,core_stable,False,True,False
7599,12.269094,core_stable,False,True,False
7600,12.327506,core_stable,False,True,False
7601,12.205961,core_stable,False,True,False
7602,12.325425,core_stable,False,True,False
7603,15.489516,interrupt_delay,False,True,False
7604,12.443615,core_stable,False,True,False
7605,12.541781,core_stable,False,True,False
7606,12.127225,core_stable,False,True,False
7607,12.30006,core_stable,False,True,False
7608,12.24909,core_stable,False,True,False
7609,12.018884,core_stable,False,True,False
7610,12.168834,core_stable,False,True,False
7611,12.621807,core_stable,False,True,False
7612,12.074815,core_stable,False,True,False
7613,12.430944,core_stable,False,True,False
7614,12.731044,core_stable,False,True,False
7615,12.663821,core_stable,False,True,False
7616,12.798133,core_stable,False,True,False
7617,12.637679,core_stable,False,True,False
7618,12.747449,core_stable,False,True,False
7619,12.744381,core_stable,False,True,False
7620,12.05105,core_stable,False,True,False
7621,12.889777,cache_memory_jitter,False,True,False
7622,12.517372,core_stable,False,True,False
7623,12.403868,core_stable,False,True,False
7624,12.105221,core_stable,False,True,False
7625,13.335359,cache_memory_jitter,False,True,False
7626,12.071294,core_stable,False,True,False
7627,13.669611,branch_miss,False,True,False
7628,12.628209,core_stable,False,True,False
7629,12.10138,core_stable,False,True,False
7630,12.078496,core_stable,False,True,False
7631,12.015523,core_stable,False,True,False
7632,12.531777,core_stable,False,True,False
7633,12.413738,core_stable,False,True,False
7634,12.354551,core_stable,False,True,False
7635,12.317584,core_stable,False,True,False
7636,12.083937,core_stable,False,True,False
7637,12.361272,core_stable,False,True,False
7638,12.124745,core_stable,False,True,False
7639,12.432544,core_stable,False,True,False
7640,12.457753,core_stable,False,True,False
7641,12.72064,core_stable,False,True,False
7642,12.19756,core_stable,False,True,False
7643,12.002881,core_stable,False,True,False
7644,12.307181,core_stable,False,True,False
7645,12.271894,core_stable,False,True,False
7646,12.900286,cache_memory_jitter,False,True,False
7647,12.639547,core_stable,False,True,False
7648,12.064813,core_stable,False,True,False
7649,12.194199,core_stable,False,True,False
7650,12.758119,core_stable,False,True,False
7651,12.317103,core_stable,False,True,False
7652,12.183557,core_stable,False,True,False
7653,13.421533,cache_memory_jitter,False,True,False
7654,12.677959,core_stable,False,True,False
7655,13.202945,cache_memory_jitter,False,True,False
7656,12.572591,core_stable,False,True,False
7657,12.44148,core_stable,False,True,False
7658,16.534441,worst_case_protection_path,False,True,False
7659,12.277175,core_stable,False,True,False
7660,15.026377,interrupt_delay,False,True,False
7661,16.08498,interrupt_delay,False,True,False
7662,13.650376,branch_miss,False,True,False
7663,12.662221,core_stable,False,True,False
7664,13.090149,cache_memory_jitter,False,True,False
7665,12.368794,core_stable,False,True,False
7666,12.727042,core_stable,False,True,False
7667,12.10026,core_stable,False,True,False
7668,12.718239,core_stable,False,True,False
7669,12.544982,core_stable,False,True,False
7670,12.122024,core_stable,False,True,False
7671,12.789863,core_stable,False,True,False
7672,12.465622,core_stable,False,True,False
7673,12.041448,core_stable,False,True,False
7674,12.128826,core_stable,False,True,False
7675,13.235874,cache_memory_jitter,False,True,False
7676,12.339828,core_stable,False,True,False
7677,12.3003,core_stable,False,True,False
7678,12.030806,core_stable,False,True,False
7679,13.502504,branch_miss,False,True,False
7680,12.566189,core_stable,False,True,False
7681,12.146829,core_stable,False,True,False
7682,13.073334,cache_memory_jitter,False,True,False
7683,12.119784,core_stable,False,True,False
7684,12.466556,core_stable,False,True,False
7685,12.132987,core_stable,False,True,False
7686,12.019124,core_stable,False,True,False
7687,12.217964,core_stable,False,True,False
7688,12.015923,core_stable,False,True,False
7689,12.659553,core_stable,False,True,False
7690,12.324945,core_stable,False,True,False
7691,12.391838,core_stable,False,True,False
7692,12.566589,core_stable,False,True,False
7693,12.779593,core_stable,False,True,False
7694,12.356951,core_stable,False,True,False
7695,13.015885,cache_memory_jitter,False,True,False
7696,12.590864,core_stable,False,True,False
7697,12.089458,core_stable,False,True,False
7698,12.278216,core_stable,False,True,False
7699,12.046089,core_stable,False,True,False
7700,12.355831,core_stable,False,True,False
7701,12.127465,core_stable,False,True,False
7702,12.316943,core_stable,False,True,False
7703,12.383437,core_stable,False,True,False
7704,12.106261,core_stable,False,True,False
7705,12.273575,core_stable,False,True,False
7706,13.342365,cache_memory_jitter,False,True,False
7707,16.337601,interrupt_delay,False,True,False
7708,12.505502,core_stable,False,True,False
7709,13.65278,branch_miss,False,True,False
7710,15.964684,interrupt_delay,False,True,False
7711,12.315663,core_stable,False,True,False
7712,13.374592,cache_memory_jitter,False,True,False
7713,12.384957,core_stable,False,True,False
7714,12.030726,core_stable,False,True,False
7715,12.043849,core_stable,False,True,False
7716,12.110502,core_stable,False,True,False
7717,12.653418,core_stable,False,True,False
7718,12.361352,core_stable,False,True,False
7719,12.131226,core_stable,False,True,False
7720,12.234127,core_stable,False,True,False
7721,12.333347,core_stable,False,True,False
7722,12.10098,core_stable,False,True,False
7723,13.661195,branch_miss,False,True,False
7724,12.465755,core_stable,False,True,False
7725,12.190918,core_stable,False,True,False
7726,12.303981,core_stable,False,True,False
7727,14.563239,interrupt_delay,False,True,False
7728,12.284617,core_stable,False,True,False
7729,12.136427,core_stable,False,True,False
7730,12.50937,core_stable,False,True,False
7731,15.675974,interrupt_delay,False,True,False
7732,13.534964,branch_miss,False,True,False
7733,12.709036,core_stable,False,True,False
7734,12.007361,core_stable,False,True,False
7735,12.550183,core_stable,False,True,False
7736,12.777726,core_stable,False,True,False
7737,12.514572,core_stable,False,True,False
7738,12.190598,core_stable,False,True,False
7739,13.151802,cache_memory_jitter,False,True,False
7740,12.675825,core_stable,False,True,False
7741,12.409737,core_stable,False,True,False
7742,12.009362,core_stable,False,True,False
7743,12.40987,core_stable,False,True,False
7744,12.897483,cache_memory_jitter,False,True,False
7745,12.241648,core_stable,False,True,False
7746,12.178116,core_stable,False,True,False
7747,12.288378,core_stable,False,True,False
7748,13.188933,cache_memory_jitter,False,True,False
7749,12.169874,core_stable,False,True,False
7750,12.675692,core_stable,False,True,False
7751,12.625275,core_stable,False,True,False
7752,12.131786,core_stable,False,True,False
7753,12.165713,core_stable,False,True,False
7754,13.413826,cache_memory_jitter,False,True,False
7755,12.668489,core_stable,False,True,False
7756,12.003041,core_stable,False,True,False
7757,13.398413,cache_memory_jitter,False,True,False
7758,12.038968,core_stable,False,True,False
7759,13.700868,branch_miss,False,True,False
7760,12.112583,core_stable,False,True,False
7761,13.604692,branch_miss,False,True,False
7762,12.535245,core_stable,False,True,False
7763,12.434278,core_stable,False,True,False
7764,12.604068,core_stable,False,True,False
7765,12.515238,core_stable,False,True,False
7766,17.46166,worst_case_protection_path,False,True,False
7767,15.062466,interrupt_delay,False,True,False
7768,13.123077,cache_memory_jitter,False,True,False
7769,12.357592,core_stable,False,True,False
7770,12.414271,core_stable,False,True,False
7771,12.377836,core_stable,False,True,False
7772,12.022805,core_stable,False,True,False
7773,12.169954,core_stable,False,True,False
7774,12.55085,core_stable,False,True,False
7775,12.132026,core_stable,False,True,False
7776,12.694231,core_stable,False,True,False
7777,13.024292,cache_memory_jitter,False,True,False
7778,12.308062,core_stable,False,True,False
7779,12.752918,core_stable,False,True,False
7780,13.391407,cache_memory_jitter,False,True,False
7781,12.164433,core_stable,False,True,False
7782,12.623274,core_stable,False,True,False
7783,12.362793,core_stable,False,True,False
7784,16.163172,interrupt_delay,False,True,False
7785,12.393359,core_stable,False,True,False
7786,12.207001,core_stable,False,True,False
7787,12.271414,core_stable,False,True,False
7788,12.459086,core_stable,False,True,False
7789,15.453427,interrupt_delay,False,True,False
7790,13.333958,cache_memory_jitter,False,True,False
7791,12.518039,core_stable,False,True,False
7792,12.4004,core_stable,False,True,False
7793,12.906591,cache_memory_jitter,False,True,False
7794,12.14851,core_stable,False,True,False
7795,14.334677,interrupt_delay,False,True,False
7796,12.073535,core_stable,False,True,False
7797,12.523775,core_stable,False,True,False
7798,12.131066,core_stable,False,True,False
7799,12.273175,core_stable,False,True,False
7800,12.522974,core_stable,False,True,False
7801,12.66969,core_stable,False,True,False
7802,13.02149,cache_memory_jitter,False,True,False
7803,12.15195,core_stable,False,True,False
7804,12.464955,core_stable,False,True,False
7805,13.084544,cache_memory_jitter,False,True,False
7806,13.835515,branch_miss,False,True,False
7807,12.089778,core_stable,False,True,False
7808,13.477581,cache_memory_jitter,False,True,False
7809,12.130266,core_stable,False,True,False
7810,12.226845,core_stable,False,True,False
7811,12.455619,core_stable,False,True,False
7812,12.519373,core_stable,False,True,False
7813,12.04921,core_stable,False,True,False
7814,12.013123,core_stable,False,True,False
7815,12.551917,core_stable,False,True,False
7816,12.719173,core_stable,False,True,False
7817,12.495765,core_stable,False,True,False
7818,12.112022,core_stable,False,True,False
7819,13.265999,cache_memory_jitter,False,True,False
7820,12.239088,core_stable,False,True,False
7821,12.95143,cache_memory_jitter,False,True,False
7822,12.969645,cache_memory_jitter,False,True,False
7823,12.233727,core_stable,False,True,False
7824,12.292138,core_stable,False,True,False
7825,17.890927,worst_case_protection_path,False,True,False
7826,12.792397,core_stable,False,True,False
7827,12.324145,core_stable,False,True,False
7828,13.253389,cache_memory_jitter,False,True,False
7829,12.170034,core_stable,False,True,False
7830,12.694632,core_stable,False,True,False
7831,12.609937,core_stable,False,True,False
7832,12.119464,core_stable,False,True,False
7833,12.14843,core_stable,False,True,False
7834,12.323825,core_stable,False,True,False
7835,12.096979,core_stable,False,True,False
7836,12.25149,core_stable,False,True,False
7837,12.220844,core_stable,False,True,False
7838,12.205481,core_stable,False,True,False
7839,13.20855,cache_memory_jitter,False,True,False
7840,12.044569,core_stable,False,True,False
7841,12.104901,core_stable,False,True,False
7842,12.626475,core_stable,False,True,False
7843,12.607269,core_stable,False,True,False
7844,12.570057,core_stable,False,True,False
7845,12.308142,core_stable,False,True,False
7846,12.346389,core_stable,False,True,False
7847,12.455885,core_stable,False,True,False
7848,12.723041,core_stable,False,True,False
7849,12.171954,core_stable,False,True,False
7850,12.033447,core_stable,False,True,False
7851,12.287818,core_stable,False,True,False
7852,15.471471,interrupt_delay,False,True,False
7853,12.670223,core_stable,False,True,False
7854,12.029126,core_stable,False,True,False
7855,12.221084,core_stable,False,True,False
7856,12.172194,core_stable,False,True,False
7857,12.518573,core_stable,False,True,False
7858,12.663154,core_stable,False,True,False
7859,12.063213,core_stable,False,True,False
7860,12.266533,core_stable,False,True,False
7861,12.268854,core_stable,False,True,False
7862,12.877166,cache_memory_jitter,False,True,False
7863,12.185877,core_stable,False,True,False
7864,12.066893,core_stable,False,True,False
7865,13.304532,cache_memory_jitter,False,True,False
7866,12.007121,core_stable,False,True,False
7867,12.492431,core_stable,False,True,False
7868,12.4,core_stable,False,True,False
7869,12.055531,core_stable,False,True,False
7870,12.60887,core_stable,False,True,False
7871,12.214843,core_stable,False,True,False
7872,12.024485,core_stable,False,True,False
7873,12.383997,core_stable,False,True,False
7874,12.187077,core_stable,False,True,False
7875,12.158512,core_stable,False,True,False
7876,13.879997,branch_miss,False,True,False
7877,12.363033,core_stable,False,True,False
7878,12.477626,core_stable,False,True,False
7879,13.226766,cache_memory_jitter,False,True,False
7880,13.662398,branch_miss,False,True,False
7881,12.341588,core_stable,False,True,False
7882,12.017844,core_stable,False,True,False
7883,12.713571,core_stable,False,True,False
7884,12.651684,core_stable,False,True,False
7885,16.199261,interrupt_delay,False,True,False
7886,13.929287,branch_miss,False,True,False
7887,12.391278,core_stable,False,True,False
7888,12.084417,core_stable,False,True,False
7889,12.293099,core_stable,False,True,False
7890,12.006721,core_stable,False,True,False
7891,12.341668,core_stable,False,True,False
7892,12.172034,core_stable,False,True,False
7893,12.452551,core_stable,False,True,False
7894,12.332627,core_stable,False,True,False
7895,12.087778,core_stable,False,True,False
7896,12.179076,core_stable,False,True,False
7897,12.781194,core_stable,False,True,False
7898,12.233487,core_stable,False,True,False
7899,13.657589,branch_miss,False,True,False
7900,12.076975,core_stable,False,True,False
7901,13.450958,cache_memory_jitter,False,True,False
7902,12.358152,core_stable,False,True,False
7903,12.315583,core_stable,False,True,False
7904,12.273095,core_stable,False,True,False
7905,12.644215,core_stable,False,True,False
7906,12.51884,core_stable,False,True,False
7907,12.309102,core_stable,False,True,False
7908,12.15147,core_stable,False,True,False
7909,12.171314,core_stable,False,True,False
7910,12.241888,core_stable,False,True,False
7911,13.018687,cache_memory_jitter,False,True,False
7912,12.143229,core_stable,False,True,False
7913,12.363593,core_stable,False,True,False
7914,12.489496,core_stable,False,True,False
7915,12.321984,core_stable,False,True,False
7916,12.011682,core_stable,False,True,False
7917,12.637946,core_stable,False,True,False
7918,12.929711,cache_memory_jitter,False,True,False
7919,12.39768,core_stable,False,True,False
7920,12.331746,core_stable,False,True,False
7921,13.343766,cache_memory_jitter,False,True,False
7922,12.741447,core_stable,False,True,False
7923,12.122344,core_stable,False,True,False
7924,12.174195,core_stable,False,True,False
7925,12.44068,core_stable,False,True,False
7926,12.104341,core_stable,False,True,False
7927,12.553651,core_stable,False,True,False
7928,12.29814,core_stable,False,True,False
7929,12.423341,core_stable,False,True,False
7930,12.61874,core_stable,False,True,False
7931,12.361512,core_stable,False,True,False
7932,12.485095,core_stable,False,True,False
7933,12.088978,core_stable,False,True,False
7934,12.363913,core_stable,False,True,False
7935,12.226445,core_stable,False,True,False
7936,12.152911,core_stable,False,True,False
7937,12.071934,core_stable,False,True,False
7938,12.170514,core_stable,False,True,False
7939,13.167215,cache_memory_jitter,False,True,False
7940,12.0997,core_stable,False,True,False
7941,12.118104,core_stable,False,True,False
7942,12.120024,core_stable,False,True,False
7943,12.005041,core_stable,False,True,False
7944,12.337107,core_stable,False,True,False
7945,12.09818,core_stable,False,True,False
7946,12.391038,core_stable,False,True,False
7947,12.355191,core_stable,False,True,False
7948,12.319424,core_stable,False,True,False
7949,13.182628,cache_memory_jitter,False,True,False
7950,12.322304,core_stable,False,True,False
7951,12.231486,core_stable,False,True,False
7952,12.281416,core_stable,False,True,False
7953,12.673291,core_stable,False,True,False
7954,12.722908,core_stable,False,True,False
7955,12.500033,core_stable,False,True,False
7956,12.09962,core_stable,False,True,False
7957,12.729977,core_stable,False,True,False
7958,12.15227,core_stable,False,True,False
7959,12.523108,core_stable,False,True,False
7960,13.125879,cache_memory_jitter,False,True,False
7961,12.449216,core_stable,False,True,False
7962,12.273975,core_stable,False,True,False
7963,12.65902,core_stable,False,True,False
7964,12.75852,core_stable,False,True,False
7965,12.773324,core_stable,False,True,False
7966,12.094099,core_stable,False,True,False
7967,13.001873,cache_memory_jitter,False,True,False
7968,12.472558,core_stable,False,True,False
7969,12.633945,core_stable,False,True,False
7970,14.340691,interrupt_delay,False,True,False
7971,12.037207,core_stable,False,True,False
7972,13.448856,cache_memory_jitter,False,True,False
7973,12.127385,core_stable,False,True,False
7974,12.358552,core_stable,False,True,False
7975,12.24821,core_stable,False,True,False
7976,12.170434,core_stable,False,True,False
7977,12.346949,core_stable,False,True,False
7978,12.017524,core_stable,False,True,False
7979,12.177956,core_stable,False,True,False
7980,13.125179,cache_memory_jitter,False,True,False
7981,12.304141,core_stable,False,True,False
7982,12.960538,cache_memory_jitter,False,True,False
7983,13.261095,cache_memory_jitter,False,True,False
7984,12.389758,core_stable,False,True,False
7985,12.210762,core_stable,False,True,False
7986,12.054171,core_stable,False,True,False
7987,12.228366,core_stable,False,True,False
7988,12.282617,core_stable,False,True,False
7989,12.516039,core_stable,False,True,False
7990,12.085457,core_stable,False,True,False
7991,12.773725,core_stable,False,True,False
7992,12.347269,core_stable,False,True,False
7993,12.757986,core_stable,False,True,False
7994,12.403334,core_stable,False,True,False
7995,12.39832,core_stable,False,True,False
7996,12.291098,core_stable,False,True,False
7997,12.958436,cache_memory_jitter,False,True,False
7998,12.072815,core_stable,False,True,False
7999,12.793464,core_stable,False,True,False
8000,12.3007,core_stable,False,True,False
8001,12.865956,cache_memory_jitter,False,True,False
8002,12.379836,core_stable,False,True,False
8003,12.066013,core_stable,False,True,False
8004,12.180116,core_stable,False,True,False
8005,12.342068,core_stable,False,True,False
8006,12.474158,core_stable,False,True,False
8007,15.014348,interrupt_delay,False,True,False
8008,12.304941,core_stable,False,True,False
8009,12.387758,core_stable,False,True,False
8010,12.297259,core_stable,False,True,False
8011,12.379196,core_stable,False,True,False
8012,16.109039,interrupt_delay,False,True,False
8013,13.029897,cache_memory_jitter,False,True,False
8014,12.078336,core_stable,False,True,False
8015,12.072494,core_stable,False,True,False
8016,12.182997,core_stable,False,True,False
8017,12.385837,core_stable,False,True,False
8018,12.685562,core_stable,False,True,False
8019,12.24885,core_stable,False,True,False
8020,12.145469,core_stable,False,True,False
8021,12.41854,core_stable,False,True,False
8022,12.330306,core_stable,False,True,False
8023,12.015363,core_stable,False,True,False
8024,12.47976,core_stable,False,True,False
8025,13.263197,cache_memory_jitter,False,True,False
8026,12.441347,core_stable,False,True,False
8027,13.433443,cache_memory_jitter,False,True,False
8028,12.097139,core_stable,False,True,False
8029,18.148488,worst_case_protection_path,False,True,False
8030,12.081296,core_stable,False,True,False
8031,12.011362,core_stable,False,True,False
8032,12.265093,core_stable,False,True,False
8033,12.178596,core_stable,False,True,False
8034,12.430677,core_stable,False,True,False
8035,12.128426,core_stable,False,True,False
8036,12.632211,core_stable,False,True,False
8037,13.139191,cache_memory_jitter,False,True,False
8038,12.636879,core_stable,False,True,False
8039,13.48809,cache_memory_jitter,False,True,False
8040,12.30214,core_stable,False,True,False
8041,12.387277,core_stable,False,True,False
8042,12.67089,core_stable,False,True,False
8043,12.774925,core_stable,False,True,False
8044,12.694498,core_stable,False,True,False
8045,12.566055,core_stable,False,True,False
8046,12.277896,core_stable,False,True,False
8047,12.404535,core_stable,False,True,False
8048,12.329826,core_stable,False,True,False
8049,12.324065,core_stable,False,True,False
8050,12.082256,core_stable,False,True,False
8051,13.043909,cache_memory_jitter,False,True,False
8052,12.275975,core_stable,False,True,False
8053,12.218844,core_stable,False,True,False
8054,12.472691,core_stable,False,True,False
8055,12.844938,cache_memory_jitter,False,True,False
8056,12.219484,core_stable,False,True,False
8057,12.690497,core_stable,False,True,False
8058,14.773756,interrupt_delay,False,True,False
8059,12.097379,core_stable,False,True,False
8060,13.409623,cache_memory_jitter,False,True,False
8061,16.445867,interrupt_delay,False,True,False
8062,12.394639,core_stable,False,True,False
8063,12.332386,core_stable,False,True,False
8064,12.187157,core_stable,False,True,False
8065,12.431877,core_stable,False,True,False
8066,12.188118,core_stable,False,True,False
8067,12.046729,core_stable,False,True,False
8068,12.278696,core_stable,False,True,False
8069,12.087457,core_stable,False,True,False
8070,12.498433,core_stable,False,True,False
8071,12.217163,core_stable,False,True,False
8072,12.095139,core_stable,False,True,False
8073,12.718373,core_stable,False,True,False
8074,12.282777,core_stable,False,True,False
8075,12.046489,core_stable,False,True,False
8076,12.24869,core_stable,False,True,False
8077,14.394825,interrupt_delay,False,True,False
8078,12.112503,core_stable,False,True,False
8079,12.271174,core_stable,False,True,False
8080,12.345989,core_stable,False,True,False
8081,12.087057,core_stable,False,True,False
8082,12.394159,core_stable,False,True,False
8083,12.322144,core_stable,False,True,False
8084,12.085617,core_stable,False,True,False
8085,12.494698,core_stable,False,True,False
8086,12.281336,core_stable,False,True,False
8087,12.433344,core_stable,False,True,False
8088,12.092659,core_stable,False,True,False
8089,12.043929,core_stable,False,True,False
8090,12.220364,core_stable,False,True,False
8091,12.083697,core_stable,False,True,False
8092,12.054411,core_stable,False,True,False
8093,13.420132,cache_memory_jitter,False,True,False
8094,12.374235,core_stable,False,True,False
8095,12.701967,core_stable,False,True,False
8096,13.020089,cache_memory_jitter,False,True,False
8097,12.122424,core_stable,False,True,False
8098,13.191035,cache_memory_jitter,False,True,False
8099,12.038488,core_stable,False,True,False
8100,12.634211,core_stable,False,True,False
8101,12.238768,core_stable,False,True,False
8102,12.564455,core_stable,False,True,False
8103,12.426942,core_stable,False,True,False
8104,12.503101,core_stable,False,True,False
8105,12.448683,core_stable,False,True,False
8106,12.609003,core_stable,False,True,False
8107,12.085697,core_stable,False,True,False
8108,12.035527,core_stable,False,True,False
8109,12.733444,core_stable,False,True,False
8110,12.147309,core_stable,False,True,False
8111,12.357832,core_stable,False,True,False
8112,12.724642,core_stable,False,True,False
8113,13.13849,cache_memory_jitter,False,True,False
8114,12.224125,core_stable,False,True,False
8115,12.091138,core_stable,False,True,False
8116,12.167233,core_stable,False,True,False
8117,12.401734,core_stable,False,True,False
8118,12.311182,core_stable,False,True,False
8119,12.372555,core_stable,False,True,False
8120,12.204601,core_stable,False,True,False
8121,12.433611,core_stable,False,True,False
8122,12.103541,core_stable,False,True,False
8123,12.636212,core_stable,False,True,False
8124,12.737179,core_stable,False,True,False
8125,12.645949,core_stable,False,True,False
8126,12.075375,core_stable,False,True,False
8127,13.84393,branch_miss,False,True,False
8128,13.101358,cache_memory_jitter,False,True,False
8129,12.25173,core_stable,False,True,False
8130,12.134587,core_stable,False,True,False
8131,12.704768,core_stable,False,True,False
8132,12.520707,core_stable,False,True,False
8133,12.664355,core_stable,False,True,False
8134,12.040328,core_stable,False,True,False
8135,12.212923,core_stable,False,True,False
8136,12.756786,core_stable,False,True,False
8137,12.788263,core_stable,False,True,False
8138,12.675158,core_stable,False,True,False
8139,12.599133,core_stable,False,True,False
8140,12.341268,core_stable,False,True,False
8141,12.321344,core_stable,False,True,False
8142,12.012723,core_stable,False,True,False
8143,15.591767,interrupt_delay,False,True,False
8144,12.742914,core_stable,False,True,False
8145,12.592197,core_stable,False,True,False
8146,12.332947,core_stable,False,True,False
8147,12.71984,core_stable,False,True,False
8148,12.69103,core_stable,False,True,False
8149,13.519335,branch_miss,False,True,False
8150,12.603268,core_stable,False,True,False
8151,12.287497,core_stable,False,True,False
8152,12.221564,core_stable,False,True,False
8153,12.115383,core_stable,False,True,False
8154,12.177556,core_stable,False,True,False
8155,13.12658,cache_memory_jitter,False,True,False
8156,13.359179,cache_memory_jitter,False,True,False
8157,12.525509,core_stable,False,True,False
8158,12.381596,core_stable,False,True,False
8159,12.385677,core_stable,False,True,False
8160,12.840034,cache_memory_jitter,False,True,False
8161,12.315823,core_stable,False,True,False
8162,12.554451,core_stable,False,True,False
8163,12.075455,core_stable,False,True,False
8164,12.627676,core_stable,False,True,False
8165,12.112422,core_stable,False,True,False
8166,12.64995,core_stable,False,True,False
8167,13.902838,branch_miss,False,True,False
8168,12.036247,core_stable,False,True,False
8169,12.24861,core_stable,False,True,False
8170,12.579126,core_stable,False,True,False
8171,12.393119,core_stable,False,True,False
8172,12.009842,core_stable,False,True,False
8173,12.307101,core_stable,False,True,False
8174,12.6993,core_stable,False,True,False
8175,12.619273,core_stable,False,True,False
8176,12.043689,core_stable,False,True,False
8177,12.659953,core_stable,False,True,False
8178,12.380716,core_stable,False,True,False
8179,12.224365,core_stable,False,True,False
8180,12.609403,core_stable,False,True,False
8181,12.724908,core_stable,False,True,False
8182,12.009442,core_stable,False,True,False
8183,12.181716,core_stable,False,True,False
8184,12.565922,core_stable,False,True,False
8185,12.311022,core_stable,False,True,False
8186,12.662888,core_stable,False,True,False
8187,12.279496,core_stable,False,True,False
8188,12.627543,core_stable,False,True,False
8189,12.140028,core_stable,False,True,False
8190,12.899585,cache_memory_jitter,False,True,False
8191,12.743048,core_stable,False,True,False
8192,12.365433,core_stable,False,True,False
8193,12.156591,core_stable,False,True,False
8194,12.476292,core_stable,False,True,False
8195,12.10106,core_stable,False,True,False
8196,12.175715,core_stable,False,True,False
8197,12.141788,core_stable,False,True,False
8198,12.192358,core_stable,False,True,False
8199,13.423635,cache_memory_jitter,False,True,False
8200,13.366185,cache_memory_jitter,False,True,False
8201,15.260954,interrupt_delay,False,True,False
8202,12.519907,core_stable,False,True,False
8203,12.390318,core_stable,False,True,False
8204,12.205881,core_stable,False,True,False
8205,15.477486,interrupt_delay,False,True,False
8206,12.753451,core_stable,False,True,False
8207,12.713038,core_stable,False,True,False
8208,12.655552,core_stable,False,True,False
8209,12.337187,core_stable,False,True,False
8210,13.034101,cache_memory_jitter,False,True,False
8211,13.40682,cache_memory_jitter,False,True,False
8212,12.763588,core_stable,False,True,False
8213,13.834313,branch_miss,False,True,False
8214,12.308462,core_stable,False,True,False
8215,13.497198,cache_memory_jitter,False,True,False
8216,12.25021,core_stable,False,True,False
8217,12.715839,core_stable,False,True,False
8218,12.129146,core_stable,False,True,False
8219,12.562054,core_stable,False,True,False
8220,13.066328,cache_memory_jitter,False,True,False
8221,16.121068,interrupt_delay,False,True,False
8222,12.490964,core_stable,False,True,False
8223,12.320784,core_stable,False,True,False
8224,12.164513,core_stable,False,True,False
8225,12.576726,core_stable,False,True,False
8226,12.964041,cache_memory_jitter,False,True,False
8227,12.637813,core_stable,False,True,False
8228,12.737979,core_stable,False,True,False
8229,12.285977,core_stable,False,True,False
8230,12.429076,core_stable,False,True,False
8231,15.501545,interrupt_delay,False,True,False
8232,12.260852,core_stable,False,True,False
8233,12.622741,core_stable,False,True,False
8234,12.543381,core_stable,False,True,False
8235,12.331106,core_stable,False,True,False
8236,12.216523,core_stable,False,True,False
8237,12.020244,core_stable,False,True,False
8238,12.155231,core_stable,False,True,False
8239,12.753851,core_stable,False,True,False
8240,13.830706,branch_miss,False,True,False
8241,12.15123,core_stable,False,True,False
8242,13.964151,branch_miss,False,True,False
8243,12.708636,core_stable,False,True,False
8244,12.207642,core_stable,False,True,False
8245,12.503768,core_stable,False,True,False
8246,13.430641,cache_memory_jitter,False,True,False
8247,12.572724,core_stable,False,True,False
8248,12.427743,core_stable,False,True,False
8249,12.449883,core_stable,False,True,False
8250,12.038808,core_stable,False,True,False
8251,12.172515,core_stable,False,True,False
8252,12.39896,core_stable,False,True,False
8253,12.381676,core_stable,False,True,False
8254,12.296619,core_stable,False,True,False
8255,12.266053,core_stable,False,True,False
8256,12.46909,core_stable,False,True,False
8257,12.506569,core_stable,False,True,False
8258,12.54965,core_stable,False,True,False
8259,12.089538,core_stable,False,True,False
8260,12.333427,core_stable,False,True,False
8261,12.020964,core_stable,False,True,False
8262,12.276295,core_stable,False,True,False
8263,12.017043,core_stable,False,True,False
8264,12.341828,core_stable,False,True,False
8265,12.563388,core_stable,False,True,False
8266,12.045929,core_stable,False,True,False
8267,12.080576,core_stable,False,True,False
8268,12.331586,core_stable,False,True,False
8269,12.059052,core_stable,False,True,False
8270,13.340263,cache_memory_jitter,False,True,False
8271,12.720907,core_stable,False,True,False
8272,12.389438,core_stable,False,True,False
8273,12.181316,core_stable,False,True,False
8274,12.297179,core_stable,False,True,False
8275,12.212442,core_stable,False,True,False
8276,12.379276,core_stable,False,True,False
8277,12.236127,core_stable,False,True,False
8278,12.889076,cache_memory_jitter,False,True,False
8279,12.054811,core_stable,False,True,False
8280,12.378636,core_stable,False,True,False
8281,14.9542,interrupt_delay,False,True,False
8282,12.335427,core_stable,False,True,False
8283,13.263898,cache_memory_jitter,False,True,False
8284,12.88137,cache_memory_jitter,False,True,False
8285,12.25037,core_stable,False,True,False
8286,12.526709,core_stable,False,True,False
8287,12.697833,core_stable,False,True,False
8288,12.694765,core_stable,False,True,False
8289,12.287017,core_stable,False,True,False
8290,12.074735,core_stable,False,True,False
8291,12.587929,core_stable,False,True,False
8292,12.069214,core_stable,False,True,False
8293,13.392108,cache_memory_jitter,False,True,False
8294,12.161392,core_stable,False,True,False
8295,12.324545,core_stable,False,True,False
8296,12.984358,cache_memory_jitter,False,True,False
8297,12.080096,core_stable,False,True,False
8298,12.524441,core_stable,False,True,False
8299,12.530177,core_stable,False,True,False
8300,15.856418,interrupt_delay,False,True,False
8301,12.737713,core_stable,False,True,False
8302,12.604335,core_stable,False,True,False
8303,12.807807,cache_memory_jitter,False,True,False
8304,12.70997,core_stable,False,True,False
8305,13.655184,branch_miss,False,True,False
8306,13.063526,cache_memory_jitter,False,True,False
8307,15.700033,interrupt_delay,False,True,False
8308,12.68863,core_stable,False,True,False
8309,12.045369,core_stable,False,True,False
8310,12.214603,core_stable,False,True,False
8311,12.730777,core_stable,False,True,False
8312,12.205641,core_stable,False,True,False
8313,13.601085,branch_miss,False,True,False
8314,13.86557,branch_miss,False,True,False
8315,12.034087,core_stable,False,True,False
8316,12.432678,core_stable,False,True,False
8317,14.304603,interrupt_delay,False,True,False
8318,13.478281,cache_memory_jitter,False,True,False
8319,16.367675,interrupt_delay,False,True,False
8320,12.181076,core_stable,False,True,False
8321,16.07295,interrupt_delay,False,True,False
8322,12.422541,core_stable,False,True,False
8323,13.5001,branch_miss,False,True,False
8324,12.452951,core_stable,False,True,False
8325,12.342709,core_stable,False,True,False
8326,12.748249,core_stable,False,True,False
8327,12.375595,core_stable,False,True,False
8328,12.493898,core_stable,False,True,False
8329,12.085377,core_stable,False,True,False
8330,12.39856,core_stable,False,True,False
8331,13.113969,cache_memory_jitter,False,True,False
8332,12.45055,core_stable,False,True,False
8333,12.173315,core_stable,False,True,False
8334,12.082577,core_stable,False,True,False
8335,12.334147,core_stable,False,True,False
8336,12.093459,core_stable,False,True,False
8337,13.900434,branch_miss,False,True,False
8338,12.142268,core_stable,False,True,False
8339,13.722508,branch_miss,False,True,False
8340,12.185157,core_stable,False,True,False
8341,12.108822,core_stable,False,True,False
8342,12.20076,core_stable,False,True,False
8343,12.217884,core_stable,False,True,False
8344,12.068094,core_stable,False,True,False
8345,15.688004,interrupt_delay,False,True,False
8346,12.570724,core_stable,False,True,False
8347,12.130506,core_stable,False,True,False
8348,12.455352,core_stable,False,True,False
8349,13.439048,cache_memory_jitter,False,True,False
8350,12.195719,core_stable,False,True,False
8351,13.212053,cache_memory_jitter,False,True,False
8352,12.427076,core_stable,False,True,False
8353,13.001172,cache_memory_jitter,False,True,False
8354,12.219884,core_stable,False,True,False
8355,12.289578,core_stable,False,True,False
8356,12.691964,core_stable,False,True,False
8357,14.485046,interrupt_delay,False,True,False
8358,12.769056,core_stable,False,True,False
8359,12.178516,core_stable,False,True,False
8360,12.796799,core_stable,False,True,False
8361,12.514305,core_stable,False,True,False
8362,12.170114,core_stable,False,True,False
8363,12.307582,core_stable,False,True,False
8364,12.590063,core_stable,False,True,False
8365,12.286217,core_stable,False,True,False
8366,12.329986,core_stable,False,True,False
8367,12.739446,core_stable,False,True,False
8368,13.097155,cache_memory_jitter,False,True,False
8369,12.014803,core_stable,False,True,False
8370,12.675425,core_stable,False,True,False
8371,12.389838,core_stable,False,True,False
8372,12.614738,core_stable,False,True,False
8373,12.224845,core_stable,False,True,False
8374,12.783595,core_stable,False,True,False
8375,12.260132,core_stable,False,True,False
8376,12.586062,core_stable,False,True,False
8377,12.218204,core_stable,False,True,False
8378,12.106101,core_stable,False,True,False
8379,12.547382,core_stable,False,True,False
8380,15.748152,interrupt_delay,False,True,False
8381,12.29782,core_stable,False,True,False
8382,12.661687,core_stable,False,True,False
8383,17.289953,worst_case_protection_path,False,True,False
8384,12.226365,core_stable,False,True,False
8385,12.772124,core_stable,False,True,False
8386,12.30046,core_stable,False,True,False
8387,12.024245,core_stable,False,True,False
8388,12.959837,cache_memory_jitter,False,True,False
8389,12.572191,core_stable,False,True,False
8390,12.406002,core_stable,False,True,False
8391,12.552051,core_stable,False,True,False
8392,12.031606,core_stable,False,True,False
8393,13.920872,branch_miss,False,True,False
8394,12.133547,core_stable,False,True,False
8395,12.186197,core_stable,False,True,False
8396,12.272134,core_stable,False,True,False
8397,12.281736,core_stable,False,True,False
8398,15.766196,interrupt_delay,False,True,False
8399,12.086097,core_stable,False,True,False
8400,12.476959,core_stable,False,True,False
8401,12.275255,core_stable,False,True,False
8402,12.145949,core_stable,False,True,False
8403,12.534845,core_stable,False,True,False
8404,12.599667,core_stable,False,True,False
8405,12.546049,core_stable,False,True,False
8406,13.910052,branch_miss,False,True,False
8407,12.61047,core_stable,False,True,False
8408,12.319104,core_stable,False,True,False
8409,12.583795,core_stable,False,True,False
8410,15.327117,interrupt_delay,False,True,False
8411,12.187477,core_stable,False,True,False
8412,12.085297,core_stable,False,True,False
8413,12.382156,core_stable,False,True,False
8414,12.119384,core_stable,False,True,False
8415,13.966555,branch_miss,False,True,False
8416,12.795465,core_stable,False,True,False
8417,12.492698,core_stable,False,True,False
8418,13.744147,branch_miss,False,True,False
8419,12.78146,core_stable,False,True,False
8420,12.115703,core_stable,False,True,False
8421,12.188358,core_stable,False,True,False
8422,12.754251,core_stable,False,True,False
8423,12.35183,core_stable,False,True,False
8424,12.61007,core_stable,False,True,False
8425,12.261252,core_stable,False,True,False
8426,13.17282,cache_memory_jitter,False,True,False
8427,13.95814,branch_miss,False,True,False
8428,13.44185,cache_memory_jitter,False,True,False
8429,12.371034,core_stable,False,True,False
8430,12.529777,core_stable,False,True,False
8431,12.360632,core_stable,False,True,False
8432,12.636479,core_stable,False,True,False
8433,12.314223,core_stable,False,True,False
8434,12.14875,core_stable,False,True,False
8435,12.270854,core_stable,False,True,False
8436,12.131386,core_stable,False,True,False
8437,12.168274,core_stable,False,True,False
8438,12.715172,core_stable,False,True,False
8439,12.726109,core_stable,False,True,False
8440,13.680431,branch_miss,False,True,False
8441,12.046889,core_stable,False,True,False
8442,12.707036,core_stable,False,True,False
8443,12.047129,core_stable,False,True,False
8444,13.764585,branch_miss,False,True,False
8445,12.183477,core_stable,False,True,False
8446,12.168194,core_stable,False,True,False
8447,12.303021,core_stable,False,True,False
8448,12.62981,core_stable,False,True,False
8449,12.231086,core_stable,False,True,False
8450,12.682628,core_stable,False,True,False
8451,12.35199,core_stable,False,True,False
8452,12.575659,core_stable,False,True,False
8453,12.380476,core_stable,False,True,False
8454,12.34919,core_stable,False,True,False
8455,12.182677,core_stable,False,True,False
8456,12.345669,core_stable,False,True,False
8457,12.157872,core_stable,False,True,False
8458,16.809173,worst_case_protection_path,False,True,False
8459,12.115623,core_stable,False,True,False
8460,12.410537,core_stable,False,True,False
8461,12.280056,core_stable,False,True,False
8462,12.366233,core_stable,False,True,False
8463,12.007762,core_stable,False,True,False
8464,12.895382,cache_memory_jitter,False,True,False
8465,12.641014,core_stable,False,True,False
8466,12.34951,core_stable,False,True,False
8467,13.344467,cache_memory_jitter,False,True,False
8468,12.365113,core_stable,False,True,False
8469,13.055119,cache_memory_jitter,False,True,False
8470,12.175955,core_stable,False,True,False
8471,12.186037,core_stable,False,True,False
8472,12.015763,core_stable,False,True,False
8473,12.338068,core_stable,False,True,False
8474,12.766922,core_stable,False,True,False
8475,12.171634,core_stable,False,True,False
8476,12.406669,core_stable,False,True,False
8477,12.615138,core_stable,False,True,False
8478,12.592998,core_stable,False,True,False
8479,12.259972,core_stable,False,True,False
8480,12.748116,core_stable,False,True,False
8481,12.462021,core_stable,False,True,False
8482,12.594198,core_stable,False,True,False
8483,12.381836,core_stable,False,True,False
8484,12.207401,core_stable,False,True,False
8485,12.691697,core_stable,False,True,False
8486,12.24949,core_stable,False,True,False
8487,12.693965,core_stable,False,True,False
8488,12.460954,core_stable,False,True,False
8489,12.109222,core_stable,False,True,False
8490,12.853346,cache_memory_jitter,False,True,False
8491,12.650483,core_stable,False,True,False
8492,12.746649,core_stable,False,True,False
8493,12.711837,core_stable,False,True,False
8494,12.577526,core_stable,False,True,False
8495,13.407521,cache_memory_jitter,False,True,False
8496,12.113143,core_stable,False,True,False
8497,12.364953,core_stable,False,True,False
8498,12.613938,core_stable,False,True,False
8499,12.703568,core_stable,False,True,False
8500,12.168754,core_stable,False,True,False
8501,12.231326,core_stable,False,True,False
8502,12.509236,core_stable,False,True,False
8503,12.072655,core_stable,False,True,False
8504,12.58993,core_stable,False,True,False
8505,12.039608,core_stable,False,True,False
8506,12.783861,core_stable,False,True,False
8507,12.167313,core_stable,False,True,False
8508,12.1986,core_stable,False,True,False
8509,12.761587,core_stable,False,True,False
8510,12.646482,core_stable,False,True,False
8511,12.262533,core_stable,False,True,False
8512,12.084337,core_stable,False,True,False
8513,12.25053,core_stable,False,True,False
8514,12.216683,core_stable,False,True,False
8515,12.617406,core_stable,False,True,False
8516,12.036327,core_stable,False,True,False
8517,12.407336,core_stable,False,True,False
8518,13.619118,branch_miss,False,True,False
8519,12.373435,core_stable,False,True,False
8520,12.345589,core_stable,False,True,False
8521,12.764255,core_stable,False,True,False
8522,12.874364,cache_memory_jitter,False,True,False
8523,12.732911,core_stable,False,True,False
8524,12.537779,core_stable,False,True,False
8525,12.066173,core_stable,False,True,False
8526,12.25109,core_stable,False,True,False
8527,12.036407,core_stable,False,True,False
8528,12.066733,core_stable,False,True,False
8529,12.907292,cache_memory_jitter,False,True,False
8530,13.822291,branch_miss,False,True,False
8531,13.361982,cache_memory_jitter,False,True,False
8532,12.732778,core_stable,False,True,False
8533,12.964741,cache_memory_jitter,False,True,False
8534,12.046649,core_stable,False,True,False
8535,12.19996,core_stable,False,True,False
8536,15.24291,interrupt_delay,False,True,False
8537,12.24901,core_stable,False,True,False
8538,12.738513,core_stable,False,True,False
8539,14.013441,branch_miss,False,True,False
8540,12.439747,core_stable,False,True,False
8541,13.419431,cache_memory_jitter,False,True,False
8542,12.346629,core_stable,False,True,False
8543,12.343989,core_stable,False,True,False
8544,12.107141,core_stable,False,True,False
8545,12.61087,core_stable,False,True,False
8546,12.339188,core_stable,False,True,False
8547,12.237888,core_stable,False,True,False
8548,12.578593,core_stable,False,True,False
8549,12.168034,core_stable,False,True,False
8550,15.597782,interrupt_delay,False,True,False
8551,12.256611,core_stable,False,True,False
8552,12.295419,core_stable,False,True,False
8553,16.792002,worst_case_protection_path,False,True,False
8554,12.659687,core_stable,False,True,False
8555,13.70207,branch_miss,False,True,False
8556,12.502167,core_stable,False,True,False
8557,12.633144,core_stable,False,True,False
8558,12.016003,core_stable,False,True,False
8559,18.131317,worst_case_protection_path,False,True,False
8560,12.674358,core_stable,False,True,False
8561,12.497366,core_stable,False,True,False
8562,13.825897,branch_miss,False,True,False
8563,12.233167,core_stable,False,True,False
8564,12.032967,core_stable,False,True,False
8565,12.202681,core_stable,False,True,False
8566,12.530577,core_stable,False,True,False
8567,15.104569,interrupt_delay,False,True,False
8568,14.930141,interrupt_delay,False,True,False
8569,12.228286,core_stable,False,True,False
8570,12.306621,core_stable,False,True,False
8571,13.245682,cache_memory_jitter,False,True,False
8572,12.293739,core_stable,False,True,False
8573,12.702634,core_stable,False,True,False
8574,12.576592,core_stable,False,True,False
8575,13.206448,cache_memory_jitter,False,True,False
8576,12.278856,core_stable,False,True,False
8577,12.188598,core_stable,False,True,False
8578,12.43908,core_stable,False,True,False
8579,12.310622,core_stable,False,True,False
8580,12.286617,core_stable,False,True,False
8581,12.822519,cache_memory_jitter,False,True,False
8582,12.262132,core_stable,False,True,False
8583,12.753718,core_stable,False,True,False
8584,12.262613,core_stable,False,True,False
8585,12.214363,core_stable,False,True,False
8586,12.124425,core_stable,False,True,False
8587,12.61127,core_stable,False,True,False
8588,16.568783,worst_case_protection_path,False,True,False
8589,12.385277,core_stable,False,True,False
8590,12.466689,core_stable,False,True,False
8591,13.16161,cache_memory_jitter,False,True,False
8592,12.606335,core_stable,False,True,False
8593,12.536846,core_stable,False,True,False
8594,12.390478,core_stable,False,True,False
8595,12.375355,core_stable,False,True,False
8596,12.304781,core_stable,False,True,False
8597,12.658086,core_stable,False,True,False
8598,12.605802,core_stable,False,True,False
8599,12.259332,core_stable,False,True,False
8600,12.724241,core_stable,False,True,False
8601,12.307662,core_stable,False,True,False
8602,13.422233,cache_memory_jitter,False,True,False
8603,12.802902,cache_memory_jitter,False,True,False
8604,12.724508,core_stable,False,True,False
8605,12.69063,core_stable,False,True,False
8606,12.778926,core_stable,False,True,False
8607,12.075295,core_stable,False,True,False
8608,12.498966,core_stable,False,True,False
8609,12.488696,core_stable,False,True,False
8610,13.572232,branch_miss,False,True,False
8611,12.420007,core_stable,False,True,False
8612,12.338148,core_stable,False,True,False
8613,12.30222,core_stable,False,True,False
8614,12.750784,core_stable,False,True,False
8615,12.173795,core_stable,False,True,False
8616,12.376795,core_stable,False,True,False
8617,12.616472,core_stable,False,True,False
8618,14.918111,interrupt_delay,False,True,False
8619,12.533511,core_stable,False,True,False
8620,12.24997,core_stable,False,True,False
8621,12.71944,core_stable,False,True,False
8622,13.924478,branch_miss,False,True,False
8623,16.48797,interrupt_delay,False,True,False
8624,12.123465,core_stable,False,True,False
8625,12.264053,core_stable,False,True,False
8626,12.654351,core_stable,False,True,False
8627,12.018324,core_stable,False,True,False
8628,12.610337,core_stable,False,True,False
8629,12.287898,core_stable,False,True,False
8630,12.523241,core_stable,False,True,False
8631,12.24941,core_stable,False,True,False
8632,12.747583,core_stable,False,True,False
8633,12.263173,core_stable,False,True,False
8634,12.012162,core_stable,False,True,False
8635,12.204121,core_stable,False,True,False
8636,12.35079,core_stable,False,True,False
8637,12.024965,core_stable,False,True,False
8638,12.346309,core_stable,False,True,False
8639,12.687029,core_stable,False,True,False
8640,12.175875,core_stable,False,True,False
8641,13.07964,cache_memory_jitter,False,True,False
8642,15.116599,interrupt_delay,False,True,False
8643,13.972566,branch_miss,False,True,False
8644,12.372314,core_stable,False,True,False
8645,13.235173,cache_memory_jitter,False,True,False
8646,12.722774,core_stable,False,True,False
8647,12.234367,core_stable,False,True,False
8648,12.020804,core_stable,False,True,False
8649,12.282296,core_stable,False,True,False
8650,13.495096,cache_memory_jitter,False,True,False
8651,12.136747,core_stable,False,True,False
8652,12.625008,core_stable,False,True,False
8653,12.091538,core_stable,False,True,False
8654,12.083297,core_stable,False,True,False
8655,12.620073,core_stable,False,True,False
8656,12.121864,core_stable,False,True,False
8657,13.135688,cache_memory_jitter,False,True,False
8658,12.677826,core_stable,False,True,False
8659,12.400133,core_stable,False,True,False
8660,12.232927,core_stable,False,True,False
8661,12.368474,core_stable,False,True,False
8662,12.119544,core_stable,False,True,False
8663,12.360872,core_stable,False,True,False
8664,12.849843,cache_memory_jitter,False,True,False
8665,12.032647,core_stable,False,True,False
8666,12.144749,core_stable,False,True,False
8667,12.026485,core_stable,False,True,False
8668,12.058892,core_stable,False,True,False
8669,12.068494,core_stable,False,True,False
8670,12.040808,core_stable,False,True,False
8671,12.126425,core_stable,False,True,False
8672,12.423608,core_stable,False,True,False
8673,12.059932,core_stable,False,True,False
8674,13.622725,branch_miss,False,True,False
8675,12.513238,core_stable,False,True,False
8676,16.34963,interrupt_delay,False,True,False
8677,12.169634,core_stable,False,True,False
8678,12.652084,core_stable,False,True,False
8679,12.138988,core_stable,False,True,False
8680,12.135387,core_stable,False,True,False
8681,12.555785,core_stable,False,True,False
8682,12.04841,core_stable,False,True,False
8683,12.54138,core_stable,False,True,False
8684,12.334067,core_stable,False,True,False
8685,12.753051,core_stable,False,True,False
8686,12.676092,core_stable,False,True,False
8687,12.565789,core_stable,False,True,False
8688,12.109622,core_stable,False,True,False
8689,12.226045,core_stable,False,True,False
8690,12.344149,core_stable,False,True,False
8691,12.079456,core_stable,False,True,False
8692,12.42054,core_stable,False,True,False
8693,12.014883,core_stable,False,True,False
8694,12.579393,core_stable,False,True,False
8695,13.175622,cache_memory_jitter,False,True,False
8696,14.412869,interrupt_delay,False,True,False
8697,12.204201,core_stable,False,True,False
8698,14.755712,interrupt_delay,False,True,False
8699,12.268294,core_stable,False,True,False
8700,12.162833,core_stable,False,True,False
8701,12.77906,core_stable,False,True,False
8702,12.241408,core_stable,False,True,False
8703,13.450257,cache_memory_jitter,False,True,False
8704,13.935298,branch_miss,False,True,False
8705,12.136187,core_stable,False,True,False
8706,12.164353,core_stable,False,True,False
8707,12.776659,core_stable,False,True,False
8708,13.28982,cache_memory_jitter,False,True,False
8709,12.227726,core_stable,False,True,False
8710,12.187878,core_stable,False,True,False
8711,13.129382,cache_memory_jitter,False,True,False
8712,12.230126,core_stable,False,True,False
8713,12.04937,core_stable,False,True,False
8714,12.019604,core_stable,False,True,False
8715,12.013283,core_stable,False,True,False
8716,12.423875,core_stable,False,True,False
8717,12.224045,core_stable,False,True,False
8718,12.186357,core_stable,False,True,False
8719,12.035687,core_stable,False,True,False
8720,14.054316,branch_miss,False,True,False
8721,13.888412,branch_miss,False,True,False
8722,12.19916,core_stable,False,True,False
8723,12.683428,core_stable,False,True,False
8724,13.330455,cache_memory_jitter,False,True,False
8725,12.00176,core_stable,False,True,False
8726,12.777993,core_stable,False,True,False
8727,14.689549,interrupt_delay,False,True,False
8728,12.589663,core_stable,False,True,False
8729,12.744515,core_stable,False,True,False
8730,12.026805,core_stable,False,True,False
8731,12.093219,core_stable,False,True,False
8732,12.468156,core_stable,False,True,False
8733,12.364633,core_stable,False,True,False
8734,12.274375,core_stable,False,True,False
8735,12.128266,core_stable,False,True,False
8736,12.067053,core_stable,False,True,False
8737,12.304861,core_stable,False,True,False
8738,12.578059,core_stable,False,True,False
8739,12.160032,core_stable,False,True,False
8740,15.910551,interrupt_delay,False,True,False
8741,12.292218,core_stable,False,True,False
8742,12.484695,core_stable,False,True,False
8743,12.496699,core_stable,False,True,False
8744,12.494832,core_stable,False,True,False
8745,12.536579,core_stable,False,True,False
8746,12.202921,core_stable,False,True,False
8747,12.39808,core_stable,False,True,False
8748,12.392879,core_stable,False,True,False
8749,15.110584,interrupt_delay,False,True,False
8750,12.058012,core_stable,False,True,False
8751,12.224925,core_stable,False,True,False
8752,12.642214,core_stable,False,True,False
8753,13.404018,cache_memory_jitter,False,True,False
8754,12.510704,core_stable,False,True,False
8755,12.078736,core_stable,False,True,False
8756,12.010562,core_stable,False,True,False
8757,12.425208,core_stable,False,True,False
8758,12.130826,core_stable,False,True,False
8759,12.793198,core_stable,False,True,False
8760,13.148999,cache_memory_jitter,False,True,False
8761,12.631277,core_stable,False,True,False
8762,12.925508,cache_memory_jitter,False,True,False
8763,12.207962,core_stable,False,True,False
8764,13.685239,branch_miss,False,True,False
8765,12.676225,core_stable,False,True,False
8766,12.014083,core_stable,False,True,False
8767,12.405335,core_stable,False,True,False
8768,13.223963,cache_memory_jitter,False,True,False
8769,12.684762,core_stable,False,True,False
8770,12.79133,core_stable,False,True,False
8771,12.746249,core_stable,False,True,False
8772,12.632077,core_stable,False,True,False
8773,12.703701,core_stable,False,True,False
8774,12.442548,core_stable,False,True,False
8775,12.254851,core_stable,False,True,False
8776,12.809208,cache_memory_jitter,False,True,False
8777,12.667289,core_stable,False,True,False
8778,12.788129,core_stable,False,True,False
8779,15.78424,interrupt_delay,False,True,False
8780,12.140508,core_stable,False,True,False
8781,13.432042,cache_memory_jitter,False,True,False
8782,12.657686,core_stable,False,True,False
8783,12.171474,core_stable,False,True,False
8784,12.321584,core_stable,False,True,False
8785,13.036903,cache_memory_jitter,False,True,False
8786,12.034247,core_stable,False,True,False
8787,12.069934,core_stable,False,True,False
8788,12.411604,core_stable,False,True,False
8789,13.01028,cache_memory_jitter,False,True,False
8790,12.308222,core_stable,False,True,False
8791,12.777859,core_stable,False,True,False
8792,12.62074,core_stable,False,True,False
8793,12.438946,core_stable,False,True,False
8794,12.107862,core_stable,False,True,False
8795,12.05193,core_stable,False,True,False
8796,14.599327,interrupt_delay,False,True,False
8797,12.789196,core_stable,False,True,False
8798,13.015184,cache_memory_jitter,False,True,False
8799,12.219324,core_stable,False,True,False
8800,12.00208,core_stable,False,True,False
8801,12.372715,core_stable,False,True,False
8802,12.575125,core_stable,False,True,False
8803,12.872262,cache_memory_jitter,False,True,False
8804,12.284457,core_stable,False,True,False
8805,12.171234,core_stable,False,True,False
8806,12.205401,core_stable,False,True,False
8807,13.481784,cache_memory_jitter,False,True,False
8808,13.627534,branch_miss,False,True,False
8809,13.475479,cache_memory_jitter,False,True,False
8810,12.292779,core_stable,False,True,False
8811,12.035207,core_stable,False,True,False
8812,12.129706,core_stable,False,True,False
8813,12.201,core_stable,False,True,False
8814,12.369114,core_stable,False,True,False
8815,12.204281,core_stable,False,True,False
8816,12.146269,core_stable,False,True,False
8817,12.025605,core_stable,False,True,False
8818,12.566856,core_stable,False,True,False
8819,12.065693,core_stable,False,True,False
8820,12.722374,core_stable,False,True,False
8821,12.923406,cache_memory_jitter,False,True,False
8822,12.25189,core_stable,False,True,False
8823,13.45376,cache_memory_jitter,False,True,False
8824,13.093652,cache_memory_jitter,False,True,False
8825,12.285257,core_stable,False,True,False
8826,12.35151,core_stable,False,True,False
8827,12.034967,core_stable,False,True,False
8828,12.318384,core_stable,False,True,False
8829,12.15107,core_stable,False,True,False
8830,12.717839,core_stable,False,True,False
8831,12.255251,core_stable,False,True,False
8832,12.2014,core_stable,False,True,False
8833,13.6636,branch_miss,False,True,False
8834,12.575392,core_stable,False,True,False
8835,12.474958,core_stable,False,True,False
8836,12.68903,core_stable,False,True,False
8837,13.003274,cache_memory_jitter,False,True,False
8838,13.286317,cache_memory_jitter,False,True,False
8839,14.358736,interrupt_delay,False,True,False
8840,14.503091,interrupt_delay,False,True,False
8841,12.304461,core_stable,False,True,False
8842,12.129226,core_stable,False,True,False
8843,12.180916,core_stable,False,True,False
8844,12.375035,core_stable,False,True,False
8845,12.244209,core_stable,False,True,False
8846,12.273735,core_stable,False,True,False
8847,12.169714,core_stable,False,True,False
8848,12.067453,core_stable,False,True,False
8849,12.656085,core_stable,False,True,False
8850,13.613107,branch_miss,False,True,False
8851,13.181227,cache_memory_jitter,False,True,False
8852,12.030246,core_stable,False,True,False
8853,12.502434,core_stable,False,True,False
8854,15.940625,interrupt_delay,False,True,False
8855,13.037604,cache_memory_jitter,False,True,False
8856,12.747182,core_stable,False,True,False
8857,13.88721,branch_miss,False,True,False
8858,13.429239,cache_memory_jitter,False,True,False
8859,12.00184,core_stable,False,True,False
8860,12.085857,core_stable,False,True,False
8861,12.090898,core_stable,False,True,False
8862,13.192436,cache_memory_jitter,False,True,False
8863,12.785462,core_stable,False,True,False
8864,12.040968,core_stable,False,True,False
8865,12.058972,core_stable,False,True,False
8866,12.671691,core_stable,False,True,False
8867,12.158432,core_stable,False,True,False
8868,12.698633,core_stable,False,True,False
8869,12.059372,core_stable,False,True,False
8870,12.205561,core_stable,False,True,False
8871,12.266373,core_stable,False,True,False
8872,13.230269,cache_memory_jitter,False,True,False
8873,12.203001,core_stable,False,True,False
8874,12.55005,core_stable,False,True,False
8875,12.51097,core_stable,False,True,False
8876,12.617139,core_stable,False,True,False
8877,12.353671,core_stable,False,True,False
8878,12.033927,core_stable,False,True,False
8879,13.949724,branch_miss,False,True,False
8880,14.894052,interrupt_delay,False,True,False
8881,12.396639,core_stable,False,True,False
8882,12.053211,core_stable,False,True,False
8883,12.267814,core_stable,False,True,False
8884,13.455862,cache_memory_jitter,False,True,False
8885,12.007441,core_stable,False,True,False
8886,12.386397,core_stable,False,True,False
8887,13.557806,branch_miss,False,True,False
8888,14.015846,branch_miss,False,True,False
8889,12.011122,core_stable,False,True,False
8890,12.128186,core_stable,False,True,False
8891,12.97525,cache_memory_jitter,False,True,False
8892,12.736779,core_stable,False,True,False
8893,12.046409,core_stable,False,True,False
8894,13.170017,cache_memory_jitter,False,True,False
8895,13.356377,cache_memory_jitter,False,True,False
8896,12.721174,core_stable,False,True,False
8897,12.879268,cache_memory_jitter,False,True,False
8898,12.055851,core_stable,False,True,False
8899,16.265423,interrupt_delay,False,True,False
8900,12.384797,core_stable,False,True,False
8901,12.25205,core_stable,False,True,False
8902,12.647282,core_stable,False,True,False
8903,14.035081,branch_miss,False,True,False
8904,14.448958,interrupt_delay,False,True,False
8905,12.219084,core_stable,False,True,False
8906,15.561693,interrupt_delay,False,True,False
8907,12.045689,core_stable,False,True,False
8908,14.767741,interrupt_delay,False,True,False
8909,12.700233,core_stable,False,True,False
8910,12.602868,core_stable,False,True,False
8911,12.34831,core_stable,False,True,False
8912,12.618206,core_stable,False,True,False
8913,12.529243,core_stable,False,True,False
8914,13.994206,branch_miss,False,True,False
8915,12.274615,core_stable,False,True,False
8916,12.330226,core_stable,False,True,False
8917,13.011681,cache_memory_jitter,False,True,False
8918,12.738646,core_stable,False,True,False
8919,12.722508,core_stable,False,True,False
8920,12.641147,core_stable,False,True,False
8921,12.188838,core_stable,False,True,False
8922,12.266933,core_stable,False,True,False
8923,12.327185,core_stable,False,True,False
8924,12.367994,core_stable,False,True,False
8925,12.303661,core_stable,False,True,False
8926,12.205241,core_stable,False,True,False
8927,12.531377,core_stable,False,True,False
8928,12.663021,core_stable,False,True,False
8929,12.006241,core_stable,False,True,False
8930,12.731444,core_stable,False,True,False
8931,12.252851,core_stable,False,True,False
8932,13.434144,cache_memory_jitter,False,True,False
8933,13.789831,branch_miss,False,True,False
8934,12.295499,core_stable,False,True,False
8935,12.58913,core_stable,False,True,False
8936,12.279256,core_stable,False,True,False
8937,12.216123,core_stable,False,True,False
8938,12.062332,core_stable,False,True,False
8939,12.944424,cache_memory_jitter,False,True,False
8940,12.144829,core_stable,False,True,False
8941,12.261732,core_stable,False,True,False
8942,12.132827,core_stable,False,True,False
8943,13.967758,branch_miss,False,True,False
8944,14.37678,interrupt_delay,False,True,False
8945,12.607936,core_stable,False,True,False
8946,12.472157,core_stable,False,True,False
8947,13.006777,cache_memory_jitter,False,True,False
8948,12.056651,core_stable,False,True,False
8949,13.821089,branch_miss,False,True,False
8950,12.255011,core_stable,False,True,False
8951,12.707569,core_stable,False,True,False
8952,13.946118,branch_miss,False,True,False
8953,12.734378,core_stable,False,True,False
8954,12.106181,core_stable,False,True,False
8955,12.118584,core_stable,False,True,False
8956,12.304061,core_stable,False,True,False
8957,12.326865,core_stable,False,True,False
8958,13.025693,cache_memory_jitter,False,True,False
8959,12.430544,core_stable,False,True,False
8960,12.058252,core_stable,False,True,False
8961,12.221324,core_stable,False,True,False
8962,12.525775,core_stable,False,True,False
8963,12.026405,core_stable,False,True,False
8964,15.832359,interrupt_delay,False,True,False
8965,12.395519,core_stable,False,True,False
8966,12.004641,core_stable,False,True,False
8967,12.271974,core_stable,False,True,False
8968,12.212763,core_stable,False,True,False
8969,12.373915,core_stable,False,True,False
8970,12.66102,core_stable,False,True,False
8971,13.386503,cache_memory_jitter,False,True,False
8972,12.109302,core_stable,False,True,False
8973,12.25045,core_stable,False,True,False
8974,12.221164,core_stable,False,True,False
8975,13.028496,cache_memory_jitter,False,True,False
8976,12.782528,core_stable,False,True,False
8977,13.988195,branch_miss,False,True,False
8978,12.017283,core_stable,False,True,False
8979,12.20228,core_stable,False,True,False
8980,12.033367,core_stable,False,True,False
8981,12.385037,core_stable,False,True,False
8982,12.277816,core_stable,False,True,False
8983,12.279736,core_stable,False,True,False
8984,12.378956,core_stable,False,True,False
8985,12.194439,core_stable,False,True,False
8986,12.054571,core_stable,False,True,False
8987,12.184037,core_stable,False,True,False
8988,12.703301,core_stable,False,True,False
8989,12.843537,cache_memory_jitter,False,True,False
8990,12.243009,core_stable,False,True,False
8991,12.446149,core_stable,False,True,False
8992,14.25047,interrupt_delay,False,True,False
8993,12.09826,core_stable,False,True,False
8994,12.265733,core_stable,False,True,False
8995,12.14883,core_stable,False,True,False
8996,12.626075,core_stable,False,True,False
8997,12.385437,core_stable,False,True,False
8998,12.296939,core_stable,False,True,False
8999,12.78853,core_stable,False,True,False
9000,12.332707,core_stable,False,True,False
9001,12.244689,core_stable,False,True,False
9002,12.672357,core_stable,False,True,False
9003,12.190358,core_stable,False,True,False
9004,12.677693,core_stable,False,True,False
9005,12.596465,core_stable,False,True,False
9006,12.743981,core_stable,False,True,False
9007,12.063853,core_stable,False,True,False
9008,12.232847,core_stable,False,True,False
9009,12.391518,core_stable,False,True,False
9010,13.625129,branch_miss,False,True,False
9011,12.591531,core_stable,False,True,False
9012,13.219059,cache_memory_jitter,False,True,False
9013,12.375675,core_stable,False,True,False
9014,15.074495,interrupt_delay,False,True,False
9015,12.257491,core_stable,False,True,False
9016,12.767989,core_stable,False,True,False
9017,12.622474,core_stable,False,True,False
9018,12.387357,core_stable,False,True,False
9019,15.820329,interrupt_delay,False,True,False
9020,12.649416,core_stable,False,True,False
9021,13.715295,branch_miss,False,True,False
9022,12.194359,core_stable,False,True,False
9023,14.473017,interrupt_delay,False,True,False
9024,12.021204,core_stable,False,True,False
9025,12.134987,core_stable,False,True,False
9026,12.153151,core_stable,False,True,False
9027,13.250586,cache_memory_jitter,False,True,False
9028,12.018004,core_stable,False,True,False
9029,12.230206,core_stable,False,True,False
9030,12.359832,core_stable,False,True,False
9031,12.506169,core_stable,False,True,False
9032,12.412671,core_stable,False,True,False
9033,12.426009,core_stable,False,True,False
9034,12.377195,core_stable,False,True,False
9035,12.597132,core_stable,False,True,False
9036,12.117223,core_stable,False,True,False
9037,12.757052,core_stable,False,True,False
9038,12.203721,core_stable,False,True,False
9039,12.736512,core_stable,False,True,False
9040,12.651284,core_stable,False,True,False
9041,12.761187,core_stable,False,True,False
9042,12.362152,core_stable,False,True,False
9043,13.884805,branch_miss,False,True,False
9044,12.030886,core_stable,False,True,False
9045,12.021844,core_stable,False,True,False
9046,12.286857,core_stable,False,True,False
9047,16.343616,interrupt_delay,False,True,False
9048,12.373275,core_stable,False,True,False
9049,12.263413,core_stable,False,True,False
9050,12.513638,core_stable,False,True,False
9051,12.71904,core_stable,False,True,False
9052,13.729721,branch_miss,False,True,False
9053,12.327986,core_stable,False,True,False
9054,12.454018,core_stable,False,True,False
9055,12.733845,core_stable,False,True,False
9056,12.432277,core_stable,False,True,False
9057,12.656619,core_stable,False,True,False
9058,14.346706,interrupt_delay,False,True,False
9059,12.021444,core_stable,False,True,False
9060,12.68036,core_stable,False,True,False
9061,14.827889,interrupt_delay,False,True,False
9062,12.762254,core_stable,False,True,False
9063,13.599883,branch_miss,False,True,False
9064,12.073215,core_stable,False,True,False
9065,16.551612,worst_case_protection_path,False,True,False
9066,12.657419,core_stable,False,True,False
9067,12.784928,core_stable,False,True,False
9068,12.954933,cache_memory_jitter,False,True,False
9069,12.259492,core_stable,False,True,False
9070,17.444489,worst_case_protection_path,False,True,False
9071,13.861964,branch_miss,False,True,False
9072,12.325585,core_stable,False,True,False
9073,12.055051,core_stable,False,True,False
9074,12.592464,core_stable,False,True,False
9075,12.786529,core_stable,False,True,False
9076,12.257812,core_stable,False,True,False
9077,12.552984,core_stable,False,True,False
9078,12.633011,core_stable,False,True,False
9079,13.881199,branch_miss,False,True,False
9080,12.595265,core_stable,False,True,False
9081,12.278056,core_stable,False,True,False
9082,13.597479,branch_miss,False,True,False
9083,12.509103,core_stable,False,True,False
9084,12.638479,core_stable,False,True,False
9085,12.264853,core_stable,False,True,False
9086,12.14907,core_stable,False,True,False
9087,12.358312,core_stable,False,True,False
9088,12.084817,core_stable,False,True,False
9089,12.123145,core_stable,False,True,False
9090,12.748383,core_stable,False,True,False
9091,12.056251,core_stable,False,True,False
9092,12.580994,core_stable,False,True,False
9093,13.05722,cache_memory_jitter,False,True,False
9094,12.739847,core_stable,False,True,False
9095,12.363433,core_stable,False,True,False
9096,12.185557,core_stable,False,True,False
9097,13.485988,cache_memory_jitter,False,True,False
9098,12.356711,core_stable,False,True,False
9099,12.293899,core_stable,False,True,False
9100,12.286057,core_stable,False,True,False
9101,12.764655,core_stable,False,True,False
9102,12.174915,core_stable,False,True,False
9103,12.265973,core_stable,False,True,False
9104,12.765989,core_stable,False,True,False
9105,12.025445,core_stable,False,True,False
9106,12.25125,core_stable,False,True,False
9107,12.289098,core_stable,False,True,False
9108,12.203961,core_stable,False,True,False
9109,12.648083,core_stable,False,True,False
9110,12.191718,core_stable,False,True,False
9111,12.466022,core_stable,False,True,False
9112,12.829525,cache_memory_jitter,False,True,False
9113,12.130666,core_stable,False,True,False
9114,12.317423,core_stable,False,True,False
9115,12.493098,core_stable,False,True,False
9116,12.731977,core_stable,False,True,False
9117,12.032326,core_stable,False,True,False
9118,12.482694,core_stable,False,True,False
9119,12.680227,core_stable,False,True,False
9120,12.107622,core_stable,False,True,False
9121,12.14971,core_stable,False,True,False
9122,12.178356,core_stable,False,True,False
9123,12.395199,core_stable,False,True,False
9124,12.677426,core_stable,False,True,False
9125,12.420674,core_stable,False,True,False
9126,12.706235,core_stable,False,True,False
9127,12.181796,core_stable,False,True,False
9128,12.231006,core_stable,False,True,False
9129,12.34791,core_stable,False,True,False
9130,12.712904,core_stable,False,True,False
9131,12.330786,core_stable,False,True,False
9132,12.145629,core_stable,False,True,False
9133,12.368954,core_stable,False,True,False
9134,12.246129,core_stable,False,True,False
9135,12.332787,core_stable,False,True,False
9136,12.574992,core_stable,False,True,False
9137,12.537112,core_stable,False,True,False
9138,12.703434,core_stable,False,True,False
9139,12.616072,core_stable,False,True,False
9140,12.326225,core_stable,False,True,False
9141,12.00096,core_stable,False,True,False
9142,12.577392,core_stable,False,True,False
9143,12.35191,core_stable,False,True,False
9144,12.64088,core_stable,False,True,False
9145,13.470575,cache_memory_jitter,False,True,False
9146,12.649683,core_stable,False,True,False
9147,12.204681,core_stable,False,True,False
9148,12.05089,core_stable,False,True,False
9149,12.288858,core_stable,False,True,False
9150,12.776526,core_stable,False,True,False
9151,12.032727,core_stable,False,True,False
9152,12.737446,core_stable,False,True,False
9153,16.289482,interrupt_delay,False,True,False
9154,12.110422,core_stable,False,True,False
9155,12.268054,core_stable,False,True,False
9156,12.027045,core_stable,False,True,False
9157,12.120104,core_stable,False,True,False
9158,12.160592,core_stable,False,True,False
9159,12.271734,core_stable,False,True,False
9160,13.147598,cache_memory_jitter,False,True,False
9161,12.213243,core_stable,False,True,False
9162,12.487896,core_stable,False,True,False
9163,12.505235,core_stable,False,True,False
9164,12.160352,core_stable,False,True,False
9165,12.816214,cache_memory_jitter,False,True,False
9166,12.3992,core_stable,False,True,False
9167,13.672015,branch_miss,False,True,False
9168,13.71289,branch_miss,False,True,False
9169,12.413471,core_stable,False,True,False
9170,12.743848,core_stable,False,True,False
9171,12.063533,core_stable,False,True,False
9172,13.25549,cache_memory_jitter,False,True,False
9173,13.634747,branch_miss,False,True,False
9174,14.027868,branch_miss,False,True,False
9175,13.032699,cache_memory_jitter,False,True,False
9176,12.019924,core_stable,False,True,False
9177,12.061292,core_stable,False,True,False
9178,12.093299,core_stable,False,True,False
9179,12.252931,core_stable,False,True,False
9180,12.095699,core_stable,False,True,False
9181,13.366886,cache_memory_jitter,False,True,False
9182,12.189798,core_stable,False,True,False
9183,12.035927,core_stable,False,True,False
9184,13.635949,branch_miss,False,True,False
9185,12.576459,core_stable,False,True,False
9186,12.521774,core_stable,False,True,False
9187,12.29878,core_stable,False,True,False
9188,12.110102,core_stable,False,True,False
9189,12.35175,core_stable,False,True,False
9190,12.786796,core_stable,False,True,False
9191,12.674625,core_stable,False,True,False
9192,12.363753,core_stable,False,True,False
9193,12.5007,core_stable,False,True,False
9194,12.004001,core_stable,False,True,False
9195,12.218524,core_stable,False,True,False
9196,12.363113,core_stable,False,True,False
9197,13.275107,cache_memory_jitter,False,True,False
9198,12.693431,core_stable,False,True,False
9199,12.046009,core_stable,False,True,False
9200,12.190758,core_stable,False,True,False
9201,13.331155,cache_memory_jitter,False,True,False
9202,12.040248,core_stable,False,True,False
9203,13.752563,branch_miss,False,True,False
9204,12.340548,core_stable,False,True,False
9205,12.495232,core_stable,False,True,False
9206,14.080765,branch_miss,False,True,False
9207,12.750917,core_stable,False,True,False
9208,14.364751,interrupt_delay,False,True,False
9209,12.525242,core_stable,False,True,False
9210,12.081776,core_stable,False,True,False
9211,12.328386,core_stable,False,True,False
9212,12.190198,core_stable,False,True,False
9213,12.530043,core_stable,False,True,False
9214,13.867975,branch_miss,False,True,False
9215,12.011522,core_stable,False,True,False
9216,13.543379,branch_miss,False,True,False
9217,12.436279,core_stable,False,True,False
9218,13.94732,branch_miss,False,True,False
9219,12.730377,core_stable,False,True,False
9220,12.744915,core_stable,False,True,False
9221,12.575258,core_stable,False,True,False
9222,12.169234,core_stable,False,True,False
9223,15.158703,interrupt_delay,False,True,False
9224,12.797332,core_stable,False,True,False
9225,12.966843,cache_memory_jitter,False,True,False
9226,13.739339,branch_miss,False,True,False
9227,12.038568,core_stable,False,True,False
9228,12.554985,core_stable,False,True,False
9229,12.497766,core_stable,False,True,False
9230,12.30134,core_stable,False,True,False
9231,12.406936,core_stable,False,True,False
9232,12.528576,core_stable,False,True,False
9233,12.133867,core_stable,False,True,False
9234,13.555401,branch_miss,False,True,False
9235,13.436946,cache_memory_jitter,False,True,False
9236,12.315423,core_stable,False,True,False
9237,14.130174,interrupt_delay,False,True,False
9238,12.479226,core_stable,False,True,False
9239,12.719973,core_stable,False,True,False
9240,12.450017,core_stable,False,True,False
9241,12.010402,core_stable,False,True,False
9242,12.071374,core_stable,False,True,False
9243,12.584061,core_stable,False,True,False
9244,13.085244,cache_memory_jitter,False,True,False
9245,12.767589,core_stable,False,True,False
9246,12.526309,core_stable,False,True,False
9247,12.522574,core_stable,False,True,False
9248,12.218044,core_stable,False,True,False
9249,13.305233,cache_memory_jitter,False,True,False
9250,12.396239,core_stable,False,True,False
9251,12.176275,core_stable,False,True,False
9252,12.768389,core_stable,False,True,False
9253,12.164593,core_stable,False,True,False
9254,12.047209,core_stable,False,True,False
9255,12.790797,core_stable,False,True,False
9256,12.744248,core_stable,False,True,False
9257,12.043769,core_stable,False,True,False
9258,12.291338,core_stable,False,True,False
9259,12.594732,core_stable,False,True,False
9260,12.030646,core_stable,False,True,False
9261,12.364393,core_stable,False,True,False
9262,12.242288,core_stable,False,True,False
9263,13.012382,cache_memory_jitter,False,True,False
9264,13.647971,branch_miss,False,True,False
9265,18.114146,worst_case_protection_path,False,True,False
9266,16.036861,interrupt_delay,False,True,False
9267,12.012482,core_stable,False,True,False
9268,12.761987,core_stable,False,True,False
9269,13.598681,branch_miss,False,True,False
9270,12.086497,core_stable,False,True,False
9271,12.053851,core_stable,False,True,False
9272,17.976781,worst_case_protection_path,False,True,False
9273,12.00112,core_stable,False,True,False
9274,12.236447,core_stable,False,True,False
9275,13.075436,cache_memory_jitter,False,True,False
9276,14.086776,branch_miss,False,True,False
9277,12.124345,core_stable,False,True,False
9278,12.7005,core_stable,False,True,False
9279,12.339748,core_stable,False,True,False
9280,13.390006,cache_memory_jitter,False,True,False
9281,12.522041,core_stable,False,True,False
9282,12.158672,core_stable,False,True,False
9283,12.026245,core_stable,False,True,False
9284,13.704475,branch_miss,False,True,False
9285,12.154671,core_stable,False,True,False
9286,12.643681,core_stable,False,True,False
9287,12.255811,core_stable,False,True,False
9288,12.086337,core_stable,False,True,False
9289,13.953331,branch_miss,False,True,False
9290,12.143309,core_stable,False,True,False
9291,12.482427,core_stable,False,True,False
9292,12.563921,core_stable,False,True,False
9293,12.567523,core_stable,False,True,False
9294,12.709303,core_stable,False,True,False
9295,12.079296,core_stable,False,True,False
9296,12.408003,core_stable,False,True,False
9297,12.283577,core_stable,False,True,False
9298,12.243489,core_stable,False,True,False
9299,15.627856,interrupt_delay,False,True,False
9300,12.008642,core_stable,False,True,False
9301,12.053931,core_stable,False,True,False
9302,12.528976,core_stable,False,True,False
9303,12.311102,core_stable,False,True,False
9304,13.608298,branch_miss,False,True,False
9305,12.312142,core_stable,False,True,False
9306,13.303832,cache_memory_jitter,False,True,False
9307,12.457619,core_stable,False,True,False
9308,12.162753,core_stable,False,True,False
9309,12.284297,core_stable,False,True,False
9310,12.314623,core_stable,False,True,False
9311,12.608603,core_stable,False,True,False
9312,12.227966,core_stable,False,True,False
9313,12.52124,core_stable,False,True,False
9314,13.813875,branch_miss,False,True,False
9315,12.25013,core_stable,False,True,False
9316,12.451617,core_stable,False,True,False
9317,12.106901,core_stable,False,True,False
9318,13.961746,branch_miss,False,True,False
9319,12.013203,core_stable,False,True,False
9320,12.733978,core_stable,False,True,False
9321,13.990599,branch_miss,False,True,False
9322,14.479032,interrupt_delay,False,True,False
9323,13.014484,cache_memory_jitter,False,True,False
9324,12.262693,core_stable,False,True,False
9325,12.337988,core_stable,False,True,False
9326,12.124185,core_stable,False,True,False
9327,12.145149,core_stable,False,True,False
9328,12.237568,core_stable,False,True,False
9329,12.371354,core_stable,False,True,False
9330,12.102821,core_stable,False,True,False
9331,12.121144,core_stable,False,True,False
9332,12.195079,core_stable,False,True,False
9333,12.548183,core_stable,False,True,False
9334,12.084657,core_stable,False,True,False
9335,12.207241,core_stable,False,True,False
9336,12.625542,core_stable,False,True,False
9337,12.358472,core_stable,False,True,False
9338,12.339028,core_stable,False,True,False
9339,12.369674,core_stable,False,True,False
9340,14.093989,branch_miss,False,True,False
9341,13.319946,cache_memory_jitter,False,True,False
9342,12.152671,core_stable,False,True,False
9343,12.329106,core_stable,False,True,False
9344,12.370074,core_stable,False,True,False
9345,12.253811,core_stable,False,True,False
9346,12.233647,core_stable,False,True,False
9347,12.247249,core_stable,False,True,False
9348,12.193559,core_stable,False,True,False
9349,12.388398,core_stable,False,True,False
9350,12.321184,core_stable,False,True,False
9351,12.517239,core_stable,False,True,False
9352,12.456552,core_stable,False,True,False
9353,12.238128,core_stable,False,True,False
9354,12.361672,core_stable,False,True,False
9355,15.706048,interrupt_delay,False,True,False
9356,13.580648,branch_miss,False,True,False
9357,12.322464,core_stable,False,True,False
9358,12.676626,core_stable,False,True,False
9359,12.317744,core_stable,False,True,False
9360,12.455085,core_stable,False,True,False
9361,12.103701,core_stable,False,True,False
9362,15.254939,interrupt_delay,False,True,False
9363,12.649283,core_stable,False,True,False
9364,12.379436,core_stable,False,True,False
9365,12.391678,core_stable,False,True,False
9366,12.322865,core_stable,False,True,False
9367,12.096739,core_stable,False,True,False
9368,12.157231,core_stable,False,True,False
9369,12.09842,core_stable,False,True,False
9370,12.007041,core_stable,False,True,False
9371,12.761454,core_stable,False,True,False
9372,12.706902,core_stable,False,True,False
9373,12.634345,core_stable,False,True,False
9374,12.485362,core_stable,False,True,False
9375,12.221884,core_stable,False,True,False
9376,12.181956,core_stable,False,True,False
9377,12.766255,core_stable,False,True,False
9378,12.111862,core_stable,False,True,False
9379,16.042876,interrupt_delay,False,True,False
9380,12.213883,core_stable,False,True,False
9381,12.055611,core_stable,False,True,False
9382,12.221804,core_stable,False,True,False
9383,13.56021,branch_miss,False,True,False
9384,12.113863,core_stable,False,True,False
9385,12.182036,core_stable,False,True,False
9386,12.104101,core_stable,False,True,False
9387,12.645015,core_stable,False,True,False
9388,12.285017,core_stable,False,True,False
9389,13.264598,cache_memory_jitter,False,True,False
9390,12.794532,core_stable,False,True,False
9391,13.292622,cache_memory_jitter,False,True,False
9392,12.176755,core_stable,False,True,False
9393,12.290458,core_stable,False,True,False
9394,12.35247,core_stable,False,True,False
9395,12.155071,core_stable,False,True,False
9396,16.706148,worst_case_protection_path,False,True,False
9397,12.437212,core_stable,False,True,False
9398,12.210602,core_stable,False,True,False
9399,12.160912,core_stable,False,True,False
9400,12.481894,core_stable,False,True,False
9401,12.340948,core_stable,False,True,False
9402,17.375806,worst_case_protection_path,False,True,False
9403,12.238048,core_stable,False,True,False
9404,12.713171,core_stable,False,True,False
9405,12.787196,core_stable,False,True,False
9406,12.240048,core_stable,False,True,False
9407,12.10018,core_stable,False,True,False
9408,12.333827,core_stable,False,True,False
9409,12.449483,core_stable,False,True,False
9410,13.415928,cache_memory_jitter,False,True,False
9411,12.029286,core_stable,False,True,False
9412,12.729443,core_stable,False,True,False
9413,12.46989,core_stable,False,True,False
9414,12.501367,core_stable,False,True,False
9415,12.679293,core_stable,False,True,False
9416,12.164673,core_stable,False,True,False
9417,12.73958,core_stable,False,True,False
9418,12.502968,core_stable,False,True,False
9419,12.134107,core_stable,False,True,False
9420,12.757719,core_stable,False,True,False
9421,12.245649,core_stable,False,True,False
9422,15.621841,interrupt_delay,False,True,False
9423,12.055211,core_stable,False,True,False
9424,12.369594,core_stable,False,True,False
9425,12.329426,core_stable,False,True,False
9426,13.280011,cache_memory_jitter,False,True,False
9427,12.220684,core_stable,False,True,False
9428,12.305661,core_stable,False,True,False
9429,12.145389,core_stable,False,True,False
9430,12.553118,core_stable,False,True,False
9431,12.41934,core_stable,False,True,False
9432,12.770123,core_stable,False,True,False
9433,12.667956,core_stable,False,True,False
9434,14.014643,branch_miss,False,True,False
9435,13.121676,cache_memory_jitter,False,True,False
9436,12.246289,core_stable,False,True,False
9437,13.183329,cache_memory_jitter,False,True,False
9438,13.513324,branch_miss,False,True,False
9439,12.455485,core_stable,False,True,False
9440,12.210682,core_stable,False,True,False
9441,14.587298,interrupt_delay,False,True,False
9442,12.352551,core_stable,False,True,False
9443,12.457886,core_stable,False,True,False
9444,12.222364,core_stable,False,True,False
9445,12.475759,core_stable,False,True,False
9446,13.05652,cache_memory_jitter,False,True,False
9447,12.397039,core_stable,False,True,False
9448,12.683961,core_stable,False,True,False
9449,12.437746,core_stable,False,True,False
9450,12.016643,core_stable,False,True,False
9451,12.47149,core_stable,False,True,False
9452,12.028646,core_stable,False,True,False
9453,12.606469,core_stable,False,True,False
9454,13.160209,cache_memory_jitter,False,True,False
9455,12.724775,core_stable,False,True,False
9456,16.283468,interrupt_delay,False,True,False
9457,12.29854,core_stable,False,True,False
9458,12.070334,core_stable,False,True,False
9459,12.214523,core_stable,False,True,False
9460,12.290858,core_stable,False,True,False
9461,12.666089,core_stable,False,True,False
9462,12.528043,core_stable,False,True,False
9463,12.2983,core_stable,False,True,False
9464,12.090978,core_stable,False,True,False
9465,12.074415,core_stable,False,True,False
9466,12.65115,core_stable,False,True,False
9467,12.764788,core_stable,False,True,False
9468,12.045769,core_stable,False,True,False
9469,12.056571,core_stable,False,True,False
9470,12.027445,core_stable,False,True,False
9471,13.766989,branch_miss,False,True,False
9472,12.681027,core_stable,False,True,False
9473,12.2006,core_stable,False,True,False
9474,12.447482,core_stable,False,True,False
9475,12.584995,core_stable,False,True,False
9476,12.508169,core_stable,False,True,False
9477,12.293419,core_stable,False,True,False
9478,12.637279,core_stable,False,True,False
9479,12.179396,core_stable,False,True,False
9480,12.056491,core_stable,False,True,False
9481,12.496566,core_stable,False,True,False
9482,12.239168,core_stable,False,True,False
9483,12.029686,core_stable,False,True,False
9484,12.189958,core_stable,False,True,False
9485,13.727317,branch_miss,False,True,False
9486,12.377275,core_stable,False,True,False
9487,12.754518,core_stable,False,True,False
9488,13.986993,branch_miss,False,True,False
9489,12.646749,core_stable,False,True,False
9490,12.419073,core_stable,False,True,False
9491,12.155871,core_stable,False,True,False
9492,12.077295,core_stable,False,True,False
9493,12.023045,core_stable,False,True,False
9494,12.798399,core_stable,False,True,False
9495,12.548983,core_stable,False,True,False
9496,12.213323,core_stable,False,True,False
9497,12.814813,cache_memory_jitter,False,True,False
9498,13.256191,cache_memory_jitter,False,True,False
9499,12.091778,core_stable,False,True,False
9500,12.686362,core_stable,False,True,False
9501,12.714772,core_stable,False,True,False
9502,12.683828,core_stable,False,True,False
9503,12.116583,core_stable,False,True,False
9504,12.002,core_stable,False,True,False
9505,12.534178,core_stable,False,True,False
9506,12.992065,cache_memory_jitter,False,True,False
9507,12.297419,core_stable,False,True,False
9508,13.34797,cache_memory_jitter,False,True,False
9509,12.174595,core_stable,False,True,False
9510,17.186928,worst_case_protection_path,False,True,False
9511,12.10194,core_stable,False,True,False
9512,12.286537,core_stable,False,True,False
9513,12.046169,core_stable,False,True,False
9514,13.882401,branch_miss,False,True,False
9515,12.496165,core_stable,False,True,False
9516,14.707593,interrupt_delay,False,True,False
9517,12.30198,core_stable,False,True,False
9518,12.882771,cache_memory_jitter,False,True,False
9519,12.053531,core_stable,False,True,False
9520,12.062012,core_stable,False,True,False
9521,13.41873,cache_memory_jitter,False,True,False
9522,12.705302,core_stable,False,True,False
9523,12.291418,core_stable,False,True,False
9524,12.327265,core_stable,False,True,False
9525,17.496001,worst_case_protection_path,False,True,False
9526,12.369034,core_stable,False,True,False
9527,15.862433,interrupt_delay,False,True,False
9528,12.407469,core_stable,False,True,False
9529,12.558986,core_stable,False,True,False
9530,12.117784,core_stable,False,True,False
9531,13.889614,branch_miss,False,True,False
9532,13.692453,branch_miss,False,True,False
9533,12.286297,core_stable,False,True,False
9534,12.103941,core_stable,False,True,False
9535,12.331186,core_stable,False,True,False
9536,12.388238,core_stable,False,True,False
9537,12.092819,core_stable,False,True,False
9538,13.51092,branch_miss,False,True,False
9539,12.312623,core_stable,False,True,False
9540,12.275015,core_stable,False,True,False
9541,12.427209,core_stable,False,True,False
9542,12.393279,core_stable,False,True,False
9543,12.215643,core_stable,False,True,False
9544,12.354791,core_stable,False,True,False
9545,12.737846,core_stable,False,True,False
9546,12.102901,core_stable,False,True,False
9547,12.653551,core_stable,False,True,False
9548,12.339348,core_stable,False,True,False
9549,12.236047,core_stable,False,True,False
9550,12.217564,core_stable,False,True,False
9551,13.027095,cache_memory_jitter,False,True,False
9552,12.137788,core_stable,False,True,False
9553,12.323345,core_stable,False,True,False
9554,13.281413,cache_memory_jitter,False,True,False
9555,12.60927,core_stable,False,True,False
9556,12.296299,core_stable,False,True,False
9557,12.849142,cache_memory_jitter,False,True,False
9558,12.079376,core_stable,False,True,False
9559,12.556719,core_stable,False,True,False
9560,13.142694,cache_memory_jitter,False,True,False
9561,12.365913,core_stable,False,True,False
9562,12.360792,core_stable,False,True,False
9563,12.058732,core_stable,False,True,False
9564,13.916063,branch_miss,False,True,False
9565,12.235647,core_stable,False,True,False
9566,12.461487,core_stable,False,True,False
9567,12.260292,core_stable,False,True,False
9568,12.145229,core_stable,False,True,False
9569,12.666355,core_stable,False,True,False
9570,12.003361,core_stable,False,True,False
9571,12.384877,core_stable,False,True,False
9572,12.132346,core_stable,False,True,False
9573,12.133707,core_stable,False,True,False
9574,14.092787,branch_miss,False,True,False
9575,13.213454,cache_memory_jitter,False,True,False
9576,12.790664,core_stable,False,True,False
9577,12.539113,core_stable,False,True,False
9578,12.040008,core_stable,False,True,False
9579,12.166593,core_stable,False,True,False
9580,12.937418,cache_memory_jitter,False,True,False
9581,12.107221,core_stable,False,True,False
9582,12.577259,core_stable,False,True,False
9583,12.083537,core_stable,False,True,False
9584,12.34815,core_stable,False,True,False
9585,12.333747,core_stable,False,True,False
9586,13.773,branch_miss,False,True,False
9587,12.108342,core_stable,False,True,False
9588,13.065628,cache_memory_jitter,False,True,False
9589,14.096393,branch_miss,False,True,False
9590,12.002801,core_stable,False,True,False
9591,12.903088,cache_memory_jitter,False,True,False
9592,12.73998,core_stable,False,True,False
9593,12.685295,core_stable,False,True,False
9594,12.255891,core_stable,False,True,False
9595,12.412804,core_stable,False,True,False
9596,12.119064,core_stable,False,True,False
9597,12.425342,core_stable,False,True,False
9598,12.389598,core_stable,False,True,False
9599,12.605268,core_stable,False,True,False
9600,12.058172,core_stable,False,True,False
9601,12.110822,core_stable,False,True,False
9602,12.218444,core_stable,False,True,False
9603,12.875765,cache_memory_jitter,False,True,False
9604,13.649173,branch_miss,False,True,False
9605,12.34767,core_stable,False,True,False
9606,12.323985,core_stable,False,True,False
9607,12.552718,core_stable,False,True,False
9608,13.611905,branch_miss,False,True,False
9609,12.551117,core_stable,False,True,False
9610,12.783061,core_stable,False,True,False
9611,12.395679,core_stable,False,True,False
9612,12.275575,core_stable,False,True,False
9613,12.253011,core_stable,False,True,False
9614,12.623675,core_stable,False,True,False
9615,12.691564,core_stable,False,True,False
9616,12.370714,core_stable,False,True,False
9617,12.386317,core_stable,False,True,False
9618,12.339588,core_stable,False,True,False
9619,12.30022,core_stable,False,True,False
9620,12.20148,core_stable,False,True,False
9621,12.794932,core_stable,False,True,False
9622,12.54058,core_stable,False,True,False
9623,12.661287,core_stable,False,True,False
9624,17.856586,worst_case_protection_path,False,True,False
9625,13.688846,branch_miss,False,True,False
9626,13.098556,cache_memory_jitter,False,True,False
9627,13.445353,cache_memory_jitter,False,True,False
9628,12.709703,core_stable,False,True,False
9629,12.471624,core_stable,False,True,False
9630,12.304381,core_stable,False,True,False
9631,12.207882,core_stable,False,True,False
9632,12.358392,core_stable,False,True,False
9633,12.39984,core_stable,False,True,False
9634,12.178676,core_stable,False,True,False
9635,12.777326,core_stable,False,True,False
9636,13.801853,branch_miss,False,True,False
9637,15.465457,interrupt_delay,False,True,False
9638,12.583528,core_stable,False,True,False
9639,12.372875,core_stable,False,True,False
9640,12.226125,core_stable,False,True,False
9641,12.04913,core_stable,False,True,False
9642,16.277453,interrupt_delay,False,True,False
9643,12.104421,core_stable,False,True,False
9644,12.082737,core_stable,False,True,False
9645,15.435383,interrupt_delay,False,True,False
9646,13.735732,branch_miss,False,True,False
9647,12.262292,core_stable,False,True,False
9648,12.768923,core_stable,False,True,False
9649,12.695699,core_stable,False,True,False
9650,13.102759,cache_memory_jitter,False,True,False
9651,12.023525,core_stable,False,True,False
9652,12.237407,core_stable,False,True,False
9653,12.087698,core_stable,False,True,False
9654,15.633871,interrupt_delay,False,True,False
9655,12.308542,core_stable,False,True,False
9656,12.60967,core_stable,False,True,False
9657,12.180436,core_stable,False,True,False
9658,14.641431,interrupt_delay,False,True,False
9659,12.699166,core_stable,False,True,False
9660,12.0024,core_stable,False,True,False
9661,12.573925,core_stable,False,True,False
9662,13.000472,cache_memory_jitter,False,True,False
9663,12.703835,core_stable,False,True,False
9664,12.216363,core_stable,False,True,False
9665,12.307021,core_stable,False,True,False
9666,12.090498,core_stable,False,True,False
9667,12.032887,core_stable,False,True,False
9668,12.428276,core_stable,False,True,False
9669,12.487096,core_stable,False,True,False
9670,13.249886,cache_memory_jitter,False,True,False
9671,12.191958,core_stable,False,True,False
9672,12.245409,core_stable,False,True,False
9673,12.120184,core_stable,False,True,False
9674,12.276615,core_stable,False,True,False
9675,12.158032,core_stable,False,True,False
9676,12.193959,core_stable,False,True,False
9677,12.060332,core_stable,False,True,False
9678,12.445215,core_stable,False,True,False
9679,14.095191,branch_miss,False,True,False
9680,12.346229,core_stable,False,True,False
9681,12.170194,core_stable,False,True,False
9682,12.545382,core_stable,False,True,False
9683,12.670624,core_stable,False,True,False
9684,12.317664,core_stable,False,True,False
9685,13.268101,cache_memory_jitter,False,True,False
9686,12.483494,core_stable,False,True,False
9687,12.272695,core_stable,False,True,False
9688,12.271254,core_stable,False,True,False
9689,14.042294,branch_miss,False,True,False
9690,12.536179,core_stable,False,True,False
9691,12.517106,core_stable,False,True,False
9692,12.493765,core_stable,False,True,False
9693,12.716105,core_stable,False,True,False
9694,12.330066,core_stable,False,True,False
9695,12.498033,core_stable,False,True,False
9696,12.043369,core_stable,False,True,False
9697,12.1001,core_stable,False,True,False
9698,12.269014,core_stable,False,True,False
9699,12.028966,core_stable,False,True,False
9700,12.751317,core_stable,False,True,False
9701,12.190518,core_stable,False,True,False
9702,12.621274,core_stable,False,True,False
9703,12.702501,core_stable,False,True,False
9704,12.140588,core_stable,False,True,False
9705,12.021764,core_stable,False,True,False
9706,12.775058,core_stable,False,True,False
9707,12.689296,core_stable,False,True,False
9708,12.412938,core_stable,False,True,False
9709,12.028886,core_stable,False,True,False
9710,12.208042,core_stable,False,True,False
9711,13.322748,cache_memory_jitter,False,True,False
9712,12.413605,core_stable,False,True,False
9713,16.929368,worst_case_protection_path,False,True,False
9714,17.95961,worst_case_protection_path,False,True,False
9715,12.736646,core_stable,False,True,False
9716,12.697299,core_stable,False,True,False
9717,12.717973,core_stable,False,True,False
9718,12.664088,core_stable,False,True,False
9719,12.516172,core_stable,False,True,False
9720,12.651017,core_stable,False,True,False
9721,12.307742,core_stable,False,True,False
9722,12.008322,core_stable,False,True,False
9723,12.018724,core_stable,False,True,False
9724,12.102661,core_stable,False,True,False
9725,12.091698,core_stable,False,True,False
9726,12.673958,core_stable,False,True,False
9727,12.1978,core_stable,False,True,False
9728,12.138908,core_stable,False,True,False
9729,12.63021,core_stable,False,True,False
9730,12.072254,core_stable,False,True,False
9731,12.604735,core_stable,False,True,False
9732,12.141868,core_stable,False,True,False
9733,12.553785,core_stable,False,True,False
9734,12.478693,core_stable,False,True,False
9735,12.367113,core_stable,False,True,False
9736,12.194679,core_stable,False,True,False
9737,12.241248,core_stable,False,True,False
9738,13.34867,cache_memory_jitter,False,True,False
9739,13.73453,branch_miss,False,True,False
9740,17.564684,worst_case_protection_path,False,True,False
9741,13.024993,cache_memory_jitter,False,True,False
9742,12.206121,core_stable,False,True,False
9743,13.403317,cache_memory_jitter,False,True,False
9744,12.419873,core_stable,False,True,False
9745,12.211962,core_stable,False,True,False
9746,12.320864,core_stable,False,True,False
9747,12.740647,core_stable,False,True,False
9748,12.028006,core_stable,False,True,False
9749,12.041528,core_stable,False,True,False
9750,12.196439,core_stable,False,True,False
9751,12.543648,core_stable,False,True,False
9752,12.039768,core_stable,False,True,False
9753,12.324865,core_stable,False,True,False
9754,12.488029,core_stable,False,True,False
9755,12.384237,core_stable,False,True,False
9756,12.623808,core_stable,False,True,False
9757,12.527509,core_stable,False,True,False
9758,12.755985,core_stable,False,True,False
9759,12.487496,core_stable,False,True,False
9760,14.142204,interrupt_delay,False,True,False
9761,12.160832,core_stable,False,True,False
9762,12.321744,core_stable,False,True,False
9763,12.004961,core_stable,False,True,False
9764,13.31364,cache_memory_jitter,False,True,False
9765,12.279976,core_stable,False,True,False
9766,12.361832,core_stable,False,True,False
9767,12.382957,core_stable,False,True,False
9768,13.323449,cache_memory_jitter,False,True,False
9769,13.999015,branch_miss,False,True,False
9770,12.304701,core_stable,False,True,False
9771,12.133787,core_stable,False,True,False
9772,13.626331,branch_miss,False,True,False
9773,12.532311,core_stable,False,True,False
9774,12.073775,core_stable,False,True,False
9775,12.235487,core_stable,False,True,False
9776,12.74865,core_stable,False,True,False
9777,12.477492,core_stable,False,True,False
9778,12.526842,core_stable,False,True,False
9779,12.185317,core_stable,False,True,False
9780,12.052651,core_stable,False,True,False
9781,12.516572,core_stable,False,True,False
9782,12.698766,core_stable,False,True,False
9783,12.012883,core_stable,False,True,False
9784,16.006787,interrupt_delay,False,True,False
9785,12.127305,core_stable,False,True,False
9786,17.925269,worst_case_protection_path,False,True,False
9787,12.018244,core_stable,False,True,False
9788,12.142829,core_stable,False,True,False
9789,12.037287,core_stable,False,True,False
9790,12.385117,core_stable,False,True,False
9791,12.189158,core_stable,False,True,False
9792,12.725308,core_stable,False,True,False
9793,12.254771,core_stable,False,True,False
9794,13.983386,branch_miss,False,True,False
9795,12.341348,core_stable,False,True,False
9796,13.815078,branch_miss,False,True,False
9797,12.379356,core_stable,False,True,False
9798,12.065293,core_stable,False,True,False
9799,12.382717,core_stable,False,True,False
9800,12.369754,core_stable,False,True,False
9801,12.689163,core_stable,False,True,False
9802,12.753184,core_stable,False,True,False
9803,12.334707,core_stable,False,True,False
9804,12.672758,core_stable,False,True,False
9805,12.538046,core_stable,False,True,False
9806,12.035767,core_stable,False,True,False
9807,12.870861,cache_memory_jitter,False,True,False
9808,12.008002,core_stable,False,True,False
9809,12.759453,core_stable,False,True,False
9810,12.733044,core_stable,False,True,False
9811,13.12728,cache_memory_jitter,False,True,False
9812,12.15203,core_stable,False,True,False
9813,12.393439,core_stable,False,True,False
9814,12.276215,core_stable,False,True,False
9815,12.333667,core_stable,False,True,False
9816,13.552997,branch_miss,False,True,False
9817,12.359672,core_stable,False,True,False
9818,12.19804,core_stable,False,True,False
9819,13.589063,branch_miss,False,True,False
9820,12.107702,core_stable,False,True,False
9821,12.594465,core_stable,False,True,False
9822,12.978753,cache_memory_jitter,False,True,False
9823,12.335907,core_stable,False,True,False
9824,12.315503,core_stable,False,True,False
9825,12.726776,core_stable,False,True,False
9826,12.011922,core_stable,False,True,False
9827,12.711437,core_stable,False,True,False
9828,12.289418,core_stable,False,True,False
9829,14.044699,branch_miss,False,True,False
9830,12.711971,core_stable,False,True,False
9831,12.79093,core_stable,False,True,False
9832,12.709436,core_stable,False,True,False
9833,12.706502,core_stable,False,True,False
9834,12.036967,core_stable,False,True,False
9835,12.042248,core_stable,False,True,False
9836,14.172277,interrupt_delay,False,True,False
9837,12.128506,core_stable,False,True,False
9838,12.53898,core_stable,False,True,False
9839,13.799449,branch_miss,False,True,False
9840,12.625809,core_stable,False,True,False
9841,12.535512,core_stable,False,True,False
9842,15.393279,interrupt_delay,False,True,False
9843,12.370154,core_stable,False,True,False
9844,12.167794,core_stable,False,True,False
9845,12.006561,core_stable,False,True,False
9846,12.019844,core_stable,False,True,False
9847,12.227005,core_stable,False,True,False
9848,12.601801,core_stable,False,True,False
9849,12.707436,core_stable,False,True,False
9850,12.677026,core_stable,False,True,False
9851,12.116503,core_stable,False,True,False
9852,12.136027,core_stable,False,True,False
9853,12.428943,core_stable,False,True,False
9854,12.225085,core_stable,False,True,False
9855,12.2018,core_stable,False,True,False
9856,12.567789,core_stable,False,True,False
9857,12.469356,core_stable,False,True,False
9858,12.290778,core_stable,False,True,False
9859,12.380076,core_stable,False,True,False
9860,12.938118,cache_memory_jitter,False,True,False
9861,12.918502,cache_memory_jitter,False,True,False
9862,13.279311,cache_memory_jitter,False,True,False
9863,13.845133,branch_miss,False,True,False
9864,12.560987,core_stable,False,True,False
9865,12.288538,core_stable,False,True,False
9866,12.04785,core_stable,False,True,False
9867,12.738113,core_stable,False,True,False
9868,13.586659,branch_miss,False,True,False
9869,12.739313,core_stable,False,True,False
9870,13.176323,cache_memory_jitter,False,True,False
9871,12.121464,core_stable,False,True,False
9872,12.162032,core_stable,False,True,False
9873,13.308035,cache_memory_jitter,False,True,False
9874,12.066333,core_stable,False,True,False
9875,12.037688,core_stable,False,True,False
9876,12.48923,core_stable,False,True,False
9877,12.10202,core_stable,False,True,False
9878,12.528443,core_stable,False,True,False
9879,12.225645,core_stable,False,True,False
9880,12.284937,core_stable,False,True,False
9881,12.284057,core_stable,False,True,False
9882,13.171418,cache_memory_jitter,False,True,False
9883,12.541514,core_stable,False,True,False
9884,12.242368,core_stable,False,True,False
9885,13.866772,branch_miss,False,True,False
9886,12.024405,core_stable,False,True,False
9887,12.134827,core_stable,False,True,False
9888,14.055518,branch_miss,False,True,False
9889,13.759776,branch_miss,False,True,False
9890,12.663288,core_stable,False,True,False
9891,12.586195,core_stable,False,True,False
9892,12.285657,core_stable,False,True,False
9893,12.05241,core_stable,False,True,False
9894,12.959136,cache_memory_jitter,False,True,False
9895,12.694098,core_stable,False,True,False
9896,12.710237,core_stable,False,True,False
9897,12.535779,core_stable,False,True,False
9898,12.266213,core_stable,False,True,False
9899,15.802285,interrupt_delay,False,True,False
9900,12.387678,core_stable,False,True,False
9901,12.333107,core_stable,False,True,False
9902,15.345161,interrupt_delay,False,True,False
9903,12.137307,core_stable,False,True,False
9904,12.550717,core_stable,False,True,False
9905,12.024885,core_stable,False,True,False
9906,12.021924,core_stable,False,True,False
9907,12.260212,core_stable,False,True,False
9908,12.7001,core_stable,False,True,False
9909,12.609803,core_stable,False,True,False
9910,13.200143,cache_memory_jitter,False,True,False
9911,12.447616,core_stable,False,True,False
9912,12.130986,core_stable,False,True,False
9913,12.083857,core_stable,False,True,False
9914,12.073055,core_stable,False,True,False
9915,12.833729,cache_memory_jitter,False,True,False
9916,12.326945,core_stable,False,True,False
9917,12.495098,core_stable,False,True,False
9918,12.433211,core_stable,False,True,False
9919,12.026965,core_stable,False,True,False
9920,17.839415,worst_case_protection_path,False,True,False
9921,12.103781,core_stable,False,True,False
9922,12.436679,core_stable,False,True,False
9923,12.045609,core_stable,False,True,False
9924,12.095939,core_stable,False,True,False
9925,12.861753,cache_memory_jitter,False,True,False
9926,12.413338,core_stable,False,True,False
9927,12.245329,core_stable,False,True,False
9928,12.487229,core_stable,False,True,False
9929,13.44115,cache_memory_jitter,False,True,False
9930,13.67442,branch_miss,False,True,False
9931,12.053371,core_stable,False,True,False
9932,12.155311,core_stable,False,True,False
9933,12.581794,core_stable,False,True,False
9934,12.303581,core_stable,False,True,False
9935,12.331426,core_stable,False,True,False
9936,12.320624,core_stable,False,True,False
9937,12.311262,core_stable,False,True,False
9938,12.393599,core_stable,False,True,False
9939,12.240928,core_stable,False,True,False
9940,13.774203,branch_miss,False,True,False
9941,12.259412,core_stable,False,True,False
9942,12.34871,core_stable,False,True,False
9943,12.651551,core_stable,False,True,False
9944,13.010981,cache_memory_jitter,False,True,False
9945,12.24773,core_stable,False,True,False
9946,13.64196,branch_miss,False,True,False
9947,13.976173,branch_miss,False,True,False
9948,12.310062,core_stable,False,True,False
9949,12.287177,core_stable,False,True,False
9950,12.040168,core_stable,False,True,False
9951,12.996268,cache_memory_jitter,False,True,False
9952,12.74118,core_stable,False,True,False
9953,12.028326,core_stable,False,True,False
9954,12.079536,core_stable,False,True,False
9955,12.729843,core_stable,False,True,False
9956,13.205047,cache_memory_jitter,False,True,False
9957,12.526042,core_stable,False,True,False
9958,12.172274,core_stable,False,True,False
9959,12.396559,core_stable,False,True,False
9960,12.793064,core_stable,False,True,False
9961,12.184437,core_stable,False,True,False
9962,12.325665,core_stable,False,True,False
9963,12.195319,core_stable,False,True,False
9964,13.904041,branch_miss,False,True,False
9965,12.267574,core_stable,False,True,False
9966,12.273895,core_stable,False,True,False
9967,15.008333,interrupt_delay,False,True,False
9968,12.017924,core_stable,False,True,False
9969,17.152587,worst_case_protection_path,False,True,False
9970,12.276135,core_stable,False,True,False
9971,12.497232,core_stable,False,True,False
9972,12.370554,core_stable,False,True,False
9973,12.796666,core_stable,False,True,False
9974,12.638213,core_stable,False,True,False
9975,12.778793,core_stable,False,True,False
9976,12.999771,cache_memory_jitter,False,True,False
9977,12.182597,core_stable,False,True,False
9978,12.558186,core_stable,False,True,False
9979,12.717172,core_stable,False,True,False
9980,12.228526,core_stable,False,True,False
9981,16.895026,worst_case_protection_path,False,True,False
9982,12.086417,core_stable,False,True,False
9983,16.774831,worst_case_protection_path,False,True,False
9984,12.120984,core_stable,False,True,False
9985,12.463621,core_stable,False,True,False
9986,13.446754,cache_memory_jitter,False,True,False
9987,12.527909,core_stable,False,True,False
9988,13.480383,cache_memory_jitter,False,True,False
9989,12.109862,core_stable,False,True,False
9990,14.056721,branch_miss,False,True,False
9991,13.224664,cache_memory_jitter,False,True,False
9992,12.359752,core_stable,False,True,False
9993,12.278776,core_stable,False,True,False
9994,12.540047,core_stable,False,True,False
9995,12.618073,core_stable,False,True,False
9996,12.660887,core_stable,False,True,False
9997,12.736245,core_stable,False,True,False
9998,12.325185,core_stable,False,True,False
9999,15.297043,interrupt_delay,False,True,False
10000,13.81628,branch_miss,False,True,False
